event_id,time_s,lat,lon,peak_mag,peak_vertical,peak_mag_g,peak_vertical_g,peak_gyro_mag,speed_mean,event_duration,vert_jrk,level,num_peaks_accel,num_peaks_gyro,peak_interval_mean,peak_interval_std,asymmetry_score,vertical_energy,gyro_energy,accel_to_gyro_ratio,local_duration,top2_peak_ratio,duration_above_threshold,max_jerk,peak_to_peak,fft_high_low_ratio,zcr,kurtosis,skewness,gyro_pitch_energy,gyro_roll_energy,gyro_yaw_energy,gyro_pitch_roll_ratio,trip_id,suggested_label,suggested_raw_label,suggested_kind,suggestion_confidence,suggestion_rule,suggestion_reason,needs_review,speed_factor,score,priority
0,1775972269.39,-6.8979053,109.4069794,55.087761,-29.96936525958101,5.617388302835321,-3.0560247647852234,1.9913204712302401,12.110078,0.1099998950958252,32.764293365299935,normal,1,5,0.0,0.0,0.12025562003704522,12324.76799143917,308.3000063124243,39.97654135294758,0.1,0.0,0.1099998950958252,3276.432461179481,52.86274108540738,6.483026541394053,0.4975124378109453,1.333360551999835,-0.31977752650547236,100.70336250340102,167.48700280887851,40.10964100014474,0.6012607558393896,178e7720-4939-4df4-b9af-2a0a7e15ece3,Non-Event,Non-Event,condition_like,0.9762805282473007,ML_Ensemble(RF+XGB),Dipelajari dari data (Confidence: 98%),False,1.0,0.19224536710864484,low
1,1775972285.1633332,-6.8968191,109.4070534,79.840688,-35.02120494418458,8.141484400891233,-3.57116904796078,5.1228357685014,11.824939,0.09999990463256836,45.52670951518661,candidate,2,5,0.4200000762939453,0.0,0.33539106447752753,24869.976248907056,452.3642301379657,54.97776910067412,0.4200000762939453,0.9353009563049122,0.09999990463256836,5934.064906739233,64.02676311414938,15.397586848879106,0.485,1.1116498085486555,-0.12812877632624012,111.04702199440752,285.6612113304951,55.655996813063055,0.38873678749893387,178e7720-4939-4df4-b9af-2a0a7e15ece3,Non-Event,Non-Event,condition_like,0.9435867838254051,ML_Ensemble(RF+XGB),Dipelajari dari data (Confidence: 94%),False,1.0,0.415692240708895,medium
2,1775972289.52,-6.8957427,109.4071277,62.54884,-41.346257670562565,6.378206625096236,-4.216144929263568,5.861345685907909,9.986261,0.1099998950958252,43.7432794185428,candidate,1,4,0.0,0.0,0.2230887361870297,17430.194882480988,429.9015389848967,40.54462071267143,0.1,0.0,0.1099998950958252,4374.332113542468,68.10219130365633,9.036243033073477,0.4975124378109453,2.029956592452905,-0.2922316571287807,101.82288013927524,273.78813991651066,54.290518929110746,0.37190391007594903,178e7720-4939-4df4-b9af-2a0a7e15ece3,Speed Bump,Speed Bump,event,0.7228928396233127,ML_Ensemble(RF+XGB),Dipelajari dari data (Confidence: 72%),True,1.0,0.5318608524471284,high
3,1775972291.63,-6.8957427,109.4071277,53.88337,-32.528514910399366,5.4945745998888516,-3.3169854038228515,2.1896480282941595,9.986261,0.039999961853027344,41.31493603286183,normal,1,3,0.0,0.0,0.11044113005412436,13526.084862521464,304.94277094392623,44.35614189605609,0.1,0.0,0.039999961853027344,4131.497543389279,53.66029827892784,16.237846388327846,0.5522388059701493,1.5731957977544502,-0.821879324004474,85.37143406158842,173.7442282643442,45.8271086179936,0.4913627026524118,178e7720-4939-4df4-b9af-2a0a7e15ece3,Non-Event,Non-Event,condition_like,0.9246469273878858,ML_Ensemble(RF+XGB),Dipelajari dari data (Confidence: 92%),False,1.0,0.26125252876508287,low
4,1775972295.4,-6.8957427,109.4071277,36.708763,-30.391186655734995,3.743252078946429,-3.0990385764491437,1.474594439371382,9.986261,0.0,32.48561562422667,normal,0,3,0.0,0.0,0.14208234939325767,12859.293573783205,282.9751127936697,45.44319605136553,0.0,0.0,0.0,4193.427014349594,58.787055862516155,18.977814120687594,0.48258706467661694,1.404027769286352,-0.5366534563287557,80.60679311157173,154.48675688103634,47.88156280106172,0.5217715370377802,178e7720-4939-4df4-b9af-2a0a7e15ece3,Non-Event,Non-Event,condition_like,0.9497056485328799,ML_Ensemble(RF+XGB),Dipelajari dari data (Confidence: 95%),False,1.0,0.17229431986050653,low
5,1775972312.12,-6.8940283,109.4072067,86.163445,-37.77345440058068,8.7862261832532,-3.8518203872454593,1.1466919319830415,5.6856217,0.18999981880187988,46.46273982870768,normal,2,4,0.3399999141693115,0.0,0.1325589737305759,8438.032108606505,245.0904952311633,34.42823054488397,0.3399999141693115,0.5781787250290124,0.18999981880187988,4646.278413907158,59.4078667575658,5.779222816576161,0.35323383084577115,6.31186155249242,-0.9644247557767649,66.50006541476353,131.49523879509422,47.095191021305524,0.5057222262827835,178e7720-4939-4df4-b9af-2a0a7e15ece3,Non-Event,Non-Event,condition_like,0.8733526311267136,ML_Ensemble(RF+XGB),Dipelajari dari data (Confidence: 87%),False,1.0,0.3351219083254202,medium
6,1775972418.47,-6.8941433,109.4176217,75.790715,-37.729136469666166,7.728502087868947,-3.847301215977543,2.112057825746463,9.365886,0.20999979972839355,43.60667736066933,normal,2,4,0.1699998378753662,0.0,0.5811812960704145,10006.31211901256,214.31176700731635,46.690446409228244,0.1699998378753662,0.9363802581500579,0.20999979972839355,4360.671894727721,62.69917768418067,17.788466474485826,0.5422885572139303,5.427008147537514,-0.32188899921858083,53.10009097230847,132.5085410156356,28.703135019372347,0.4007295693136736,178e7720-4939-4df4-b9af-2a0a7e15ece3,Non-Event,Non-Event,condition_like,0.8735711251676472,ML_Ensemble(RF+XGB),Dipelajari dari data (Confidence: 87%),False,1.0,0.3586026861033742,medium
7,1775972955.07,-6.8921375,109.4433722,76.310745,-38.39129633159932,7.7815303900924375,-3.914822730657189,2.3548094723883715,14.374064,0.04999995231628418,36.14954933603177,normal,2,4,0.8899998664855957,0.0,0.00023389732635972633,9694.685811583662,198.68283557060312,48.7947825736754,0.8899998664855957,0.9734656182203657,0.04999995231628418,3614.95838109614,61.06019999365595,8.219686343711977,0.5223880597014925,4.269856381217197,-1.6855643274115009,54.10501614701201,121.18176066385347,23.39605875973764,0.4464782109464138,178e7720-4939-4df4-b9af-2a0a7e15ece3,Speed Bump,Speed Bump,event,0.7426057629925864,ML_Ensemble(RF+XGB),Dipelajari dari data (Confidence: 74%),True,1.0,0.33996555288868463,medium
8,1775972966.12,-6.8922577,109.4448662,50.24565,-34.65875531662826,5.123630393661444,-3.5342094718000805,1.897592157635236,18.682701,0.019999980926513672,42.79464859003137,normal,1,4,0.0,0.0,0.21047877372685322,8627.066989941892,215.06268697233503,40.11419680131427,0.1,0.0,0.019999980926513672,4279.468940222753,54.57860604342228,6.354639253024046,0.48756218905472637,3.0556751962344846,-1.142821871381265,52.18726321284163,134.17172380612433,28.70369995336905,0.3889587264995755,178e7720-4939-4df4-b9af-2a0a7e15ece3,Pothole,Pothole,event,0.7621995690881815,ML_Ensemble(RF+XGB),Dipelajari dari data (Confidence: 76%),True,1.0,0.28753331989411307,low
9,1775973032.32,-6.8934909,109.4529924,83.436745,-38.79313580891263,8.50818016346051,-3.955798953660285,2.1151312822730413,9.682491,0.1099998950958252,39.35475707175135,normal,1,4,0.0,0.0,0.05054305878630664,13263.624000700434,231.91381743487747,57.19203836240972,0.1,0.0,0.1099998950958252,3935.479460340819,59.492470449233586,10.413291429653642,0.4427860696517413,2.5976677787980353,-0.986246732878094,53.92073295893387,150.83692717453886,27.156157301404757,0.35747700255828757,178e7720-4939-4df4-b9af-2a0a7e15ece3,Non-Event,Non-Event,condition_like,0.9506133875960567,ML_Ensemble(RF+XGB),Dipelajari dari data (Confidence: 95%),False,1.0,0.35330673482950226,medium
10,1775973054.02,-6.8917017,109.4536683,78.95295,-43.20919223330364,8.050960317743572,-4.40611138699797,2.4074347069287256,9.072494,0.3599996566772461,38.35122860682222,normal,2,2,0.15000009536743164,0.0,0.062485537370668726,14021.225339297707,260.73528436414074,53.77571094650952,0.15000009536743164,0.8386412583903072,0.3599996566772461,3835.1265181438825,73.34161756239851,4.235933553999881,0.4577114427860697,4.785431573698218,-0.29283752174651784,68.57613293807957,151.2719445949745,40.88720683108669,0.45333014438572655,178e7720-4939-4df4-b9af-2a0a7e15ece3,Non-Event,Non-Event,condition_like,0.9763901375807249,ML_Ensemble(RF+XGB),Dipelajari dari data (Confidence: 98%),False,1.0,0.4460019345541872,medium
11,1775973066.455,-6.8910533,109.4538383,84.00328049999999,37.080412814198816,8.565950706918263,3.7811498130553063,3.1671792116391204,7.441339,0.20999979972839355,46.16161248003495,normal,2,4,0.15999984741210938,0.0,0.13687007203474233,18194.05255494867,487.140029127704,37.348711725002545,0.15999984741210938,0.8817086336910362,0.20999979972839355,4616.165650322116,72.29859992223302,10.357043233678215,0.48,2.9442388962787547,0.35557264884394346,133.09615946369857,252.7856908872595,101.25817877674592,0.5265177727031262,178e7720-4939-4df4-b9af-2a0a7e15ece3,Non-Event,Non-Event,condition_like,0.9484744776104541,ML_Ensemble(RF+XGB),Dipelajari dari data (Confidence: 95%),False,1.0,0.3923671389260127,medium
12,1775973074.27,-6.8903863,109.4539875,50.262844,-42.277150635006144,5.125383693718039,-4.311069594102588,3.1037679757924903,8.041139,0.17999982833862305,46.22105187420465,normal,2,4,0.9900000095367432,0.0,0.21840941530350472,18043.140456480804,425.015119454411,42.452937761813565,0.9900000095367432,0.8275880025446857,0.17999982833862305,6162.699379779377,74.38057022261873,2.925388048076429,0.4427860696517413,2.4782998163119085,1.1576877416339686,129.46681927699075,242.17916313512129,53.369137042298945,0.5345910732632478,178e7720-4939-4df4-b9af-2a0a7e15ece3,Non-Event,Non-Event,condition_like,0.8528796821956379,ML_Ensemble(RF+XGB),Dipelajari dari data (Confidence: 85%),False,1.0,0.4676895316812168,medium
13,1775973087.16,-6.8897539,109.4541563,44.95733,-29.875341140164068,4.584371829319901,-3.0464369728871805,5.422519734533591,8.796218,0.3599996566772461,38.08702210562778,candidate,2,3,0.15999984741210938,0.0,0.24295306733436534,11495.4652763383,326.68460016577694,35.188267935851975,0.15999984741210938,0.8583339968516813,0.3599996566772461,3808.705842827719,49.74944072390503,5.1704867495437,0.43781094527363185,2.7073222574950657,-0.5566564359703722,108.81309467092896,178.46752293853743,39.403982556310574,0.6097080985356371,178e7720-4939-4df4-b9af-2a0a7e15ece3,Non-Event,Non-Event,condition_like,0.8873343270515082,ML_Ensemble(RF+XGB),Dipelajari dari data (Confidence: 89%),False,1.0,0.3416729183537496,medium
14,1775973100.2649999,-6.8890621,109.454337,82.30194,-41.641728520647185,8.392462257753667,-4.2462745708929335,3.4452133200245383,7.7601833,0.12999987602233887,44.15747782532936,normal,2,4,0.29000020027160645,0.0,0.2678478259373402,16583.55658900978,320.6827112282222,51.71328530241337,0.29000020027160645,0.9737127134188767,0.12999987602233887,4415.7519937222,73.27690898055991,16.99283447831486,0.52,3.094608153211441,0.3371880184585014,84.73527481652351,187.36410172002888,48.58333469166978,0.4522492493833797,178e7720-4939-4df4-b9af-2a0a7e15ece3,Speed Bump,Speed Bump,event,0.7078636368101188,ML_Ensemble(RF+XGB),Dipelajari dari data (Confidence: 71%),True,1.0,0.4587232130875312,medium
15,1775973105.37,-6.888273,109.4544477,38.387764,-31.5387278952374,3.9144625330770446,-3.216055217147283,0.9051162020333359,8.49295,0.059999942779541016,39.160076699817445,normal,1,3,0.0,0.0,0.27126741769592894,6550.5077946749325,122.22357759313587,53.594469005694876,0.1,0.0,0.059999942779541016,3916.011404581244,45.495042234954525,4.9593596739409485,0.48756218905472637,4.020833883853386,-1.1275453771609438,41.411214703504996,60.31778133037106,20.494581559259807,0.6865506837882155,178e7720-4939-4df4-b9af-2a0a7e15ece3,Pothole,Pothole,event,0.787205134232839,ML_Ensemble(RF+XGB),Dipelajari dari data (Confidence: 79%),True,1.0,0.1976124073477274,low
16,1775973131.12,-6.8858567,109.4550333,49.4010815,-34.284486543404086,5.037508374419399,-3.4960446781932757,1.357348694203612,8.969035,0.22999978065490723,64.2255370572402,normal,2,3,0.18000006675720215,0.0,0.012455604392168425,13148.674641182228,230.17576137747753,57.12449697296544,0.18000006675720215,0.5295763666799415,0.22999978065490723,6422.559830754377,66.30294314498781,13.209966050414845,0.4925373134328358,3.2791994026852285,0.07668148308816308,82.19630230869632,92.51113632701282,55.468322741768375,0.8885016948623696,178e7720-4939-4df4-b9af-2a0a7e15ece3,Pothole,Pothole,event,0.773473121982774,ML_Ensemble(RF+XGB),Dipelajari dari data (Confidence: 77%),True,1.0,0.3369016417515632,medium
17,1775973135.04,-6.8858567,109.4550333,43.112103,-32.40312405124388,4.3962110404674375,-3.3041990946188435,2.206539614480957,8.969035,0.0,25.896639213840537,normal,0,6,0.0,0.0,0.5587422425103802,12904.175855427864,352.2165069900384,36.63705579578578,0.0,0.0,0.0,4042.3457967411596,62.873397308353475,3.3496078804609883,0.35323383084577115,1.7583218726075973,-0.4617166914342916,76.55905716801921,219.4802232094222,56.177226612597046,0.34881984216932727,178e7720-4939-4df4-b9af-2a0a7e15ece3,Pothole,Pothole,event,0.7830673938592275,ML_Ensemble(RF+XGB),Dipelajari dari data (Confidence: 78%),True,1.0,0.2055033153883269,low
18,1775973146.67,-6.8854233,109.4551017,84.95606,-32.14681935569938,8.663107177272565,-3.2780632892679336,2.604351609356204,5.1693554,0.029999971389770508,32.352687049708784,normal,1,3,0.0,0.0,0.26757858702901516,10531.286980325998,353.33745011428266,29.805181837120863,0.1,0.0,0.029999971389770508,3235.2717903664916,56.50191019910862,6.551222935635004,0.5074626865671642,1.9583742116447072,-0.3803336875844476,98.78907969299303,217.39566081665654,37.15270960463313,0.4544206580180431,178e7720-4939-4df4-b9af-2a0a7e15ece3,Pothole,Pothole,event,0.8774376459977566,ML_Ensemble(RF+XGB),Dipelajari dari data (Confidence: 88%),False,1.0,0.23861350172199225,low
19,1775973170.46,-6.8846582,109.4547392,84.83046,-34.395284971111344,8.650299541637564,-3.5073429735038313,3.9681443754294263,7.8310566,0.20999979972839355,39.610497497387485,normal,2,4,0.25999999046325684,0.0,0.1764342453086675,11105.220166347613,348.5931580622243,31.857252150967536,0.25999999046325684,0.8877024649365135,0.20999979972839355,3961.053527293763,56.22833821509319,10.807712616371337,0.43283582089552236,3.8039359711302545,-0.827532274408666,105.44265830446818,206.40775505075692,36.742744706999254,0.5108463960944336,178e7720-4939-4df4-b9af-2a0a7e15ece3,Pothole,Pothole,event,0.7926161052976918,ML_Ensemble(RF+XGB),Dipelajari dari data (Confidence: 79%),True,1.0,0.3561579018441434,medium
20,1775973177.36,-6.8846569,109.4540429,58.19514,-32.084603116915666,5.934252777452036,-3.2717189985281077,2.6286828571132825,6.7403836,0.1399998664855957,47.691776451390865,normal,1,5,0.0,0.0,0.1483794080950383,12022.94412313609,276.07504507006604,43.54955036423229,0.1,0.0,0.1399998664855957,4769.1821933856545,51.44567724043461,11.636289961502166,0.48756218905472637,2.250091022212314,-0.4279887137928636,69.97726158941808,172.79339503873885,33.30438844190912,0.4049764817037901,178e7720-4939-4df4-b9af-2a0a7e15ece3,Non-Event,Non-Event,condition_like,0.9222553201199332,ML_Ensemble(RF+XGB),Dipelajari dari data (Confidence: 92%),False,1.0,0.2978531898407148,low
21,1775973193.71,-6.8847364,109.452663,69.46726,-41.279428264237566,7.083689129315312,-4.209330226350239,3.7625887292261972,7.58755,0.07999992370605469,50.15008342863074,normal,1,3,0.0,0.0,0.23779439261095536,14131.326415207506,382.32918055833403,36.961150487152686,0.1,0.0,0.07999992370605469,5015.013125552288,66.58420740701749,5.541456615620402,0.5223880597014925,4.67854928043988,-1.3347923182413906,94.3341018582522,226.20302255946297,61.79205614061887,0.417032895377962,178e7720-4939-4df4-b9af-2a0a7e15ece3,Non-Event,Non-Event,condition_like,0.8551901736189595,ML_Ensemble(RF+XGB),Dipelajari dari data (Confidence: 86%),False,1.0,0.4799860973001323,medium
22,1775973197.84,-6.8847364,109.45266299999999,78.14529499999999,-33.561099346010785,7.968602427944303,-3.4222797128490146,3.648732408423678,7.58755,0.04999995231628418,56.725211241687155,normal,1,3,0.0,0.0,0.012638966620209273,21431.9210488696,464.8603609744864,46.103997677577595,0.1,0.0,0.04999995231628418,5672.52653391158,61.77304533077447,13.413045545366458,0.5373134328358209,0.23175158927797268,-0.274933618656301,127.39558861024747,265.95051674680064,71.51425561743824,0.4790198932101159,178e7720-4939-4df4-b9af-2a0a7e15ece3,Non-Event,Non-Event,condition_like,0.873381528332702,ML_Ensemble(RF+XGB),Dipelajari dari data (Confidence: 87%),False,1.0,0.37780040443748664,medium
23,1775973212.92,-6.884681,109.4522062,80.133117,-45.73105129744892,8.171303860135724,-4.663269444453399,3.1279107910859905,2.4447591,0.12999987602233887,37.29945304244566,normal,1,4,0.0,0.0,0.18827700448867146,11566.543773729258,263.870257484235,43.83420791782907,0.1,0.0,0.12999987602233887,3729.948861400997,75.08610526700448,7.6582423830852155,0.472636815920398,8.011274813683041,-0.28290328206422555,65.74367673426512,121.61783411140792,76.50874663856206,0.5405759498517687,178e7720-4939-4df4-b9af-2a0a7e15ece3,Non-Event,Non-Event,condition_like,0.9073557544744351,ML_Ensemble(RF+XGB),Dipelajari dari data (Confidence: 91%),False,1.0,0.4878356105473705,medium
24,1775973269.39,-6.8833,109.448115,69.88611,-36.23293258975249,7.126399942895893,-3.6947308805506967,4.161833768752217,7.2416267,0.25999975204467773,52.854589231580725,candidate,2,3,0.4099998474121094,0.0,0.3354498581126339,14465.073092532628,298.73976061813426,48.42031410275639,0.4099998474121094,0.8380339889987427,0.25999975204467773,5285.463963769305,63.32876115082513,31.678050284612212,0.472636815920398,2.6913944650156543,-0.42112205528638874,72.33282317896845,200.1332943482711,26.273643090894737,0.3614232357144531,178e7720-4939-4df4-b9af-2a0a7e15ece3,Non-Event,Non-Event,condition_like,0.9485254707199775,ML_Ensemble(RF+XGB),Dipelajari dari data (Confidence: 95%),False,1.0,0.438619369882965,medium
25,1775973279.85,-6.8830933,109.4474333,58.74172,-29.599309829096992,5.989988426220983,-3.0182896125687155,0.38677222463615457,7.538107,0.019999980926513672,33.06404189394847,normal,1,5,0.0,0.0,0.22826499068132877,9874.086871317057,251.8620484244824,39.20434576737483,0.1,0.0,0.019999980926513672,3306.4073426306095,54.48432422392574,9.970769133307074,0.43781094527363185,1.5440149149506972,-0.09547154991446107,81.46138871877139,139.82908589462025,30.571573811090758,0.5825782784390443,178e7720-4939-4df4-b9af-2a0a7e15ece3,Non-Event,Non-Event,condition_like,0.8416886395750345,ML_Ensemble(RF+XGB),Dipelajari dari data (Confidence: 84%),False,1.0,0.1273493209224959,low
26,1775973391.11,-6.8769719,109.4488576,53.5199615,32.45692036924509,5.457517245950452,3.3096847923852786,0.7136453062016522,11.390678,0.11999988555908203,30.470253536486467,normal,2,4,0.28999996185302734,0.0,0.3137078169350174,14419.981268751671,201.50156684885854,71.56262565444528,0.28999996185302734,0.7440663688703313,0.11999988555908203,3047.0282595212393,50.421162726584974,0.4662130676908947,0.27860696517412936,1.4127792656367628,0.9315434699750279,43.45358268211706,118.48601097506393,39.56197319167757,0.36674019116503065,cc249e1a-62c0-4274-812f-0019a041760e,Non-Event,Non-Event,condition_like,0.9094751598276233,ML_Ensemble(RF+XGB),Dipelajari dari data (Confidence: 91%),False,1.0,0.18080839893639955,low
27,1775973393.88,-6.8769719,109.4488576,66.56996,-41.78831484777472,6.788246750929217,-4.261222216330217,1.6837688572495633,11.390678,0.07999992370605469,45.16346799314558,normal,2,5,0.3399999141693115,0.0,0.06654340779813835,15566.79931105861,520.3391824661617,29.916638618992142,0.3399999141693115,0.899279076374372,0.07999992370605469,4516.351106442612,61.596737718265196,4.8096835177294,0.40298507462686567,2.6465014793766146,-0.9157535612609622,92.38467420261216,339.9722530356784,87.98225522787104,0.27174180570899426,cc249e1a-62c0-4274-812f-0019a041760e,Non-Event,Non-Event,condition_like,0.9543495833873749,ML_Ensemble(RF+XGB),Dipelajari dari data (Confidence: 95%),False,1.0,0.40185384861295737,medium
28,1775973396.645,-6.8762668,109.4488726,76.218735,-32.82974321161727,7.772147981216827,-3.347702142078821,2.2787281831265025,5.8539505,0.1699998378753662,45.507344188808645,normal,2,3,0.2200000286102295,0.0,0.48217458227603605,11185.258163582514,215.82224888098733,51.826251323718914,0.2200000286102295,0.6106119567336653,0.1699998378753662,4550.738758803539,53.735133570363665,30.172333771936756,0.505,5.034437202289023,-0.8338171796301018,60.029767918414215,103.60576193000767,52.186719032565456,0.5794056838225126,cc249e1a-62c0-4274-812f-0019a041760e,Pothole,Pothole,event,0.8394579349358877,ML_Ensemble(RF+XGB),Dipelajari dari data (Confidence: 84%),False,1.0,0.2925540625527212,low
29,1775973405.67,-6.8762668,109.4488726,73.20850999999999,36.40046318092977,7.4651904574956784,3.7118142465500217,2.5283653492137965,5.8539505,0.19999980926513672,59.54349546088295,normal,3,3,0.5349999666213989,0.24500000476837158,0.13450236778120586,27638.734463530585,760.0971492174614,36.362107732706576,1.0699999332427979,0.9785558228337896,0.19999980926513672,5954.3552246039435,74.01833948967061,16.191332393754813,0.4975124378109453,1.5343348344337109,0.23316250429711352,154.3472396430538,483.04070266680577,122.70920690760177,0.3195325745250657,cc249e1a-62c0-4274-812f-0019a041760e,Pothole,Pothole,event,0.7478390589555104,ML_Ensemble(RF+XGB),Dipelajari dari data (Confidence: 75%),True,1.0,0.40452928585412495,medium
30,1775973406.54,-6.8754347,109.4488971,55.362736,-37.61787630874085,5.6454279494016815,-3.8359558369821345,3.6839841454259816,9.097576,0.1099998950958252,53.40347633844548,normal,2,3,0.7799999713897705,0.0,0.09380895346332742,31055.114367113543,796.527085158353,38.98814604898402,0.7799999713897705,0.9785558228337896,0.1099998950958252,5954.3552246039435,69.35700085314329,13.337819534093256,0.472636815920398,0.5526225890357415,0.15230445667612458,187.9776830795699,493.2772184474612,115.27218363132187,0.38107918968999005,cc249e1a-62c0-4274-812f-0019a041760e,Non-Event,Non-Event,condition_like,0.9604474523739936,ML_Ensemble(RF+XGB),Dipelajari dari data (Confidence: 96%),False,1.0,0.43445442698852477,medium
31,1775973408.82,-6.8754347,109.4488971,46.3691,-29.539449555182266,4.728332305119486,-3.012185563386301,1.7693861644384614,9.097576,0.059999942779541016,47.13149377838928,normal,2,5,0.9300000667572021,0.0,0.11721285995448875,14529.350385699516,330.25208473481837,43.99472709875967,0.9300000667572021,0.886844836422293,0.059999942779541016,4713.153872652725,57.75097792887633,25.67786530460145,0.5174129353233831,1.3279817423848925,0.012714951412098469,105.75801301080492,166.26133721159988,58.232734512413565,0.6360950425901618,cc249e1a-62c0-4274-812f-0019a041760e,Non-Event,Non-Event,condition_like,0.9921248404307415,ML_Ensemble(RF+XGB),Dipelajari dari data (Confidence: 99%),False,1.0,0.22241234829232367,low
32,1775973411.9850001,-6.8754347,109.4488971,85.29757,-45.76299277295962,8.697931505661973,-4.6665265684978685,3.6257203574341608,9.097576,0.04999995231628418,60.669233873978364,normal,1,3,0.0,0.0,0.3890445607755821,21121.052449943432,348.4483706426229,60.614582155676416,0.1,0.0,0.04999995231628418,6066.929173272369,72.13780240347548,49.986896331001944,0.53,2.2009366568589828,-0.8751547585932111,83.00200168111408,220.20159594461828,45.244773016890555,0.37693642022945667,cc249e1a-62c0-4274-812f-0019a041760e,Speed Bump,Speed Bump,event,0.7714282546899258,ML_Ensemble(RF+XGB),Dipelajari dari data (Confidence: 77%),True,1.0,0.574586326946207,high
33,1775973436.32,-6.873633,109.4489066,71.009466,-34.86195511913954,7.240950375510496,-3.554930085109547,0.7409232017463923,8.892408,0.14999985694885254,52.90201910059986,normal,2,1,0.5099999904632568,0.0,0.1699959509182414,13641.180010860786,349.8488651996673,38.991637043280946,0.5099999904632568,0.6143001504112882,0.14999985694885254,5290.206955194488,65.38381834309996,10.389732018778274,0.48258706467661694,1.9638094682231797,-0.10216449536797119,116.08232099208121,189.81337821807165,43.953165989514446,0.6115602676180021,cc249e1a-62c0-4274-812f-0019a041760e,Non-Event,Non-Event,condition_like,0.9166177023659405,ML_Ensemble(RF+XGB),Dipelajari dari data (Confidence: 92%),False,1.0,0.29552700576447527,low
34,1775973437.5149999,-6.8735337,109.4494394,59.475257,-35.53514956029048,6.064788383392902,-3.62357681372237,2.6061986328232334,7.445923,0.17999982833862305,44.725543225705565,normal,2,3,0.2799999713897705,0.0,0.24464137633657834,14557.27203330876,295.70777126512144,49.22857428399687,0.2799999713897705,0.7875518986268824,0.17999982833862305,4472.55858793481,59.956574514672866,5.324275576948512,0.455,2.4168860259277123,-0.5428725460045075,74.25256692887551,165.986314526812,55.46888980943396,0.44734149735904816,cc249e1a-62c0-4274-812f-0019a041760e,Non-Event,Non-Event,condition_like,0.9187473492939857,ML_Ensemble(RF+XGB),Dipelajari dari data (Confidence: 92%),False,1.0,0.34299494103021183,medium
35,1775973440.18,-6.8735337,109.4494394,72.335526,48.88462852025769,7.376170863648647,4.984844826751,4.351568710545375,7.445923,0.039999961853027344,49.758646493779715,candidate,1,5,0.0,0.0,0.060271178244428805,35849.41430362515,745.0274476032923,48.11824634224185,0.1,0.0,0.039999961853027344,4975.869394736815,92.23410673829356,1.799087258224091,0.39800995024875624,1.345909938067547,0.2868989931076769,121.76901435274719,535.0813666989573,88.17706655158801,0.22757102321913739,cc249e1a-62c0-4274-812f-0019a041760e,Non-Event,Non-Event,condition_like,0.9260060702671498,ML_Ensemble(RF+XGB),Dipelajari dari data (Confidence: 93%),False,1.0,0.6116411664824052,high
36,1775973445.46,-6.8735337,109.4494394,78.99120500000001,-33.5424036695083,8.05486124211632,-3.420373284404797,1.8336048820082673,7.445923,0.06999993324279785,49.55802652384392,normal,1,5,0.0,0.0,0.18935747936219302,13857.532834768757,378.45594356116874,36.615973494185674,0.1,0.0,0.06999993324279785,4955.807378610606,60.66873855731172,4.346991645890872,0.35323383084577115,2.347754039229841,0.03979644539955059,84.67186121666325,223.5652920285346,70.21879031597088,0.37873437361252765,cc249e1a-62c0-4274-812f-0019a041760e,Pothole,Pothole,event,0.7579897297738672,ML_Ensemble(RF+XGB),Dipelajari dari data (Confidence: 76%),True,1.0,0.2946195721336847,low
37,1775973448.93,-6.873567,109.4500879,70.57325,29.738560688108976,7.196468722754458,3.032489248429278,2.19258862837543,6.680509,0.059999942779541016,37.22261184803273,normal,1,4,0.0,0.0,0.1570417306987394,14675.538855368482,243.60041174781506,60.2443103023852,0.1,0.0,0.059999942779541016,3722.264734631549,49.105598612635006,13.682823654077547,0.4626865671641791,0.9118367855282754,0.6140159183420635,79.38587359538883,134.17968109090577,30.03485706152046,0.5916385577781104,cc249e1a-62c0-4274-812f-0019a041760e,Non-Event,Non-Event,condition_like,0.9714399542869836,ML_Ensemble(RF+XGB),Dipelajari dari data (Confidence: 97%),False,1.0,0.20653504341214737,low
38,1775973456.18,-6.873567,109.45008790000001,36.19440533333333,-32.448844729919195,3.6908021937494793,-3.3088613063502006,1.7806036114795565,6.680509,0.1699998378753662,46.804229447641085,normal,2,5,0.20000004768371582,0.0,0.5853626488462935,11048.144103630944,229.21106466598755,48.200744896542616,0.20000004768371582,0.9174410950246391,0.1699998378753662,4680.427408367517,52.85835005558702,5.088867367202248,0.47761194029850745,2.3118227530904463,-0.9567939942868453,60.47178623583115,133.69907332059475,35.04020510956161,0.4522977181639035,cc249e1a-62c0-4274-812f-0019a041760e,Non-Event,Non-Event,condition_like,0.8274549789490016,ML_Ensemble(RF+XGB),Dipelajari dari data (Confidence: 83%),False,1.0,0.2744467356679714,low
39,1775973457.94,-6.8735797,109.4508969,67.8656725,-32.08724373649949,6.920372655290033,-3.2719882667883007,4.063521368794328,9.255978,0.15999984741210938,51.835029268288324,candidate,1,4,0.0,0.0,0.21510766825024014,23000.951882577883,520.041587280466,44.22906244600794,0.1,0.0,0.15999984741210938,5183.507870207157,61.077747208784345,13.275656286631076,0.4577114427860697,0.6028912688393104,-0.399559198052566,114.17032337325138,342.8707293847758,63.000534522438805,0.33298358026982167,cc249e1a-62c0-4274-812f-0019a041760e,Non-Event,Non-Event,condition_like,0.9382028293988061,ML_Ensemble(RF+XGB),Dipelajari dari data (Confidence: 94%),False,1.0,0.36103237176159203,medium
40,1775973462.14,-6.8735797,109.4508969,59.44285,-43.26972396159312,6.061483789061505,-4.412283905471606,0.9698573782069712,9.255978,0.14999985694885254,53.86398523379545,normal,3,4,0.26499998569488525,0.004999995231628418,0.034922817569741714,16578.962390355664,481.7383453772816,34.414869638323474,0.5299999713897705,0.6877937051908039,0.14999985694885254,5386.403660254373,68.788318067835,18.251122948804824,0.4577114427860697,2.6560393774586233,-0.38547069177949345,186.57901365854863,195.50998740892993,99.64934430980303,0.9543195985889927,cc249e1a-62c0-4274-812f-0019a041760e,Non-Event,Non-Event,condition_like,0.9272135129647376,ML_Ensemble(RF+XGB),Dipelajari dari data (Confidence: 93%),False,1.0,0.43496777181145535,medium
41,1775973469.6959999,-6.8736433,109.451615,83.252914,-40.215463706917475,8.489434618345715,-4.10083603543692,4.449629758421621,8.667922,0.0,55.795034265793106,candidate,0,4,0.0,0.0,0.46239821444921714,31409.85562567726,693.368102572327,45.3004045958408,0.0,0.0,0.0,5579.508747613501,67.71696968759962,18.46529103878421,0.52,0.1869753334612123,-0.1888185687343336,131.48502157763727,468.08130611139546,93.80177488329417,0.28090209880213407,cc249e1a-62c0-4274-812f-0019a041760e,Non-Event,Non-Event,condition_like,0.8474610483835614,ML_Ensemble(RF+XGB),Dipelajari dari data (Confidence: 85%),False,1.0,0.4994298448155692,medium
42,1775973484.01,-6.8736917,109.45215,72.35964,-36.32971073164198,7.3786298073246215,-3.704599504585356,6.033391928433438,4.4909515,0.14999985694885254,44.346276563175024,candidate,2,3,0.1700000762939453,0.0,0.15901410065207686,14795.226629152867,408.2003248443225,36.24501425507289,0.1700000762939453,0.9454895698475718,0.14999985694885254,4434.631885512034,65.16632087529425,7.148016617638313,0.4577114427860697,2.3339220937180523,-0.16232987857747122,96.48374784830732,249.347899056163,62.36867793985227,0.38694429681010095,cc249e1a-62c0-4274-812f-0019a041760e,Non-Event,Non-Event,condition_like,0.836288944657469,ML_Ensemble(RF+XGB),Dipelajari dari data (Confidence: 84%),False,1.0,0.46476083683621744,medium
43,1775973487.02,-6.8729683,109.4523,97.456395,-43.67479232447007,9.93778660398811,-4.453589383170611,1.1574387909369659,8.617479,0.3299996852874756,59.47442902909689,normal,2,3,0.16000008583068848,0.0,0.33862116949724613,21537.69234987098,649.0404317882585,33.183899279349504,0.16000008583068848,0.7749810605324556,0.3299996852874756,5947.448574838643,77.7485294537716,22.29329391651855,0.472636815920398,3.365250109957853,-0.3201002703305585,164.2686435586253,346.8156098722726,137.95617835736053,0.47364835494421614,cc249e1a-62c0-4274-812f-0019a041760e,Non-Event,Non-Event,condition_like,0.604918200083268,ML_Ensemble(RF+XGB)_LOW_CONF,"ML ragu-ragu (Conf: 60%), pakai tebakan terbaik ML",True,1.0,0.4796177736670408,medium
44,1775973494.5955555,-6.8729683,109.4523,73.91442,-48.75987249560872,7.537173244686005,-4.972123252650877,3.3330591984924314,8.617479,0.019999980926513672,40.17916958111178,normal,1,5,0.0,0.0,0.5232073577786426,38887.00214537505,600.8719929587446,64.7176146273261,0.1,0.0,0.019999980926513672,5667.777304123865,81.73324941573694,17.274971334284306,0.46,0.21008838607257152,-0.19919572086771917,117.19923380625244,406.50387305669864,77.1688860957936,0.28831025061745325,cc249e1a-62c0-4274-812f-0019a041760e,Non-Event,Normal,condition_like,0.92,R6,amplitudo rendah + tidak ada struktur event → Non-Event,False,1.0,0.5423510250205738,high
45,1775973499.652,-6.8722733,109.4524,84.04917999999999,-36.17188002802607,8.570631153350023,-3.68850525184707,2.891146252175338,6.5369720000000004,0.0,42.53509705827863,normal,0,5,0.0,0.0,0.5688680519867121,20120.333171812883,392.58884871464005,51.250393857180846,0.0,0.0,0.0,4254.256139771417,66.25492147782943,5.111387712427443,0.46,0.8326000014907846,-0.6255153309061181,89.7158752546564,235.44608061967884,67.42689284030484,0.38104637222027077,cc249e1a-62c0-4274-812f-0019a041760e,Non-Event,Non-Event,condition_like,0.6564862103590308,ML_Ensemble(RF+XGB),Dipelajari dari data (Confidence: 66%),True,1.0,0.34143098637716723,medium
46,1775973532.47,-6.8702833,109.4526067,64.18277,-30.09393504605312,6.544821116283339,-3.0687273478765045,1.9457857420348854,9.308237,0.12999987602233887,38.195481215686264,normal,2,3,0.9499998092651367,0.0,0.2615903637167241,12338.261121093157,372.8434549854187,33.092336537014845,0.9499998092651367,0.9222445029970067,0.12999987602233887,3819.5517641770443,51.00281141464224,15.496570008324252,0.6169154228855721,1.2635179710130942,-0.45447583121196045,128.5302180374108,212.25760243106507,32.05563451694279,0.6055388167951005,cc249e1a-62c0-4274-812f-0019a041760e,Non-Event,Non-Event,condition_like,0.7055829723335447,ML_Ensemble(RF+XGB),Dipelajari dari data (Confidence: 71%),True,1.0,0.21223688833660148,low
47,1775973581.43,-6.8655217,109.4530138,89.04688,-31.84332446023128,9.080254725110002,-3.247115422721447,1.8181040688947856,10.531018,0.0,40.213570648613754,normal,0,4,0.0,0.0,0.27441279904219673,12120.977610461636,405.106179934352,29.920495368659548,0.0,0.0,0.0,4021.3608999299827,59.93058380087277,16.135928281274218,0.5024875621890548,2.1284373647917887,-0.5288541039081512,100.84313501880763,253.84716287236927,50.41588204317513,0.39725925427124376,cc249e1a-62c0-4274-812f-0019a041760e,Non-Event,Normal,condition_like,0.92,R6,amplitudo rendah + tidak ada struktur event → Non-Event,False,1.0,0.2317160178667558,low
48,1775973586.2,-6.8655217,109.4530138,70.954315,-49.18567925994165,7.2353265386243,-5.015543458769473,8.156258648505574,10.531018,0.3599996566772461,59.0652024707591,high_conf,2,2,0.2999999523162842,0.0,0.5932269884475596,25073.780526343562,1133.50023679179,22.120666313392785,0.2999999523162842,0.6844304910238993,0.3599996566772461,5906.52587997794,80.40192531351,4.68757886820101,0.46766169154228854,3.6679125748644203,-0.7540888409066578,183.02667694251136,829.5985290143335,120.87503083494498,0.2206207826083649,cc249e1a-62c0-4274-812f-0019a041760e,Non-Event,Non-Event,condition_like,0.4959005450285398,ML_Ensemble(RF+XGB)_LOW_CONF,"ML ragu-ragu (Conf: 50%), pakai tebakan terbaik ML",True,1.0,0.726215501302078,high
49,1775973587.89,-6.8645797,109.4530747,71.01059,-29.722974440985663,7.241064991612834,-3.0308998935401656,2.2087754768621233,9.76029,0.1099998950958252,42.46724362749044,normal,2,3,0.42999982833862305,0.0,0.15273586999834218,14302.565457216013,394.8636029785447,36.22153400087276,0.42999982833862305,0.8415071665465819,0.1099998950958252,4246.72841274486,54.70928452151573,14.358901564130237,0.5373134328358209,1.0713314049718905,0.1687314713343299,105.87160862577969,239.35068349056434,49.64131086220061,0.4423284138548321,cc249e1a-62c0-4274-812f-0019a041760e,Non-Event,Non-Event,condition_like,0.8695310450924767,ML_Ensemble(RF+XGB),Dipelajari dari data (Confidence: 87%),False,1.0,0.22806830415025062,low
50,1775973592.6,-6.8645797,109.4530747,108.83105499999999,-39.8645625551395,11.097679125899262,-4.0650540760748575,3.0178396697700003,9.76029,0.0,42.52958127001895,normal,0,4,0.0,0.0,0.25072945906186833,19627.74360748608,414.80827731447,47.31762752479619,0.0,0.0,0.0,4441.138332950267,70.09030399935753,9.31081893039154,0.4626865671641791,2.4617165501954004,-0.4214097370741607,113.91363110434672,244.16625084305323,56.72839536707005,0.4665412613106289,cc249e1a-62c0-4274-812f-0019a041760e,Non-Event,Normal,condition_like,0.92,R6,amplitudo rendah + tidak ada struktur event → Non-Event,False,1.0,0.4021180379702918,medium
51,1775973595.065,-6.8645797,109.4530747,58.657604,-34.03037386520187,5.981410981323898,-3.4701323964046713,1.88487240329916,9.76029,0.04999995231628418,45.541109711847746,normal,2,5,1.059999942779541,0.0,0.3156241314382815,20974.978438142076,528.2892133832765,39.703590130319455,1.059999942779541,0.9816568230681043,0.04999995231628418,5436.985855927292,63.42392285322646,14.574479414530503,0.52,0.6528909534301781,0.21798487216481602,151.7952021647355,309.89139500066483,66.60261621787627,0.48983354853908195,cc249e1a-62c0-4274-812f-0019a041760e,Non-Event,Non-Event,condition_like,0.8795765280912793,ML_Ensemble(RF+XGB),Dipelajari dari data (Confidence: 88%),False,1.0,0.2889026350338865,low
52,1775973600.98,-6.8637375,109.4531423,90.79588,-35.84122737396953,9.258603090759841,-3.6547880646265067,5.843589770773933,9.3108,0.25999975204467773,38.95267367089924,candidate,2,4,0.26999998092651367,0.0,0.252448187306745,13172.79780326624,341.5060990032818,38.57265742292642,0.26999998092651367,0.5901553206365193,0.25999975204467773,3895.27108190991,65.138488692914,13.990465061711284,0.4577114427860697,2.909484479986034,-0.041746885786290745,101.06113092591839,165.6052346300521,74.83973344731129,0.6102532359042095,cc249e1a-62c0-4274-812f-0019a041760e,Non-Event,Non-Event,condition_like,0.8613774284248097,ML_Ensemble(RF+XGB),Dipelajari dari data (Confidence: 86%),False,1.0,0.44234676235945547,medium
53,1775973604.495,-6.8637375,109.4531423,75.1163475,33.74387607751891,7.6597357405434074,3.4409177524964094,3.636723153435444,9.3108,0.04999995231628418,46.538423609996414,normal,1,3,0.0,0.0,0.005310201692872186,21843.507692117273,852.6990156055895,25.61690264294142,0.1,0.0,0.04999995231628418,4653.846799253806,67.39892287802127,16.392585159214477,0.515,1.1258579292681619,0.22327391069187652,289.3859829312986,409.01695494374803,154.296077730543,0.7075158590029157,cc249e1a-62c0-4274-812f-0019a041760e,Non-Event,Non-Event,condition_like,0.8822755810949536,ML_Ensemble(RF+XGB),Dipelajari dari data (Confidence: 88%),False,1.0,0.3462398431126856,medium
54,1775973607.09,-6.8637375,109.4531423,76.242775,-35.027248780968435,7.774599378992826,-3.5717853477964887,2.9695745025066302,9.3108,0.039999961853027344,40.85196317548315,normal,1,5,0.0,0.0,0.4512359885555146,12604.460970695449,401.98232245520285,31.355759284027567,0.1,0.0,0.039999961853027344,4085.200213498836,56.34267290352595,9.514476961763583,0.5422885572139303,3.334015562190001,-0.895225231558646,141.75703728110443,211.67589830643976,48.54938686765869,0.6696890753532837,cc249e1a-62c0-4274-812f-0019a041760e,Non-Event,Non-Event,condition_like,0.7322124943581838,ML_Ensemble(RF+XGB),Dipelajari dari data (Confidence: 73%),True,1.0,0.32392682664361516,medium
55,1775973607.96,-6.8628874,109.4531937,36.926277,-36.28881481935096,3.7654323341813973,-3.7004292821045883,2.01609637926086,9.207847,0.11999988555908203,35.683689947364314,normal,2,4,1.0400002002716064,0.0,0.15517442442617593,13125.459256405908,280.74401649323215,46.75240944973056,1.0400002002716064,0.8888901967028525,0.11999988555908203,4085.200213498836,57.29280042026191,6.8801375129754305,0.5024875621890548,3.276180884790821,-1.0030962465390512,84.1835491893807,164.91554139106304,31.644925912788437,0.5104646170326194,cc249e1a-62c0-4274-812f-0019a041760e,Non-Event,Non-Event,condition_like,0.9242210551292349,ML_Ensemble(RF+XGB),Dipelajari dari data (Confidence: 92%),False,1.0,0.3002132295325291,medium
56,1775973612.61,-6.8628874,109.4531937,81.353035,-34.45095313521828,8.295700876446086,-3.5130195464524867,2.615756723714239,9.207847,0.20999979972839355,49.17105579735543,normal,2,4,0.6000001430511475,0.0,0.4131331413701321,14680.455415129323,320.88281032871373,45.75020816584221,0.6000001430511475,0.69519368780551,0.20999979972839355,4917.110269057317,61.03788165830829,5.783569477476341,0.4129353233830846,2.1245576628309015,-0.29708342118540637,70.5421274930638,199.518471832838,50.8222110028119,0.3535618857315829,cc249e1a-62c0-4274-812f-0019a041760e,Non-Event,Non-Event,condition_like,0.8709337787741878,ML_Ensemble(RF+XGB),Dipelajari dari data (Confidence: 87%),False,1.0,0.34379832706249525,medium
57,1775973615.795,-6.8628874,109.4531937,63.245023,-42.92013328926071,6.449197534326197,-4.376635577823285,2.4225293141402338,9.207847,0.09999990463256836,58.87532937344223,normal,2,4,0.6500000953674316,0.0,0.19565413038738394,25956.678296850223,447.0503860368864,58.06208662270663,0.6500000953674316,0.9931467428341098,0.09999990463256836,5887.538552138527,78.91493370589497,25.52862567450899,0.395,1.4946582835172801,-0.3805406527712931,96.6953135138125,297.07928806287396,53.27578446019995,0.32548655215526606,cc249e1a-62c0-4274-812f-0019a041760e,Non-Event,Non-Event,condition_like,0.6613299015240791,ML_Ensemble(RF+XGB),Dipelajari dari data (Confidence: 66%),True,1.0,0.4909974045704172,medium
58,1775973622.323,-6.8620682,109.4532436,97.4669,-44.46508776538833,9.938857815869843,-4.534177090585301,5.610379544723446,8.713941000000002,0.0,31.547381457712234,candidate,0,2,0.0,0.0,0.15578565323286353,13258.158332449462,372.20369747458045,35.620705508263306,0.0,0.0,0.0,3685.074449369099,56.903547273699644,9.485167494777132,0.42,1.5982558950798342,0.04951674667371151,152.77940099001563,157.4142291595913,62.01006732497351,0.9705564791386603,cc249e1a-62c0-4274-812f-0019a041760e,Non-Event,Non-Event,condition_like,0.7652619646125369,ML_Ensemble(RF+XGB),Dipelajari dari data (Confidence: 77%),True,1.0,0.5222971532709508,high
59,1775973628.493333,-6.8613509,109.4533128,47.933987,33.369364930865615,4.887906369657325,3.4027282436780775,2.000137481837186,7.970974000000001,0.019999980926513672,48.29273311775413,normal,1,6,0.0,0.0,0.4687285275141228,20807.71888739097,418.7325705300888,49.69214315322445,0.1,0.0,0.019999980926513672,4829.277917333729,65.81696606084765,7.741317000885326,0.45,0.7811842646361367,-0.40087206627052435,131.06270138465192,224.0179864816368,63.651882663800095,0.5850543648661043,cc249e1a-62c0-4274-812f-0019a041760e,Non-Event,Non-Event,condition_like,0.8207196309642186,ML_Ensemble(RF+XGB),Dipelajari dari data (Confidence: 82%),False,1.0,0.28955626157495346,low
60,1775973640.0749998,-6.8605233,109.4533667,98.950645,-37.39148245787171,10.090157699112337,-3.812870088957158,6.27200313395888,9.797223,0.1099998950958252,53.16162573782517,candidate,1,4,0.0,0.0,0.5500978734818837,19601.48423580355,626.3502925657999,31.294763389049734,0.1,0.0,0.1099998950958252,5316.16764367506,66.54666180759271,25.746629993149845,0.5,2.3664030669139198,-0.6798313080200187,165.32707898685427,372.86876586478206,88.15444771416364,0.44339213599729804,cc249e1a-62c0-4274-812f-0019a041760e,Non-Event,Non-Event,condition_like,0.8991755242414673,ML_Ensemble(RF+XGB),Dipelajari dari data (Confidence: 90%),False,1.0,0.5073859246018445,high
61,1775973654.38,-6.8597,109.4534417,90.485478,-44.58154320021237,9.226950895565764,-4.546052240083247,5.745161874745675,9.759648,0.26999974250793457,48.20135816743692,candidate,2,2,0.16000008583068848,0.0,0.32303799027119795,16006.506384014045,597.3823720663502,26.79440690868231,0.16000008583068848,0.7199317885428518,0.26999974250793457,4820.1404135878065,78.74432847951596,6.81096414101221,0.527363184079602,4.550706839230473,-0.36417791636298125,143.11394617779084,367.0528547623128,87.21557112624649,0.38990010275377096,cc249e1a-62c0-4274-812f-0019a041760e,Non-Event,Non-Event,condition_like,0.8216798645192451,ML_Ensemble(RF+XGB),Dipelajari dari data (Confidence: 82%),False,1.0,0.6043344064168945,high
62,1775973669.07,-6.857991,109.4534988,62.448547,-39.52254810993599,6.367979585281416,-4.03017830859019,3.0887544509528837,7.911533,0.18999981880187988,48.906536666296326,normal,2,3,0.18000006675720215,0.0,0.19968866001719007,17184.86375267862,492.73229878655917,34.876673926435764,0.18000006675720215,0.6593299555300363,0.18999981880187988,4890.658330724873,70.24487978450111,12.909496255729183,0.44776119402985076,2.4387550786867846,-0.2029072718366491,166.44536640176955,208.16678265361384,118.12014973117579,0.7995769713132137,cc249e1a-62c0-4274-812f-0019a041760e,Non-Event,Non-Event,condition_like,0.8820385150900691,ML_Ensemble(RF+XGB),Dipelajari dari data (Confidence: 88%),False,1.0,0.4347570032847534,medium
63,1775973673.8166666,-6.857991000000001,109.45349879999999,88.432212,-44.298070230003326,9.017576032590132,-4.51714604171693,2.6508547592690896,7.911533000000001,0.3599996566772461,42.875586698964526,normal,3,3,0.5199999809265137,0.34999990463256836,0.2045250102524952,24989.312827217647,337.7640496563598,73.9845249328849,1.0399999618530273,0.8154463037171529,0.3599996566772461,4287.562758834935,78.59095926213325,11.55104078644384,0.465,2.406931713598035,-0.22286660213681167,71.68274278284024,207.47803518358967,58.60327168992984,0.3454955719718246,cc249e1a-62c0-4274-812f-0019a041760e,Non-Event,Non-Event,condition_like,0.4753850641639242,ML_Ensemble(RF+XGB)_LOW_CONF,"ML ragu-ragu (Conf: 48%), pakai tebakan terbaik ML",True,1.0,0.4858523281471844,medium
64,1775973683.26,-6.8573771,109.4534602,61.532074,31.005429443918523,6.274525347595764,3.161673909430695,2.1588118390824382,7.2651057,0.14999985694885254,40.1093050272797,normal,2,4,0.3899998664855957,0.0,0.03109599952670741,13090.58404525415,313.81976519197656,41.71370147935837,0.3899998664855957,0.9086805396521127,0.14999985694885254,4010.9343278530237,57.4093493099913,17.993080813197306,0.48258706467661694,2.027033208113254,0.03473782198682388,75.41682739579736,178.38209808067685,60.020839715502305,0.4227824864965211,cc249e1a-62c0-4274-812f-0019a041760e,Non-Event,Non-Event,condition_like,0.8978330189902439,ML_Ensemble(RF+XGB),Dipelajari dari data (Confidence: 90%),False,1.0,0.24115915374611513,low
65,1775973687.5,-6.8573771,109.4534602,63.51609,-33.23887694945974,6.476838675796526,-3.3894221726542435,3.7233379033679244,7.2651057,0.23999977111816406,27.60061170974417,normal,2,2,0.24000000953674316,0.0,0.45296115445262486,7686.851816877376,241.62010610422033,31.813791943903627,0.24000000953674316,0.7920630724763931,0.23999977111816406,2760.063803176378,53.99775991124011,14.512925514641855,0.4427860696517413,5.506112959449462,-0.5745616499777958,78.00989994477571,133.54717030101662,30.063035858427966,0.5841374188970325,cc249e1a-62c0-4274-812f-0019a041760e,Pothole,Pothole,event,0.7626716615434506,ML_Ensemble(RF+XGB),Dipelajari dari data (Confidence: 76%),True,1.0,0.29252661121007684,low
66,1775973693.02,-6.8566759,109.4534206,63.236225,30.39606410458293,6.4483003880020195,3.099535937815965,1.350400800514888,7.029169,0.15999984741210938,35.251721037560074,normal,2,3,0.1700000762939453,0.0,0.38407898164985915,18221.167916844963,366.7596334965759,49.681497643152106,0.1700000762939453,0.9022907238548309,0.15999984741210938,3525.1754656253097,57.151326103489254,11.241605646919504,0.46766169154228854,1.075521258607866,0.3671746585069875,92.28336150905278,232.4872254994781,41.98904648804502,0.3969394916811051,cc249e1a-62c0-4274-812f-0019a041760e,Non-Event,Non-Event,condition_like,0.5622540288705092,ML_Ensemble(RF+XGB)_LOW_CONF,"ML ragu-ragu (Conf: 56%), pakai tebakan terbaik ML",True,1.0,0.18944947603733278,low
67,1775973695.72,-6.8566759,109.4534206,72.04518300000001,-40.4654185370744,7.346564117206182,-4.126324334719237,4.294353845354565,7.029169,0.06999993324279785,52.07199270167559,candidate,1,3,0.0,0.0,0.13365788031122788,14982.537156935474,373.6725592971818,40.0953635584584,0.1,0.0,0.06999993324279785,5207.204236144499,68.02076769673282,20.002857265705774,0.42786069651741293,3.402884524557291,-0.6872045285980145,96.912768578111,232.00243267044112,44.75735804862971,0.41772306886993843,cc249e1a-62c0-4274-812f-0019a041760e,Non-Event,Non-Event,condition_like,0.9093670052049798,ML_Ensemble(RF+XGB),Dipelajari dari data (Confidence: 91%),False,1.0,0.4909170823851662,medium
68,1775973698.56,-6.8560238,109.4533981,91.19005,-36.01869693238088,9.298797244726792,-3.672884923228715,2.5845424721432804,6.6951985,0.059999942779541016,43.41879783918901,normal,1,6,0.0,0.0,0.02619000794132673,13692.724411469986,398.5291238365825,34.35815241128163,0.1,0.0,0.059999942779541016,4341.883924662085,59.30839847516036,8.886408334603226,0.4626865671641791,2.1988721129872157,-0.5085804856742185,74.96220982964053,268.4843256486507,55.082588358291275,0.27920516167686416,cc249e1a-62c0-4274-812f-0019a041760e,Non-Event,Non-Event,condition_like,0.7383716250880734,ML_Ensemble(RF+XGB),Dipelajari dari data (Confidence: 74%),True,1.0,0.3363134760615123,medium
69,1775973702.86,-6.8560238,109.4533981,61.17487,-37.13133648470453,6.238100676581707,-3.7863425822992087,2.471948261619769,6.6951985,0.0,33.45524096972335,normal,0,6,0.0,0.0,0.16942160280450524,11835.905956910745,242.1810259807542,48.872143720206985,0.0,0.0,0.0,3345.527287515784,60.51492519241984,5.1458235536715,0.373134328358209,2.528553930917477,-1.7195368286715789,53.03442324334613,154.1964407439786,34.950161993429504,0.3439406424916231,cc249e1a-62c0-4274-812f-0019a041760e,Non-Event,Non-Event,condition_like,0.8615148151625525,ML_Ensemble(RF+XGB),Dipelajari dari data (Confidence: 86%),False,1.0,0.3118671326312848,medium
70,1775973717.1966667,-6.8555021,109.4533306,92.85397800000001,-40.24067994488694,9.468470680609588,-4.103407376105698,3.053124783751272,5.874274,0.04999995231628418,45.35802947414238,normal,2,4,0.5800001621246338,0.0,0.15829955143932561,24900.639305680877,704.8959898682931,35.32526731356238,0.5800001621246338,0.9893902698773384,0.04999995231628418,4535.807273097138,74.85661638554743,3.361587602390292,0.375,1.1742965283909506,0.46654377010251935,149.46366629614496,440.10428904184323,115.32803453030485,0.33960965543402133,cc249e1a-62c0-4274-812f-0019a041760e,Non-Event,Non-Event,condition_like,0.8696121762145279,ML_Ensemble(RF+XGB),Dipelajari dari data (Confidence: 87%),False,1.0,0.4222253605450931,medium
71,1775973720.875,-6.8548736,109.4533174,69.35893,-37.74184486400536,7.072642543580122,-3.848597111552402,3.129780522013734,5.8136764,0.12999987602233887,49.3838369886362,normal,2,4,0.38000011444091797,0.0,0.20209130842376127,15710.161907041493,498.9537617931487,31.486207898495106,0.38000011444091797,0.6803370272965604,0.12999987602233887,4938.388408477809,68.77030264719244,6.6989340193049545,0.425,2.478028672518011,-0.5852371638000815,152.18588928643203,285.3593160958606,61.40855641085614,0.5333131955712814,cc249e1a-62c0-4274-812f-0019a041760e,Non-Event,Non-Event,condition_like,0.9015607822741927,ML_Ensemble(RF+XGB),Dipelajari dari data (Confidence: 90%),False,1.0,0.4059783647971142,medium
72,1775973732.2733333,-6.8542402,109.4532952,83.5189475,-43.10655314300915,8.516562485660241,-4.395645112552111,3.68256581816113,6.7719517,0.029999971389770508,54.469421604015935,normal,1,2,0.0,0.0,0.11811198754154588,20824.63571650387,484.2631858078722,43.002723072497126,0.1,0.0,0.029999971389770508,5446.947355015389,72.64969354739128,6.182398942872289,0.445,2.220003021741843,-0.45638358275890706,100.8246745670825,290.5698639801351,92.86864726065468,0.34698943943817234,cc249e1a-62c0-4274-812f-0019a041760e,Non-Event,Non-Event,condition_like,0.9298312314962729,ML_Ensemble(RF+XGB),Dipelajari dari data (Confidence: 93%),False,1.0,0.5159136973558068,high
73,1775973759.355,-6.8529233,109.4531869,69.85958,29.603999145137312,7.123694635782861,3.0187677897281247,2.272477770793369,3.3723972,0.0,45.29758954170152,normal,0,4,0.0,0.0,0.1017876538954174,18173.623944913124,405.15267348043426,44.856235907164844,0.0,0.0,0.0,4529.763274089046,59.143403862192066,4.655355332031136,0.445,0.32264658615428976,0.22267633560238562,156.9036040453663,152.66166059316777,95.5874088419001,1.027786560213808,cc249e1a-62c0-4274-812f-0019a041760e,Non-Event,Non-Event,condition_like,0.8574840704084752,ML_Ensemble(RF+XGB),Dipelajari dari data (Confidence: 86%),False,1.0,0.2295563926246694,low
74,1775973763.38,-6.8529233,109.4531869,83.07796,-39.127881192886456,8.471594275313182,-3.9899334831860482,3.49105418867729,3.3723972,0.08999991416931152,39.300984891095126,normal,1,5,0.0,0.0,0.14246133145681744,25072.5127489483,446.93641060303503,56.09861290786369,0.1,0.0,0.08999991416931152,3960.5656352965975,71.02897983972878,9.795727885469546,0.43781094527363185,0.8068963194668695,-0.39483509259305327,90.61523875434875,296.7205933507935,59.60057849789281,0.3053891117757072,cc249e1a-62c0-4274-812f-0019a041760e,Non-Event,Non-Event,condition_like,0.7130747744597503,ML_Ensemble(RF+XGB),Dipelajari dari data (Confidence: 71%),True,1.0,0.40261177196683234,medium
75,1775973842.93,-6.8465309,109.4531269,86.232956,-39.079848406169255,8.793314332621232,-3.985035502049044,2.9506363094383996,9.306911,0.1399998664855957,49.97059513479201,normal,1,4,0.0,0.0,0.22761499407062324,18262.935960033643,344.18466243371483,53.061446079077925,0.1,0.0,0.1399998664855957,4997.064279051062,74.4484344850164,7.255980599448115,0.4577114427860697,2.9611276954070362,-0.30795406783237694,59.14446341154519,234.73852741709817,50.30167160507144,0.2519589085369641,cc249e1a-62c0-4274-812f-0019a041760e,Non-Event,Non-Event,condition_like,0.7841690176849109,ML_Ensemble(RF+XGB),Dipelajari dari data (Confidence: 78%),True,1.0,0.42317850939102963,medium
76,1775973846.84,-6.8465309,109.4531269,40.277781000000004,29.45110113981098,4.107190630847436,3.0031765322318003,1.3003005509845118,9.306911,0.04999995231628418,33.63938878853987,normal,2,3,0.35000014305114746,0.0,0.01648009758027409,11936.334941628364,278.95847882131693,42.788930271178785,0.35000014305114746,0.9115084229311342,0.04999995231628418,3363.942086959157,51.994847642690274,4.07749107975923,0.39800995024875624,1.4726437621415798,0.535254813296272,90.48018170339768,118.93917593068792,69.5391211872313,0.7607264825459925,cc249e1a-62c0-4274-812f-0019a041760e,Non-Event,Non-Event,condition_like,0.9313302657121147,ML_Ensemble(RF+XGB),Dipelajari dari data (Confidence: 93%),False,1.0,0.15970112391977465,low
77,1775973865.1500003,-6.8453433,109.4529475,69.333755,-36.355167590533455,7.07007540801395,-3.707195381759669,1.6392786401802815,7.146892,0.0,42.24224661798288,normal,0,3,0.0,0.0,0.09913504761531959,17485.16380669647,392.15456026375455,44.58742938077503,0.0,0.0,0.0,4224.228690336697,59.789859314816724,7.59544457502829,0.43,0.835765660082997,0.5329652610624883,74.22662496302698,255.31978703168556,62.60814826904203,0.29072022006306597,cc249e1a-62c0-4274-812f-0019a041760e,Non-Event,Non-Event,condition_like,0.8485201345564245,ML_Ensemble(RF+XGB),Dipelajari dari data (Confidence: 85%),False,1.0,0.3015294173299027,medium
78,1775973869.915,-6.8446046,109.4528489,106.92926,-54.0475323447468,10.903750006373228,-5.511314500338729,5.016582453911854,8.01516,0.3099997043609619,57.486985943100734,candidate,2,4,0.28999996185302734,0.0,0.2567264583944522,28732.6412458567,615.3782798015085,46.69102264778251,0.28999996185302734,0.669022611642419,0.3099997043609619,5748.704076701504,87.79824299490275,17.674260334610835,0.48,3.5279085974710096,-0.5682394671386516,131.97749936762511,422.97342029344406,60.42736014043926,0.31202315021128424,cc249e1a-62c0-4274-812f-0019a041760e,Non-Event,Non-Event,condition_like,0.6612256240116954,ML_Ensemble(RF+XGB),Dipelajari dari data (Confidence: 66%),True,1.0,0.7587898544852792,high
79,1775973872.71,-6.8446046,109.4528489,67.107567,-38.43630235735671,6.84306740834026,-3.91941206807184,2.6694978828176326,8.01516,0.1099998950958252,55.35695336457674,normal,2,4,0.19000005722045898,0.0,0.5078710613557386,20227.783715834055,400.12959812764916,50.553080201849795,0.19000005722045898,0.9508397082077956,0.1099998950958252,5535.700615713175,68.92217356464485,9.823304712572806,0.5373134328358209,2.3786611842042156,-0.3031238587219197,91.02915177420809,263.67793497362527,45.422511379815845,0.34522855102792294,cc249e1a-62c0-4274-812f-0019a041760e,Non-Event,Non-Event,condition_like,0.8197791583605011,ML_Ensemble(RF+XGB),Dipelajari dari data (Confidence: 82%),False,1.0,0.41966824298547317,medium
80,1775973878.92,-6.8446046,109.4528489,55.79982,-32.01799480041191,5.689998113525006,-3.2649268405023033,3.4092471342856636,8.01516,0.2499997615814209,29.112835167809735,normal,1,6,0.0,0.0,0.4469334005485173,9991.787641248031,374.1364241056265,26.706268010197462,0.1,0.0,0.2499997615814209,2911.286293199939,56.00933562053567,3.8351957396995173,0.472636815920398,3.000012685553954,-0.10368283571667604,61.813070648690164,265.2315535557352,47.091799901201085,0.23305323060910874,cc249e1a-62c0-4274-812f-0019a041760e,Pothole,Pothole,event,0.7601254244645437,ML_Ensemble(RF+XGB),Dipelajari dari data (Confidence: 76%),True,1.0,0.26917336322950663,low
81,1775973893.14,-6.8430717,109.452545,43.79155,31.11355171008895,4.46549535264336,3.1726993122104847,0.9227327396109882,8.955137,0.17999982833862305,35.66355916809981,normal,2,4,0.18999981880187988,0.0,0.0784079275388055,10343.533116257611,259.66798256344936,39.83368674995002,0.18999981880187988,0.8611012975916109,0.17999982833862305,3566.3593179552654,54.49314526344317,3.8717640450280557,0.44776119402985076,2.0623482985929433,0.18335973123360305,74.29774230510402,144.19518392696534,41.17505633137999,0.5152581366897634,cc249e1a-62c0-4274-812f-0019a041760e,Non-Event,Non-Event,condition_like,0.8609889976495231,ML_Ensemble(RF+XGB),Dipelajari dari data (Confidence: 86%),False,1.0,0.1890411725043351,low
82,1775973921.39,-6.8407533,109.4519967,54.4888335,-33.455944711810744,5.556314694620487,-3.4115569243126598,2.730811273702034,10.214148,0.12999987602233887,44.91167516861162,normal,1,2,0.0,0.0,0.20635652853615233,15422.561419870837,425.5376169061792,36.24253361137896,0.1,0.0,0.12999987602233887,4491.171799976359,59.40799218529275,10.083905804274396,0.43283582089552236,1.538280199652955,-0.4432923820811192,136.95728540437312,225.4446449912552,63.13568651055091,0.6074985050196561,cc249e1a-62c0-4274-812f-0019a041760e,Non-Event,Normal,condition_like,0.92,R6,amplitudo rendah + tidak ada struktur event → Non-Event,False,1.0,0.31221615570068095,medium
83,1775973928.44,-6.8407533,109.4519967,79.96560666666666,-32.344074056387626,8.15422255986159,-3.298177670905725,3.4566001015235255,10.214148,0.28999972343444824,49.58833767431895,normal,2,4,0.15000009536743164,0.0,0.23228279552203698,13716.43466837076,351.85193267945357,38.983542096621804,0.15000009536743164,0.9823595750807338,0.28999972343444824,4958.8384965488085,56.925783766583876,6.520644062185167,0.4975124378109453,2.4197198398516644,-0.3776962606043861,95.74864764137445,198.79429768255596,57.308987355523044,0.4816468494112619,cc249e1a-62c0-4274-812f-0019a041760e,Non-Event,Non-Event,condition_like,0.7735414885263594,ML_Ensemble(RF+XGB),Dipelajari dari data (Confidence: 77%),True,1.0,0.3469910921919564,medium
84,1775973935.2355556,-6.8398917,109.451725,87.40962,-42.36041144544711,8.913300668423979,-4.319559833933822,3.549602763069633,8.4213705,0.019999980926513672,34.471220118735125,normal,1,2,0.0,0.0,0.11020077953163461,15521.959229041418,353.06173753089587,43.96386675494467,0.1,0.0,0.019999980926513672,3447.125299308376,57.63784445659695,13.415879042638293,0.52,0.8861891710317251,0.2590875977518384,96.4703369145411,201.20675778713564,55.384642829219075,0.4794587293988507,cc249e1a-62c0-4274-812f-0019a041760e,Non-Event,Non-Event,condition_like,0.8643230949915373,ML_Ensemble(RF+XGB),Dipelajari dari data (Confidence: 86%),False,1.0,0.4326581328243334,medium
85,1775973945.18,-6.8391333,109.4515,35.510265,-30.94439554718906,3.621039294764267,-3.1554501840270697,1.5914933446098667,9.017419,0.059999942779541016,39.298696472437676,normal,1,4,0.0,0.0,0.07749548479144228,10355.33433685391,316.92278284573524,32.6746288518482,0.1,0.0,0.059999942779541016,3929.8733950630913,50.35856685938212,24.174836134720174,0.527363184079602,1.1414997871235242,-0.00849662269948676,102.74582502862144,154.1309207621883,60.04603705492548,0.6666139659318332,cc249e1a-62c0-4274-812f-0019a041760e,Non-Event,Non-Event,condition_like,0.8127312275085574,ML_Ensemble(RF+XGB),Dipelajari dari data (Confidence: 81%),False,1.0,0.21186295637431382,low
86,1775973948.21,-6.8391333,109.4515,68.892876,35.100803990034585,7.0251182615878,3.5792858917198624,3.793970042895042,9.017419,0.04999995231628418,41.65409963076215,normal,2,4,0.3299999237060547,0.0,0.5285057761998406,17908.247259133284,376.8971305143154,47.514947081663024,0.3299999237060547,0.9939627172750174,0.04999995231628418,4165.413935524502,68.19062308481676,11.499771601989528,0.4079601990049751,1.9460757276863205,0.41320229920743856,91.54558344843113,243.30117551862958,42.05037154725462,0.3762644503341376,cc249e1a-62c0-4274-812f-0019a041760e,Non-Event,Non-Event,condition_like,0.7315731275270856,ML_Ensemble(RF+XGB),Dipelajari dari data (Confidence: 73%),True,1.0,0.3559555470474093,medium
87,1775973958.2299998,-6.8383183,109.4512283,76.055595,-40.02903260810564,7.755512330918306,-4.081825354030749,3.950537436183525,9.122936,0.019999980926513672,51.311904110766285,normal,1,2,0.0,0.0,0.47189745208754363,15733.037958053661,331.56100023277133,47.45141286085191,0.1,0.0,0.019999980926513672,5131.195304565803,62.351691078186555,20.404802333026296,0.505,1.895022016602315,-0.35129866786545044,111.96182392285075,176.73932932538852,42.85984698453204,0.6334856181514427,cc249e1a-62c0-4274-812f-0019a041760e,Non-Event,Non-Event,condition_like,0.8511294563195233,ML_Ensemble(RF+XGB),Dipelajari dari data (Confidence: 85%),False,1.0,0.4664980632494393,medium
88,1775973977.8779998,-6.837215,109.45062,90.778824,-41.45245462801262,9.256863862786988,-4.226974005191642,4.5244395185271395,3.4661395999999995,0.029999971389770508,52.23134663716549,candidate,1,4,0.0,0.0,0.05766790808755168,29717.674578887196,629.430686702332,47.213577538407485,0.1,0.0,0.029999971389770508,5464.136741953316,81.90504934338307,8.285182471081448,0.455,1.0683097682603098,-0.04026074487589939,136.71381066633904,413.23235894494144,79.4845170910516,0.3308400404183124,cc249e1a-62c0-4274-812f-0019a041760e,Non-Event,Non-Event,condition_like,0.9016276917614781,ML_Ensemble(RF+XGB),Dipelajari dari data (Confidence: 90%),False,1.0,0.511215238041102,high
89,1775973984.08,-6.8374517,109.45016,68.50601,-32.268994921396946,6.9856689083428085,-3.2905217297850893,2.754025669389494,6.5472665,0.09999990463256836,41.412670833608374,normal,1,3,0.0,0.0,0.05208805749082102,19595.48727509644,415.0599440017392,47.211222164582345,0.1,0.0,0.09999990463256836,4294.207828785937,60.309387838763584,11.110599012022567,0.4577114427860697,1.173709739406391,-0.2012478886034478,109.49335260086325,244.12840548869383,61.43818591218215,0.4485072187039166,cc249e1a-62c0-4274-812f-0019a041760e,Non-Event,Non-Event,condition_like,0.660996541528038,ML_Ensemble(RF+XGB),Dipelajari dari data (Confidence: 66%),True,1.0,0.2809213440735504,low
90,1775973988.7024999,-6.8374517,109.45016,63.6333315,-37.878579187160234,6.488793981634911,-3.862540132171561,1.5598827293161335,6.5472665,0.09999990463256836,45.865680728459765,normal,2,5,0.19000005722045898,0.0,0.2477181621612893,22278.69932798023,464.13576131080265,48.00039371467692,0.19000005722045898,0.9201424472403892,0.09999990463256836,4878.808333763909,71.87723440167551,16.448958215041326,0.48,2.1486671447137615,-0.6006131674656497,137.85635219006008,244.00827469364174,82.27113442710085,0.5649658881370977,cc249e1a-62c0-4274-812f-0019a041760e,Non-Event,Non-Event,condition_like,0.8451912854981218,ML_Ensemble(RF+XGB),Dipelajari dari data (Confidence: 85%),False,1.0,0.34176270607858045,medium
91,1775973994.4477777,-6.8377,109.4496917,83.107672,-50.91916074395939,8.47462405612518,-5.192309376184466,5.430962847645019,6.0232797,0.08999991416931152,64.03128101593117,candidate,1,4,0.0,0.0,0.011604346384882834,33485.43148230664,533.860509868186,62.72318480318248,0.1,0.0,0.08999991416931152,6403.134208097756,83.61122196915896,17.109631884033746,0.435,1.3957273574790543,-0.4451040808022443,138.02663952528803,323.1341654070011,72.69970493589693,0.427149629703464,cc249e1a-62c0-4274-812f-0019a041760e,Non-Event,Crack,condition_like,0.76,R4,spike kecil/rapat + durasi sangat singkat → Non-Event,True,1.0,0.7166284949118688,high
92,1775974001.21,-6.8379683,109.44918,70.8597,36.741549838494386,7.225678493675211,3.7465954060249307,4.636430446171657,6.348069,0.0,48.06549574973603,candidate,0,6,0.0,0.0,0.47142935067525765,33210.2209980574,730.6783543630468,45.45121769969015,0.0,0.0,0.0,4806.554158860855,73.03443385584501,1.7561008292876734,0.31343283582089554,0.11308025307595226,0.031332726021756505,91.03592268713214,580.1036515134425,59.53878016247209,0.15693044215925292,cc249e1a-62c0-4274-812f-0019a041760e,Non-Event,Non-Event,condition_like,0.77591535937364,ML_Ensemble(RF+XGB),Dipelajari dari data (Confidence: 78%),True,1.0,0.4267553116085816,medium
93,1775974004.36,-6.8379683,109.44918,52.88456,-29.46277734621793,5.392724324820403,-3.004367173929724,1.5920364985314408,6.348069,0.0,42.655760348516864,normal,0,5,0.0,0.0,0.1863581866357219,21614.580083776505,434.3979758387391,49.75755237414573,0.0,0.0,0.0,4265.580102825875,57.079086364291015,18.95279161696157,0.43781094527363185,0.391283159736902,0.18645630343463818,105.9315878214687,273.59468378733754,54.871704229932895,0.38718437788295584,cc249e1a-62c0-4274-812f-0019a041760e,Non-Event,Non-Event,condition_like,0.7527197679693154,ML_Ensemble(RF+XGB),Dipelajari dari data (Confidence: 75%),True,1.0,0.19590882720222957,low
94,1775974008.6666667,-6.8379683,109.44918,88.944885,-47.152064327261996,9.069854129595734,-4.808172446988727,4.715145172274678,6.348069,0.059999942779541016,48.54081856821966,candidate,2,6,0.15999984741210938,0.0,0.2679671250230853,17380.903517512823,301.3947700513394,57.66823179076379,0.15999984741210938,0.7378646360976465,0.059999942779541016,4854.086486039578,76.43976878129101,18.04617852993133,0.495,3.550404792349175,-0.42233938878506094,75.91966718714332,189.55855169265007,35.916551171545976,0.4005077381564489,cc249e1a-62c0-4274-812f-0019a041760e,Non-Event,Non-Event,condition_like,0.6979388057064806,ML_Ensemble(RF+XGB),Dipelajari dari data (Confidence: 70%),True,1.0,0.5947000970599962,high
95,1775974010.4250002,-6.8382233,109.448705,85.50859,-41.55839335727826,8.719449557188234,-4.237776749173088,4.927038814256236,6.9307346,0.11999988555908203,38.96780671219881,candidate,1,4,0.0,0.0,0.00785199665931839,23593.909775454777,865.7975246865658,27.251070920704148,0.1,0.0,0.11999988555908203,5269.871561285802,78.0635821156714,16.717075803892804,0.445,2.795134431495222,-0.1926091699748439,150.6849451977534,643.9760019791534,71.13657750965896,0.23399155325766283,cc249e1a-62c0-4274-812f-0019a041760e,Non-Event,Non-Event,condition_like,0.7415600704622793,ML_Ensemble(RF+XGB),Dipelajari dari data (Confidence: 74%),True,1.0,0.4887938199754316,medium
96,1775974013.5549998,-6.8382233,109.448705,75.44796500000001,-36.30806489804652,7.693551314669129,-3.7023922438392844,3.783682033863633,6.9307346,0.1099998950958252,44.479385473775025,normal,1,5,0.0,0.0,0.27181566967310605,21138.983550022072,418.2011654372453,50.54740456634799,0.1,0.0,0.1099998950958252,4447.942789266302,70.69490975701487,11.945871348959352,0.425,1.7695583566871527,0.4961186985271053,75.17375677692985,304.4091402130571,38.618268447258345,0.24694973507485915,cc249e1a-62c0-4274-812f-0019a041760e,Non-Event,Non-Event,condition_like,0.7100092096002693,ML_Ensemble(RF+XGB),Dipelajari dari data (Confidence: 71%),True,1.0,0.38799618141611747,medium
97,1775974017.55,-6.8382233,109.448705,73.64911,-38.4456932500287,7.5101191538394865,-3.9203696726230364,2.939022246800371,6.9307346,0.0,40.41105144069017,normal,0,7,0.0,0.0,0.3838836543175337,20615.101223086225,525.0990280717587,39.25945408721946,0.0,0.0,0.0,4230.5670400499175,62.322612684960504,19.35476525429119,0.4427860696517413,1.0480603313228594,-1.3020783356760814,109.07671228743882,355.37252602725687,60.649789757063004,0.3069362541890378,cc249e1a-62c0-4274-812f-0019a041760e,Non-Event,Normal,condition_like,0.92,R6,amplitudo rendah + tidak ada struktur event → Non-Event,False,1.0,0.3707263639224351,medium
98,1775974024.93,-6.83849,109.4482283,79.92589,-35.1649628001176,8.150172586969047,-3.5858282696045642,4.824021335889572,6.7464643,0.009999990463256836,48.31652907036698,candidate,1,4,0.0,0.0,0.3316128949130234,29521.472324894123,956.259296665502,30.87182775316731,0.1,0.0,0.009999990463256836,4831.657514864376,65.041764946709,9.307786311662428,0.472636815920398,-0.102254911923783,-0.01495952023376089,170.41358701570377,713.7505205527555,72.09518909704283,0.23875791592413986,cc249e1a-62c0-4274-812f-0019a041760e,Non-Event,Non-Event,condition_like,0.8483762274134874,ML_Ensemble(RF+XGB),Dipelajari dari data (Confidence: 85%),False,1.0,0.4104800478229713,medium
99,1775974029.73,-6.83849,109.4482283,92.30519,-38.520383938003164,9.412509878500813,-3.9279860031716405,3.9215538121570845,6.7464643,0.0,42.911917406634466,normal,0,4,0.0,0.0,0.2977911999580744,20150.300958651194,583.3205548731999,34.54412973410009,0.0,0.0,0.0,5183.236353194694,69.96066815672913,11.760785929671185,0.5024875621890548,1.7264009004810132,-0.25196004441961034,133.40432985566105,368.95805865315083,80.95816636438795,0.3615704451098628,cc249e1a-62c0-4274-812f-0019a041760e,Non-Event,Normal,condition_like,0.92,R6,amplitudo rendah + tidak ada struktur event → Non-Event,False,1.0,0.4129560855697638,medium
100,1775974034.235,-6.8387717,109.4476917,99.39769,-62.87880292314005,10.13574360255541,-6.411853479336986,8.117005082050353,6.8344817,0.0,45.21136616566386,high_conf,0,4,0.0,0.0,0.49653160287373993,21538.5520242776,903.5645297795222,23.837314647240394,0.0,0.0,0.0,4521.14092826237,65.65423110621927,31.120303566009575,0.48,1.2187754930843715,-0.8354234808210456,218.6621975530747,571.0879442439034,113.81438798254419,0.38288708310886727,cc249e1a-62c0-4274-812f-0019a041760e,Non-Event,Non-Event,condition_like,0.6563535858918168,ML_Ensemble(RF+XGB),Dipelajari dari data (Confidence: 66%),True,1.0,0.8007045538855462,high
101,1775974044.795,-6.83905,109.4471567,66.079277,-40.603272428508305,6.738211009875952,-4.140381519530962,5.345527133632963,6.624475000000001,0.029999971389770508,41.83015330336788,candidate,2,6,0.3900001049041748,0.0,0.26753632267830835,21669.685921339948,659.995162646203,32.833098051239965,0.3900001049041748,0.9567486919661511,0.029999971389770508,4965.364536516593,60.16383386984447,36.57140288577804,0.42,0.6804836559681764,-0.47180442826578495,174.65175318010404,412.92225980044054,72.42114966565839,0.42296521587754926,cc249e1a-62c0-4274-812f-0019a041760e,Non-Event,Non-Event,condition_like,0.467501858360747,ML_Ensemble(RF+XGB)_LOW_CONF,"ML ragu-ragu (Conf: 47%), pakai tebakan terbaik ML",True,1.0,0.4909253079162022,medium
102,1775974051.2257144,-6.839335,109.4466483,80.52169,-44.763752076092416,8.210927278938273,-4.564632374571583,4.38944752037842,6.366599,0.0,56.28997668480194,candidate,0,4,0.0,0.0,0.12964697175634735,29077.632805693873,986.8005443326082,29.46657553365361,0.0,0.0,0.0,5629.003036715817,67.92016646651456,28.640596263346982,0.56,0.759491839658224,0.3474677125314131,327.7472832750941,404.5030620882322,254.55019896928172,0.8102467278563087,cc249e1a-62c0-4274-812f-0019a041760e,Non-Event,Non-Event,condition_like,0.8616544526356917,ML_Ensemble(RF+XGB),Dipelajari dari data (Confidence: 86%),False,1.0,0.5686430291476913,high
103,1775974057.3333333,-6.839335,109.4466483,93.893295,-43.06351426103069,9.574451520141945,-4.391256367977922,5.143642926300507,6.366599,0.0,43.634976181583156,candidate,0,5,0.0,0.0,0.07712529486799767,33974.29014456158,984.2970826801757,34.51629666272661,0.0,0.0,0.0,5526.022317593044,79.36416937072471,20.543712534170055,0.41,0.4900314517771007,0.255950453610878,189.19971262839132,597.0746131362508,198.0227569155336,0.31687783762519245,cc249e1a-62c0-4274-812f-0019a041760e,Non-Event,Non-Event,condition_like,0.746130117557861,ML_Ensemble(RF+XGB),Dipelajari dari data (Confidence: 75%),True,1.0,0.5255931400119824,high
104,1775974063.302727,-6.8396,109.4461267,86.748886,-49.682138295495825,8.845924551197403,-5.066168191532871,8.07279240234877,5.374214600000001,0.04999995231628418,49.75857806674216,high_conf,1,5,0.0,0.0,0.4747228829139441,38341.90422539656,1447.650857430796,26.48560183009726,0.1,0.0,0.04999995231628418,5163.793517040504,79.62314239945853,11.570459902922794,0.415,0.5382483126536006,-0.5538172008921816,399.88822140805166,874.1977205054542,173.56491551728993,0.4574345271907194,cc249e1a-62c0-4274-812f-0019a041760e,Non-Event,Non-Event,condition_like,0.6630940159744104,ML_Ensemble(RF+XGB),Dipelajari dari data (Confidence: 66%),True,1.0,0.6795371520427925,high
105,1775974073.67,-6.8398433,109.4456483,84.88028,-42.118511842504475,8.655379767810619,-4.294892939230468,8.908782802517344,6.050045,0.029999971389770508,38.91772424936895,high_conf,1,3,0.0,0.0,0.10372654105244318,20145.31745683998,762.980465915658,26.403451110979624,0.1,0.0,0.029999971389770508,3891.7761364238418,67.47873031284101,5.370176923542476,0.42786069651741293,1.4876060353513383,-0.4109950672907842,375.076576475677,280.93247269050596,106.97141674947503,1.3351129242854511,cc249e1a-62c0-4274-812f-0019a041760e,Non-Event,Non-Event,condition_like,0.8000274464105949,ML_Ensemble(RF+XGB),Dipelajari dari data (Confidence: 80%),False,1.0,0.5262096862366996,high
106,1775974077.19,-6.8398433,109.4456483,41.536617,-36.207947214028884,4.235556178715464,-3.6921830812794263,3.1303743138301368,6.050045,0.07999992370605469,49.53405065112376,normal,2,3,0.16000008583068848,0.0,0.26153941065508,16010.256862206596,578.4714009282202,27.676833822449243,0.16000008583068848,0.9167828466561863,0.07999992370605469,4953.409789052071,62.48916195137001,11.05108570100287,0.47761194029850745,1.4696950611329749,0.2688599239931643,271.7965886604659,214.9582472505138,91.71656501724044,1.264415721995056,cc249e1a-62c0-4274-812f-0019a041760e,Non-Event,Non-Event,condition_like,0.8794369704994089,ML_Ensemble(RF+XGB),Dipelajari dari data (Confidence: 88%),False,1.0,0.37928676910128517,medium
107,1775974083.42,-6.8400767,109.4451717,44.278175000000005,-36.81463879237187,4.515117292857399,-3.754048405150778,2.5708910808081704,5.0020704,0.1099998950958252,47.53877766073568,normal,2,5,0.23000001907348633,0.0,0.16826301557436538,13294.90489889602,786.4818679670972,16.904273859938428,0.23000001907348633,0.5934069425201248,0.1099998950958252,4753.882299729021,65.15278887376358,3.6703809762861868,0.3681592039800995,2.6294010320589054,-0.03711229750361462,403.0201090657973,250.0274463847777,133.4343125165222,1.6119034661245524,cc249e1a-62c0-4274-812f-0019a041760e,Non-Event,Non-Event,condition_like,0.8469254927990346,ML_Ensemble(RF+XGB),Dipelajari dari data (Confidence: 85%),False,1.0,0.36551621446752824,medium
108,1776325461.57,-6.8952933,109.4100906,56.7910325,31.658667401112403,5.791073659200645,3.228285643019013,0.7805785292663144,0.38545433,0.0,37.71204852582125,normal,0,4,0.0,0.0,0.03342843449157039,22047.87376334873,265.600745342986,83.01133964012662,0.0,0.0,0.0,3771.208449086765,58.00038318895305,15.844982658968151,0.472636815920398,0.10983590882501515,0.285084928281592,35.192296150927746,181.70937733783495,48.69907185422332,0.19367352677580604,d4030b3c-2d8e-49cc-9722-89da2a36bbc9,Non-Event,Non-Event,condition_like,0.9174038703721085,ML_Ensemble(RF+XGB),Dipelajari dari data (Confidence: 92%),False,1.0,0.18596895918113332,low
109,1776325464.05,-6.8952933,109.4100906,49.738926,29.668908828156507,5.071958925830941,3.0253867353435178,2.1080546841223073,0.38545433,0.0,36.62474274583404,normal,0,4,0.0,0.0,0.044197891328966926,15455.008758718806,210.0096217278404,73.5919076372398,0.0,0.0,0.0,3662.4777673943854,52.05311873392198,4.98224158575387,0.48258706467661694,-0.023795842045359894,0.4388611198019103,34.40576976280792,127.0222557931707,48.58159617186178,0.2708641039092114,d4030b3c-2d8e-49cc-9722-89da2a36bbc9,Non-Event,Non-Event,condition_like,0.882987599168505,ML_Ensemble(RF+XGB),Dipelajari dari data (Confidence: 88%),False,1.0,0.19615897559171808,low
110,1776325466.68,-6.8952933,109.4100906,101.37703725,-49.65935752914271,10.337580850749237,-5.0638451998534375,4.092543206287199,0.38545433,0.19999980926513672,65.00130046741617,candidate,2,2,0.16000008583068848,0.0,0.16750189474183533,23615.714711970686,473.4360261667619,49.88153278764386,0.16000008583068848,0.661558980049182,0.19999980926513672,6500.136245754608,92.90345384579683,19.06189062705761,0.472636815920398,3.2728803389723415,-0.17280540989016457,86.9087361479877,286.58884118437936,99.93844883439479,0.3032523369911039,d4030b3c-2d8e-49cc-9722-89da2a36bbc9,Non-Event,Non-Event,condition_like,0.5460757020192268,ML_Ensemble(RF+XGB)_LOW_CONF,"ML ragu-ragu (Conf: 55%), pakai tebakan terbaik ML",True,1.0,0.6609948725491408,high
111,1776325479.23,-6.8951334,109.4078626,53.017426,29.795779005189473,5.406272886255755,3.0383238929899075,2.788025845720633,9.471583,0.029999971389770508,49.64453623855405,normal,1,4,0.0,0.0,0.08058343729515502,21116.083920329333,339.7050814868579,62.16004707891365,0.1,0.0,0.029999971389770508,4964.458358331836,57.84570741336673,19.141960492178782,0.5124378109452736,0.21731187491497161,0.13449030441102486,37.50099102839512,261.26489577112744,40.93919468733539,0.14353627866527602,d4030b3c-2d8e-49cc-9722-89da2a36bbc9,Non-Event,Non-Event,condition_like,0.9247983413272434,ML_Ensemble(RF+XGB),Dipelajari dari data (Confidence: 92%),False,1.0,0.2664145641219202,low
112,1776325492.9433334,-6.8950852,109.4072383,60.445423,38.7743332414001,6.163717783340896,3.953881625366471,2.074674467922332,1.8249585999999998,0.0,62.2715140021006,normal,0,0,0.0,0.0,0.060899197544951864,53671.35722771114,523.8527680747811,102.45504156159082,0.0,0.0,0.0,6227.157338890079,70.86809244333493,14.7912109146948,0.52,-0.7540957889762865,-0.0250909014709021,177.24289707937191,54.88757213359898,291.72229886181026,3.229199014646799,d4030b3c-2d8e-49cc-9722-89da2a36bbc9,Non-Event,Normal,condition_like,0.92,R6,amplitudo rendah + tidak ada struktur event → Non-Event,False,1.0,0.41223805940238173,medium
113,1776325520.58,-6.8933476,109.4072948,52.85708,33.31097141721129,5.38992214466714,3.396773762417471,1.399851743600907,2.7220306,0.0,49.35674896728031,normal,0,1,0.0,0.0,0.1652809096100136,24888.255973679756,255.51371360940445,97.4047753629414,0.0,0.0,0.0,4935.679603758903,63.135902510612794,22.46452623497026,0.5422885572139303,0.6382587207326518,-0.09592596986861993,85.588349916455,52.050213387249734,117.87515030569975,1.6443419287322052,d4030b3c-2d8e-49cc-9722-89da2a36bbc9,Non-Event,Non-Event,condition_like,0.8761598618310013,ML_Ensemble(RF+XGB),Dipelajari dari data (Confidence: 88%),False,1.0,0.2707002857069186,low
114,1776325726.78,-6.8942167,109.4198767,57.43968,-46.18701529182269,5.8572172964264055,-4.70976483221311,3.1475163082629534,16.044407,0.12999987602233887,73.06218226792532,normal,1,4,0.0,0.0,0.1472682676107549,15629.444496024375,298.3790742693866,52.381168089329286,0.1,0.0,0.12999987602233887,7306.22519455185,73.91952542728667,24.109427070479864,0.472636815920398,7.275842937840201,-1.1520978871542935,59.460657766004275,200.62873109240823,38.289685410974045,0.2963715971579639,d4030b3c-2d8e-49cc-9722-89da2a36bbc9,Non-Event,Normal,condition_like,0.92,R6,amplitudo rendah + tidak ada struktur event → Non-Event,False,1.0,0.5711319258090737,high
115,1776325730.04,-6.8942167,109.4198767,49.637577,-49.631622253879016,5.061624203984032,-5.061016988867658,0.6616648156591447,16.044407,0.26999974250793457,63.34972107192512,candidate,2,2,0.1700000762939453,0.0,0.4842529453977406,25047.07896620735,858.3872883027259,29.179228628319127,0.1700000762939453,0.9674688761553857,0.26999974250793457,6334.9781486984675,78.27926985389624,6.001236254873888,0.527363184079602,5.68919906317084,-1.174253312046124,177.55016590755213,523.890429901307,156.9466924938668,0.3389070603982837,d4030b3c-2d8e-49cc-9722-89da2a36bbc9,Speed Bump,Speed Bump,event,0.6269715093038021,ML_Ensemble(RF+XGB)_LOW_CONF,"ML ragu-ragu (Conf: 63%), pakai tebakan terbaik ML",True,1.0,0.5514580228735487,high
116,1776326738.88,-6.849285,109.4826767,85.02548,-41.79107934630477,8.670186047223059,-4.2615041167274015,4.55222010642431,8.61542,0.23999977111816406,62.469054947441165,candidate,2,3,0.1700000762939453,0.0,0.17417878037180443,19924.250186626894,357.91385483904014,55.66772524053152,0.1700000762939453,0.6586607275668673,0.23999977111816406,6246.911452263125,72.60304690040483,17.380254103185834,0.5970149253731343,2.7764838400539578,-0.5562121098004345,39.25508669032091,282.42454118359274,36.234226965126446,0.1389931851772385,2ba192ad-a007-47e8-843d-e4f356c01155,Speed Bump,Speed Bump,event,0.4376612010063269,ML_Ensemble(RF+XGB)_LOW_CONF,"ML ragu-ragu (Conf: 44%), pakai tebakan terbaik ML",True,1.0,0.5589662705571162,high
117,1776326745.22,-6.849285,109.4826767,85.218215,-46.241291254142666,8.689839547653888,-4.715299440088375,0.5171800886444826,8.61542,0.11999988555908203,65.92306248204117,normal,1,2,0.0,0.0,0.2884143473957053,15867.922450206817,304.7544927030187,52.06788670250096,0.1,0.0,0.11999988555908203,6592.312535123268,67.31404914212531,26.052118870609483,0.6318407960199005,2.748831663581689,-0.8240577249021886,40.34405552755021,232.33517011407284,32.07526706139568,0.1736459242657752,2ba192ad-a007-47e8-843d-e4f356c01155,Non-Event,Normal,condition_like,0.92,R6,amplitudo rendah + tidak ada struktur event → Non-Event,False,1.0,0.4835342437183369,medium
118,1776326864.55,-6.8522811,109.490685,85.810965,-36.377480622467786,8.750283226178155,-3.709470677802082,5.8411720144206996,7.604121,0.14999985694885254,43.301983702438754,candidate,1,4,0.0,0.0,0.2027452001938265,14499.138297120366,369.20775404861433,39.27094731585807,0.1,0.0,0.14999985694885254,4330.202499846784,63.68712479471262,4.078065036430829,0.40298507462686567,2.3807726095088215,-0.21224132297776913,35.96257735906594,294.5123237911692,38.732852898379235,0.1221089045579537,2ba192ad-a007-47e8-843d-e4f356c01155,Non-Event,Non-Event,condition_like,0.7840532683991397,ML_Ensemble(RF+XGB),Dipelajari dari data (Confidence: 78%),True,1.0,0.45671627043029545,medium
119,1776326869.33,-6.8528256,109.4906156,98.63372,-31.783565727557992,10.057840343032534,-3.2410217278640507,3.074894006646306,4.9164066,0.18999981880187988,34.87416902121789,normal,2,4,0.25,0.0,0.22351198642574266,10665.49518835529,344.4822293640024,30.960944421096645,0.25,0.8195364017040903,0.18999981880187988,3487.420227984891,54.39532842251471,1.3338464901322058,0.3880597014925373,2.53077637050497,-0.22747279538205634,74.31399533804965,204.02583540103933,66.14239862491338,0.36423816046501006,2ba192ad-a007-47e8-843d-e4f356c01155,Pothole,Pothole,event,0.5264835333885292,ML_Ensemble(RF+XGB)_LOW_CONF,"ML ragu-ragu (Conf: 53%), pakai tebakan terbaik ML",True,1.0,0.2691469425486851,low
120,1776326871.86,-6.8528256,109.4906156,43.958824,-40.29886545109384,4.482552553624327,-4.109340646509648,0.9969126837704996,4.9164066,0.34999966621398926,28.388351364260487,normal,2,3,0.3400001525878906,0.0,0.14778920873037676,13790.455572535517,228.91205978698926,60.24346434663406,0.3400001525878906,0.953772605517094,0.34999966621398926,2838.8378437527886,66.46165775553973,0.6203264509103706,0.373134328358209,3.5421776528088005,-0.11242358362085375,51.44539884826198,116.23732204309532,61.229338895631955,0.44258932932573175,2ba192ad-a007-47e8-843d-e4f356c01155,Non-Event,Non-Event,condition_like,0.6877152810035607,ML_Ensemble(RF+XGB),Dipelajari dari data (Confidence: 69%),True,1.0,0.3205093326157147,medium
121,1776326881.54,-6.8528646,109.4906079,65.78215,33.40983401897473,6.707912487954602,3.406854942205007,1.1257623651087794,3.3173254,0.059999942779541016,35.25462674185421,normal,1,3,0.0,0.0,0.08352209827775625,14935.425773669642,196.97364049419969,75.8244893091924,0.1,0.0,0.059999942779541016,3525.466036331833,55.281999635467216,1.2761545565460934,0.40298507462686567,1.241439465489857,1.270670792359514,42.05557036237688,111.15111357873704,43.76695655308576,0.37836391044541107,2ba192ad-a007-47e8-843d-e4f356c01155,Non-Event,Non-Event,condition_like,0.8207135269982473,ML_Ensemble(RF+XGB),Dipelajari dari data (Confidence: 82%),False,1.0,0.22056907168235665,low
122,1776326904.095,-6.8541332,109.4908966,84.4288025,34.6109720883453,8.609341875156145,3.5293369385412245,3.767857469576041,4.2119246,0.2199997901916504,56.44426254576102,normal,2,3,0.28999996185302734,0.0,0.24136285613574343,11515.117632475498,345.27352363412416,33.35071127934793,0.28999996185302734,0.738033519711749,0.2199997901916504,5644.431637525586,66.26631375003811,9.762647369729418,0.545,3.856336843440163,0.15464427461202482,50.85666486200942,252.42253437470964,41.99432439740505,0.20147434454104915,2ba192ad-a007-47e8-843d-e4f356c01155,Non-Event,Non-Event,condition_like,0.7155964336447663,ML_Ensemble(RF+XGB),Dipelajari dari data (Confidence: 72%),True,1.0,0.4096433158506289,medium
123,1776326917.83,-6.8541647,109.4909159,56.001833000000005,-29.427250525327086,5.710597706658238,-3.0007444464039286,1.8045870685150003,4.282162,0.0,37.744814707803215,normal,0,5,0.0,0.0,0.2027009542121252,20211.584272503467,477.2151219099076,42.35319314538816,0.0,0.0,0.0,4517.858557723399,57.251615827050365,17.532240807912594,0.5572139303482587,0.18274878794821792,-1.1375331133979638,81.24980387684829,311.6163125054486,84.34900552761074,0.2607366827585156,2ba192ad-a007-47e8-843d-e4f356c01155,Non-Event,Non-Event,condition_like,0.7191417154485635,ML_Ensemble(RF+XGB),Dipelajari dari data (Confidence: 72%),True,1.0,0.18608061827043335,low
124,1776326927.89,-6.8549873,109.4915951,71.105205,-34.81571201646967,7.250713036561925,-3.55021460095646,2.140153641630668,6.977751,0.07999992370605469,31.66572690158859,normal,1,5,0.0,0.0,0.07220400540731443,14801.827077159329,209.8609554526108,70.53159066537356,0.1,0.0,0.07999992370605469,3214.0637496812064,65.6947159461979,6.79861512671746,0.4626865671641791,2.4995166785548104,-0.16543980974278194,32.744313881769415,129.68780031238242,47.42884125845892,0.25248568909651975,2ba192ad-a007-47e8-843d-e4f356c01155,Non-Event,Non-Event,condition_like,0.8434326484477153,ML_Ensemble(RF+XGB),Dipelajari dari data (Confidence: 84%),False,1.0,0.2654230621477407,low
125,1776326931.5349998,-6.8553305,109.4920588,115.8847725,-38.634221642407866,11.816958135550877,-3.9395942184546064,3.8996569976361415,5.442451,0.04999995231628418,42.488130914472194,normal,1,5,0.0,0.0,0.2217519023229856,12808.040340620719,446.03962101291347,28.7150282363254,0.1,0.0,0.04999995231628418,4248.817143435004,68.87267934428368,4.581936680029189,0.5,3.6136488492689463,-0.6244991404983251,70.44756565850045,296.4485854689907,79.14346988542249,0.2376383928748112,2ba192ad-a007-47e8-843d-e4f356c01155,Non-Event,Normal,condition_like,0.92,R6,amplitudo rendah + tidak ada struktur event → Non-Event,False,1.0,0.4163047988280243,medium
126,1776326938.3433335,-6.8553305,109.4920588,78.37303,-46.936075002811954,7.991824935120556,-4.786147665391541,5.695251500482661,5.442451000000001,0.029999971389770508,38.56960315838226,candidate,2,4,1.0,0.0,0.4650463184471401,28293.39079017261,678.8819735265629,41.67645018105509,1.0,0.9560238341612941,0.029999971389770508,6469.740673739049,88.65281836415993,3.8460356107798837,0.45,1.3050762517423449,-0.7363552378597132,102.95369515448219,490.16582154988225,85.7624568221985,0.21003850211120134,2ba192ad-a007-47e8-843d-e4f356c01155,Speed Bump,Speed Bump,event,0.49621453205598876,ML_Ensemble(RF+XGB)_LOW_CONF,"ML ragu-ragu (Conf: 50%), pakai tebakan terbaik ML",True,1.0,0.5885792082069934,high
127,1776326949.66,-6.8556938,109.4925475,73.66425,-37.31936776693063,7.511663004185935,-3.805516437002507,2.816401583205787,3.1011837,0.11999988555908203,56.05986267577503,normal,1,5,0.0,0.0,0.2720411760509624,16220.89228623077,321.03919009338944,50.52620594696227,0.1,0.0,0.11999988555908203,5605.991613867723,67.37128738267003,15.209175752082603,0.5074626865671642,1.986326025119956,-0.15451258401253726,30.45203421816806,264.43333540412686,26.153820471094484,0.11515958854608625,2ba192ad-a007-47e8-843d-e4f356c01155,Non-Event,Non-Event,condition_like,0.8277637369306678,ML_Ensemble(RF+XGB),Dipelajari dari data (Confidence: 83%),False,1.0,0.4105737186600835,medium
128,1776326962.78,-6.8558212,109.492751,43.106823,-29.848118380096974,4.3956726303069855,-3.0436610239069384,1.1015686073589561,1.8755356,0.04999995231628418,40.78542207433522,normal,1,6,0.0,0.0,0.14555264379011423,9925.995267043409,302.4885696889472,32.814447317582896,0.1,0.0,0.04999995231628418,4078.5460970381832,51.750292364324885,11.82778356140549,0.4577114427860697,1.4358572133031524,0.48854267449410577,60.914678206049985,141.58203797745375,99.99185350544347,0.4302429788834327,2ba192ad-a007-47e8-843d-e4f356c01155,Non-Event,Non-Event,condition_like,0.7981340096995362,ML_Ensemble(RF+XGB),Dipelajari dari data (Confidence: 80%),True,1.0,0.18296951050284468,low
129,1776326973.73,-6.8562458,109.4937891,37.21618,-33.834474854908876,3.794994213110492,-3.450156256714462,0.3591162287912508,5.681738,0.0,38.20680311631499,normal,0,3,0.0,0.0,0.12614949571211925,14261.493430994466,281.678915505125,50.63031911632259,0.0,0.0,0.0,3859.7702560979087,60.48105503750467,23.39806785321186,0.5024875621890548,1.5076580217164466,-0.6444714401579118,55.208254420174626,161.03518117582925,65.4354799091212,0.34283349560156656,2ba192ad-a007-47e8-843d-e4f356c01155,Non-Event,Non-Event,condition_like,0.8326986716867802,ML_Ensemble(RF+XGB),Dipelajari dari data (Confidence: 83%),False,1.0,0.20684998985459427,low
130,1776326984.1999998,-6.8563751,109.4942614,94.93035499999999,-52.965234100650314,9.680202209725033,-5.400950793660456,3.3636744348412724,5.640462,0.18999981880187988,80.1381190227086,candidate,2,3,0.24000000953674316,0.0,0.5355479756658964,22589.932040073763,283.3654052332843,79.72014770736094,0.24000000953674316,0.9803438147520944,0.18999981880187988,8013.819544844736,85.10958249794325,22.211213730384543,0.535,3.5426709974771704,-0.7201401146884161,43.109591541425225,195.36782863739452,44.88798505446457,0.22065859881556366,2ba192ad-a007-47e8-843d-e4f356c01155,Speed Bump,Speed Bump,event,0.5555025313756405,ML_Ensemble(RF+XGB)_LOW_CONF,"ML ragu-ragu (Conf: 56%), pakai tebakan terbaik ML",True,1.0,0.6865150866205852,high
131,1776327144.25,-6.870865,109.492497,39.21635,-31.189497021795997,3.998954790881698,-3.1804435787752188,2.2474394979342605,10.641896,0.059999942779541016,40.74587500290279,normal,1,4,0.0,0.0,0.04095476255973715,9214.81624662966,113.59392890375113,81.12067479694939,0.1,0.0,0.059999942779541016,4074.591386123434,48.095811702987234,19.387378792514895,0.5621890547263682,1.5870062302461339,-1.046987803169769,16.41992996965081,82.70438069480653,14.469618239293805,0.1985376062690752,2ba192ad-a007-47e8-843d-e4f356c01155,Non-Event,Normal,condition_like,0.92,R6,amplitudo rendah + tidak ada struktur event → Non-Event,False,1.0,0.24230076579889973,low
132,1776327160.6,-6.8717012,109.492014,17.116323,-45.5094245203875,1.7453792069667013,-4.640669802673441,0.749127813529174,11.583359,0.0,21.37425264926732,normal,0,0,0.0,0.0,0.9284779728601469,20018.988320116132,6.729778825828532,2974.686964242773,0.0,0.0,0.0,2137.427303336254,37.80696517462647,0.023398758730309263,0.0,3.406180005351124,2.1302289468950555,3.9346353364316298,0.7602919213762094,2.034851568020693,5.175157134581142,635ce134-fb1a-4d66-97a1-2eba272d836a,Non-Event,Normal,condition_like,0.92,R6,amplitudo rendah + tidak ada struktur event → Non-Event,False,1.0,0.3423189063495464,medium
133,1776327186.58,-6.8742637,109.4905932,71.89536,-32.71945231640757,7.331286422988482,-3.336455600679903,2.918531869993082,10.716585,0.25999975204467773,45.99826822986964,normal,1,3,0.0,0.0,0.1481899529202873,9772.296348639129,196.27422257171827,49.788995064185535,0.1,0.0,0.25999975204467773,4599.831209727849,62.692959240860965,55.283445338709626,0.5472636815920398,6.62117692511638,-0.11822374536228486,22.02489746658273,163.8143244510881,10.435000654047426,0.13445037487371,635ce134-fb1a-4d66-97a1-2eba272d836a,Non-Event,Normal,condition_like,0.92,R6,amplitudo rendah + tidak ada struktur event → Non-Event,False,1.0,0.32058027793800453,medium
134,1776327546.75,-6.8993811,109.4768036,32.66103,-31.648280157252017,3.3304981823558504,-3.227226438921754,0.37238140331016806,16.581879,0.07999992370605469,30.08262133807157,normal,1,6,0.0,0.0,0.043915357955931975,16864.228876887602,364.35157614605214,46.28559318717452,0.1,0.0,0.07999992370605469,4548.976569351544,59.822728432288955,12.048688871113699,0.5024875621890548,1.0135169494207332,0.487497091280305,63.370561956575465,279.656177739115,21.324836450361687,0.22660168726574945,635ce134-fb1a-4d66-97a1-2eba272d836a,Non-Event,Non-Event,condition_like,0.6888401091098786,ML_Ensemble(RF+XGB),Dipelajari dari data (Confidence: 69%),True,1.0,0.15277207802012807,low
135,1776327632.81,-6.9010144,109.4895721,83.423996,-36.51745879950697,8.506880127260585,-3.723744479461077,0.47682948160872984,15.341241,0.059999942779541016,34.99944085654473,normal,1,4,0.0,0.0,0.11626227517960146,13668.38771871942,394.8106075740781,34.62011258533553,0.1,0.0,0.059999942779541016,3499.9474234644395,61.6809812682871,14.457268553360375,0.40298507462686567,1.975820633931865,-0.43905368336377176,56.331665525178124,309.6531895475699,28.825752501330104,0.18191856969264547,635ce134-fb1a-4d66-97a1-2eba272d836a,Non-Event,Non-Event,condition_like,0.8222521953990316,ML_Ensemble(RF+XGB),Dipelajari dari data (Confidence: 82%),False,1.0,0.24562078653640057,low
136,1776327667.53,-6.9008338,109.4941083,88.664567,-33.848904657896256,9.04126964865678,-3.4516276871200926,3.5742546709834313,16.671747,0.09999990463256836,37.847366048223996,normal,2,2,0.6500000953674316,0.0,0.4566261032566202,9866.403930936998,352.70089405675554,27.973855664157945,0.6500000953674316,0.8734559110385155,0.09999990463256836,3784.740214231936,58.654170464991225,2.862163053233525,0.4925373134328358,3.1215213090743124,-0.199938612887193,61.49632930259183,261.4811894513419,29.723375302821843,0.2351845239668796,635ce134-fb1a-4d66-97a1-2eba272d836a,Pothole,Pothole,event,0.7105166767499386,ML_Ensemble(RF+XGB),Dipelajari dari data (Confidence: 71%),True,1.0,0.3205438551089842,medium
137,1776327833.11,-6.9003327,109.5175285,36.804245,-51.36620836496302,3.7529885332911856,-5.237895546895528,1.4681177633389122,17.138735,0.0,38.08189630452732,candidate,0,0,0.0,0.0,0.9844833852867403,25384.808086051773,25.84120850120625,982.3382332342775,0.0,0.0,0.0,3808.193262228838,38.08189630452732,0.020746178348909072,0.0,6.155122110170785,2.7530076656461624,5.233609073943988,19.01641660614507,1.5911828211171877,0.27521529987082166,7b68bd61-6146-4cdb-8ad6-424ae6e78950,Non-Event,Normal,condition_like,0.92,R6,amplitudo rendah + tidak ada struktur event → Non-Event,False,1.0,0.5115612451607173,high
138,1776327895.0,-6.9003327,109.5175285,93.7458,-31.09359831110443,9.559411215858628,-3.1706646317656317,6.2529645540791785,17.138735,0.039999961853027344,42.43507795890807,candidate,1,4,0.0,0.0,0.21393382871418365,15504.550287046895,438.7811563739898,35.335497038747675,0.1,0.0,0.039999961853027344,4243.511842819063,58.5967611931693,4.304237211380962,0.48756218905472637,0.5981411084397883,-0.5521019643079172,67.82258061970492,289.95453803052567,81.00403772375927,0.23390763547441737,7b68bd61-6146-4cdb-8ad6-424ae6e78950,Non-Event,Normal,condition_like,0.92,R6,amplitudo rendah + tidak ada struktur event → Non-Event,False,1.0,0.3700499517668487,medium
139,1776327906.98,-6.8982702,109.522018,92.271042,-46.87282365608101,9.409027751576737,-4.779697823016118,0.8440657713283514,7.9533443,0.20999979972839355,80.12532674021256,normal,1,4,0.0,0.0,0.15353066982600885,24661.646240956907,541.5038459474413,45.54288280679672,0.1,0.0,0.20999979972839355,8012.540315375164,83.9405627146487,19.164187254599966,0.5124378109452736,5.412593512968254,-0.4991560184162721,48.365164346690506,451.6929398400313,41.44574176071944,0.10707531593640558,7b68bd61-6146-4cdb-8ad6-424ae6e78950,Non-Event,Normal,condition_like,0.92,R6,amplitudo rendah + tidak ada struktur event → Non-Event,False,1.0,0.5108401841429923,high
140,1776327951.65,-6.8963452,109.5218313,77.97767,36.953836221551356,7.951509434924262,3.7682425926846945,4.937374923727057,7.8502927,0.07999992370605469,47.72600306855786,candidate,1,3,0.0,0.0,0.08655657233471872,7312.153211623675,262.978998506199,27.805084152551547,0.1,0.0,0.07999992370605469,4772.6048583664615,56.31845763742592,10.37328522218412,0.39800995024875624,6.557736458511451,1.5205027368448445,62.61828005306008,132.19002269558402,68.17069575755494,0.47369898501010654,7b68bd61-6146-4cdb-8ad6-424ae6e78950,Non-Event,Non-Event,condition_like,0.7259511498921837,ML_Ensemble(RF+XGB),Dipelajari dari data (Confidence: 73%),True,1.0,0.44490222420008635,medium
141,1776327954.22,-6.8955923,109.5218136,102.891415,-48.32330191545175,10.49200440517404,-4.927605442781353,3.432144330019545,5.849049,0.31999969482421875,57.32935583269429,normal,2,3,0.2999999523162842,0.0,0.23745054327294646,12652.539960016995,437.03074135351835,28.95114401307319,0.2999999523162842,0.4666486437303742,0.31999969482421875,5732.9410506280665,78.48039926711877,5.346342518738298,0.472636815920398,10.52573368190294,-0.6005101642271344,52.58328691545742,337.50817220153505,46.939282236525926,0.15579855864426298,7b68bd61-6146-4cdb-8ad6-424ae6e78950,Non-Event,Non-Event,condition_like,0.6634857982724578,ML_Ensemble(RF+XGB),Dipelajari dari data (Confidence: 66%),True,1.0,0.6186434573053184,high
142,1776327970.51,-6.895093,109.5217288,59.066069999999996,30.514569697371442,6.023062921588922,3.1116201452454653,1.5680905040421576,7.580147,0.1699998378753662,37.69392011387539,normal,2,3,0.309999942779541,0.0,0.3111211976649127,12075.139812654723,346.82027818913105,34.81670633818331,0.309999942779541,0.9188989310896242,0.1699998378753662,3769.395606163317,57.57989721584346,3.8237994071752115,0.48756218905472637,1.9722373254310472,0.13975993221937935,57.75178349923126,236.02553492450778,53.04295976539201,0.24468447141966465,7b68bd61-6146-4cdb-8ad6-424ae6e78950,Non-Event,Non-Event,condition_like,0.720171064257185,ML_Ensemble(RF+XGB),Dipelajari dari data (Confidence: 72%),True,1.0,0.20740909347512881,low
143,1776328038.22,-6.8900317,109.520653,49.193962,-34.82151697859484,5.016388063202011,-3.5508065423559367,2.0799136377053014,8.720802,0.22999978065490723,52.47018120779323,normal,2,3,0.20000004768371582,0.0,0.41643163308236,15322.550384601074,145.1846127367561,105.53838998658227,0.20000004768371582,0.5835887635385963,0.22999978065490723,5247.023124730515,63.70814023910994,18.33651949477172,0.5572139303482587,2.581020578804501,-0.5378902181752526,22.90511589106444,95.79642720844721,26.483069637244462,0.2391019823956724,7b68bd61-6146-4cdb-8ad6-424ae6e78950,Non-Event,Non-Event,condition_like,0.8471518577848162,ML_Ensemble(RF+XGB),Dipelajari dari data (Confidence: 85%),False,1.0,0.34410202351866276,medium
144,1776328125.88,-6.8830577,109.5176164,46.982502,-31.29203446264601,4.790881901566794,-3.190899487862421,1.53234617297402,9.927559,0.08999991416931152,36.998738537615736,normal,1,4,0.0,0.0,0.05249280882290683,15625.815810772192,140.27717566110923,111.3924316321397,0.1,0.0,0.08999991416931152,3699.877382239607,52.18102764389723,11.997326021490434,0.582089552238806,0.24759082796059229,-0.431669952414746,20.299238610739245,95.41315011742742,24.564786932942546,0.21275095071282626,7b68bd61-6146-4cdb-8ad6-424ae6e78950,Non-Event,Non-Event,condition_like,0.8205681889586978,ML_Ensemble(RF+XGB),Dipelajari dari data (Confidence: 82%),False,1.0,0.20979225096658133,low
145,1776329018.99,-6.9010308,109.4892958,90.68899,-39.81556070206103,9.247703344159321,-4.060057277669849,1.0243122925437584,16.379683,0.23999977111816406,45.07296085040098,normal,3,4,0.3999999761581421,0.2399998903274536,0.4639590076642945,14307.375050760722,274.8365375175964,52.05776178062544,0.7999999523162842,0.6578769739938879,0.23999977111816406,4507.30038353671,71.42196158709652,22.030816007055964,0.4527363184079602,3.6671913401103646,-0.1859787070916717,53.21860418274387,193.77554135158627,27.842391983266268,0.2746404604879601,606f1311-3f3f-40aa-9c26-05d27f54675c,Non-Event,Non-Event,condition_like,0.7921165489355895,ML_Ensemble(RF+XGB),Dipelajari dari data (Confidence: 79%),True,1.0,0.36139552040380163,medium
146,1776329052.64,-6.9008414,109.4937002,86.67258,-32.21409671843685,8.838143504662652,-3.2849236710229133,2.1302631702380133,19.301962,0.09999990463256836,44.968331572340105,normal,1,3,0.0,0.0,0.1843280873913677,10660.592323682817,341.02628047576815,31.260324798281896,0.1,0.0,0.09999990463256836,4496.837445752388,49.79911550393531,4.385143228603371,0.39800995024875624,3.6596365090053506,-1.449021554888728,34.26430915028757,279.83358569978355,26.928385625696986,0.12244530599197755,606f1311-3f3f-40aa-9c26-05d27f54675c,Non-Event,Normal,condition_like,0.92,R6,amplitudo rendah + tidak ada struktur event → Non-Event,False,1.0,0.27114175441661376,low
147,1776329059.98,-6.9007633,109.4954317,77.38683366666667,-30.79271559998114,7.891260896092619,-3.1399831338919144,2.1354312288931574,18.184622,0.039999961853027344,47.76770209072615,normal,1,5,0.0,0.0,0.16684896718170264,14071.339447816365,217.7055771065721,64.63472167409559,0.1,0.0,0.039999961853027344,4776.774764560023,58.447919811117046,23.244558307984473,0.43283582089552236,1.4456919086840667,-0.06821883192895452,16.54730302209538,185.89337171091495,15.264902373561759,0.08901502393970921,606f1311-3f3f-40aa-9c26-05d27f54675c,Non-Event,Non-Event,condition_like,0.8086655511864984,ML_Ensemble(RF+XGB),Dipelajari dari data (Confidence: 81%),False,1.0,0.2544041818216233,low
148,1776329095.35,-6.900615666666667,109.50114743333332,80.56130166666667,-37.440166908365214,8.21496654481058,-3.8178345213059726,3.911017843451299,19.270588,0.08999991416931152,45.99589322361993,normal,2,4,0.14999985694885254,0.0,0.0039213294417092225,11566.448376088945,237.41748273844408,48.71776161536344,0.14999985694885254,0.805626605802406,0.08999991416931152,4599.593708876379,62.95429281208507,10.148978626970326,0.40298507462686567,3.2339496475153924,-0.8199420872929345,24.205590262648833,186.78947059237265,26.422421883422526,0.12958755146260204,606f1311-3f3f-40aa-9c26-05d27f54675c,Non-Event,Non-Event,condition_like,0.8192083964272323,ML_Ensemble(RF+XGB),Dipelajari dari data (Confidence: 82%),False,1.0,0.413112077285704,medium
149,1776329099.67,-6.9006062,109.5023057,76.35594,-35.788524466938426,7.786138997516992,-3.649413863749438,0.7537679377451011,18.949936,0.09999990463256836,50.18899525265813,normal,1,3,0.0,0.0,0.15831196620488908,13639.441997374151,263.5084985722695,51.76091860229888,0.1,0.0,0.09999990463256836,5018.904311665951,61.9839588648899,19.90647905504674,0.48258706467661694,2.233992136359821,-0.3194877492921351,28.437419421731015,205.13780699227516,29.933272158263332,0.1386259300518697,606f1311-3f3f-40aa-9c26-05d27f54675c,Non-Event,Non-Event,condition_like,0.8876083910919542,ML_Ensemble(RF+XGB),Dipelajari dari data (Confidence: 89%),False,1.0,0.29733432117688885,low
150,1776329120.44,-6.900555,109.5058867,63.562675,31.927971047591694,6.481589023774684,3.255746972471914,1.5125984606270264,19.225904,0.09999990463256836,45.87936265047623,normal,1,5,0.0,0.0,0.1025009109625536,12977.193915070251,248.55653948359094,52.21022906829109,0.1,0.0,0.09999990463256836,4587.940640448777,55.13991371421335,3.7276852545992853,0.43283582089552236,2.1083580073671238,0.4715775148119082,23.4310802025121,202.2359880309155,22.889471250163318,0.11586009154349984,606f1311-3f3f-40aa-9c26-05d27f54675c,Non-Event,Non-Event,condition_like,0.9161427759338383,ML_Ensemble(RF+XGB),Dipelajari dari data (Confidence: 92%),False,1.0,0.24921319624071805,low
151,1776329171.34,-6.90045,109.514135,54.41173,-32.84247183193946,5.548452325717753,-3.349000100129959,1.1914412013070033,17.194296,0.2199997901916504,33.97513156082526,normal,1,4,0.0,0.0,0.26950020580294454,15898.748001458207,263.65206920061894,60.30200327788241,0.1,0.0,0.2199997901916504,3397.5163962066526,61.65882891797217,15.083919071473106,0.4527363184079602,2.068085865758003,-0.11595705699464162,34.21018759956468,203.54307194112823,25.898809659926094,0.1680734554374123,606f1311-3f3f-40aa-9c26-05d27f54675c,Non-Event,Non-Event,condition_like,0.74809798575672,ML_Ensemble(RF+XGB),Dipelajari dari data (Confidence: 75%),True,1.0,0.2218151445301853,low
152,1776329227.41,-6.8998175,109.52408629999998,73.31928433333333,-32.85940688519349,7.476486295863861,-3.350726994967037,0.7198954066029735,17.113186,0.15999984741210938,39.76677946487344,normal,2,2,0.7699999809265137,0.0,0.3506856970302674,13763.224904119128,296.827361106746,46.36777690046497,0.7699999809265137,0.6519102909878184,0.15999984741210938,3976.6817389465828,59.13376787416551,15.10164646745216,0.4975124378109453,2.4218188357411776,-0.6607865110310918,55.83747739662332,221.30252779952946,19.687355910593237,0.2523128754990623,606f1311-3f3f-40aa-9c26-05d27f54675c,Non-Event,Non-Event,condition_like,0.6450955667883075,ML_Ensemble(RF+XGB)_LOW_CONF,"ML ragu-ragu (Conf: 65%), pakai tebakan terbaik ML",True,1.0,0.22116148290397433,low
153,1776329411.27,-6.8855867,109.5239067,88.4208,-36.059191073315844,9.01641233244788,-3.677014176432915,0.9341279469585859,11.8597145,0.17999982833862305,63.26059926144696,normal,1,3,0.0,0.0,0.028432616570251257,16930.066772323342,308.52162510352275,54.874813756629656,0.1,0.0,0.17999982833862305,6326.065959151326,69.65396288988221,15.087957644934354,0.4975124378109453,3.9245457629591654,-0.08461079922203987,51.83655118407217,210.2893202574498,46.39575366200088,0.24650111034697056,3a9b8fd6-92e7-4ce1-89d1-f0025de3bc91,Non-Event,Non-Event,condition_like,0.6689077872359734,ML_Ensemble(RF+XGB),Dipelajari dari data (Confidence: 67%),True,1.0,0.3461897118222869,medium
154,1776329415.03,-6.8855867,109.5239067,29.002764,-29.53026561013499,2.9574588671972593,-3.01124906161992,2.1363480578357894,11.8597145,0.0,44.53535506184302,normal,0,6,0.0,0.0,0.04082611266758016,14706.519121012767,142.24805668646277,103.38643184449141,0.0,0.0,0.0,4453.539753410782,51.12646507886316,18.92098855838707,0.6169154228855721,-0.009339632052007829,-0.2917292387660349,27.332408568248983,84.34733214359541,30.568315974618393,0.32404591288876294,3a9b8fd6-92e7-4ce1-89d1-f0025de3bc91,Non-Event,Non-Event,condition_like,0.7946637994524033,ML_Ensemble(RF+XGB),Dipelajari dari data (Confidence: 79%),True,1.0,0.22135014471032438,low
155,1776329476.92,-6.8822098,109.52279,70.221033,-30.593932282052375,7.1605525842158135,-3.1197128766757634,4.3940695951977435,3.3330586,0.14999985694885254,41.23712938777163,candidate,2,4,0.2799999713897705,0.0,0.41207243637147734,11401.504328009127,231.97573795974333,49.149554945432136,0.2799999713897705,0.8529290267354115,0.14999985694885254,4123.716871460031,56.06773801917919,4.5766351322195575,0.4228855721393035,2.501115122989848,-0.41977374602963324,38.38384949283699,150.3290042691178,43.26288419778854,0.25533229215561243,3a9b8fd6-92e7-4ce1-89d1-f0025de3bc91,Non-Event,Non-Event,condition_like,0.7489885354624273,ML_Ensemble(RF+XGB),Dipelajari dari data (Confidence: 75%),True,1.0,0.3131330052383587,medium
156,1776329486.99,-6.8812917,109.522345,53.0918315,-29.67851608376056,5.413860135724228,-3.0263664027736854,0.8218377933118098,5.0288363,0.0,38.19969296169719,normal,0,5,0.0,0.0,0.07479350588910826,10690.712722764674,239.79922312808043,44.58193207937404,0.0,0.0,0.0,3819.9729391798005,52.194023089961306,10.10492410167183,0.5024875621890548,0.8269310151167035,-0.540006544817205,36.67672382113953,162.6651097924931,40.45738951444777,0.2254738194469182,3a9b8fd6-92e7-4ce1-89d1-f0025de3bc91,Non-Event,Non-Event,condition_like,0.8593992054022858,ML_Ensemble(RF+XGB),Dipelajari dari data (Confidence: 86%),False,1.0,0.15868186339877044,low
157,1776329585.9,-6.8753121,109.5220103,48.249107,33.040424377533554,4.920039666960685,3.369185642144214,0.6541515064856918,6.6152563,0.029999971389770508,37.86407356077888,normal,1,4,0.0,0.0,0.09490980627135828,8744.03794027475,140.63585740026582,62.17502449046965,0.1,0.0,0.029999971389770508,3786.4109670807784,52.87682582211626,8.211014042850296,0.5124378109452736,2.8941331706455973,0.5407713851657352,29.627119774731295,75.03132586453972,35.9774117609948,0.39486333259465867,3a9b8fd6-92e7-4ce1-89d1-f0025de3bc91,Non-Event,Normal,condition_like,0.92,R6,amplitudo rendah + tidak ada struktur event → Non-Event,False,1.0,0.20564647292798424,low
158,1776329626.39,-6.8728765,109.5223587,69.98638249999999,37.51511192191147,7.136624892292475,3.8254767858454692,0.428979925411726,7.925517,0.04999995231628418,52.03465285288385,normal,1,4,0.0,0.0,0.027098094303160375,11166.667833369938,199.5728656219879,55.95283578564209,0.1,0.0,0.04999995231628418,5203.4702477043165,54.57028421937082,3.4551683875070536,0.4427860696517413,3.1638888822863533,1.2358744512399797,38.576021001290044,114.00913757818027,46.987707042517556,0.3383590252709176,3a9b8fd6-92e7-4ce1-89d1-f0025de3bc91,Non-Event,Non-Event,condition_like,0.7224884103404151,ML_Ensemble(RF+XGB),Dipelajari dari data (Confidence: 72%),True,1.0,0.31531968799054544,medium
159,1776329731.42,-6.8662444,109.5221933,65.09364,-33.620612416511875,6.637704006974858,-3.4283483571364206,1.628235214528297,3.6694262,0.1099998950958252,38.88672789853563,normal,1,5,0.0,0.0,0.18461704011630836,8388.593671470144,173.74839314551275,48.28012202774531,0.1,0.0,0.1099998950958252,3888.6764983844646,59.18883017341052,3.712698820381523,0.3880597014925373,4.862094120527459,-0.7093939661536245,32.26995821213981,105.85273859711401,35.62569633625894,0.3048570904726931,3a9b8fd6-92e7-4ce1-89d1-f0025de3bc91,Pothole,Pothole,event,0.7480880550808376,ML_Ensemble(RF+XGB),Dipelajari dari data (Confidence: 75%),True,1.0,0.25639917918204536,low
160,1776329767.595,-6.8666887,109.5242986,75.036845,-32.83329362373298,7.651628741721179,-3.3480641833585354,2.179816215393083,6.014732,0.06999993324279785,41.79700243080161,normal,1,7,0.0,0.0,0.2926660861309906,26924.033764958356,721.6579256262963,37.30858176924136,0.1,0.0,0.06999993324279785,5354.461264461118,65.59672524808161,26.498961633836675,0.465,0.3810726635800319,-0.055587986548318376,96.32330702976215,539.2359983363865,86.09862026014763,0.17862922198870793,3a9b8fd6-92e7-4ce1-89d1-f0025de3bc91,Non-Event,Normal,condition_like,0.92,R6,amplitudo rendah + tidak ada struktur event → Non-Event,False,1.0,0.26944350444609827,low
161,1776329851.86,-6.8702652,109.530927,54.522274,30.344070198480978,5.559724676622497,3.0942340349131436,2.5089620667095587,6.3375797,0.029999971389770508,37.220809222666915,normal,1,2,0.0,0.0,0.11218673670855041,12681.202714020901,250.15569234126156,50.69324045613964,0.1,0.0,0.029999971389770508,3722.084471923056,59.692925647943014,8.980566265297083,0.527363184079602,1.2192980838666427,0.6267090890381984,41.31913915519216,167.32241516493676,41.51413802113262,0.2469432375065762,3a9b8fd6-92e7-4ce1-89d1-f0025de3bc91,Non-Event,Non-Event,condition_like,0.9261076794980818,ML_Ensemble(RF+XGB),Dipelajari dari data (Confidence: 93%),False,1.0,0.22408653605707934,low
162,1776329866.11,-6.8708924,109.5312574,57.320026,30.508463990059614,5.8450159840516385,3.1109975363717086,2.646366769064003,8.840767,0.07999992370605469,50.59943995459549,normal,1,3,0.0,0.0,0.13298072440528844,17071.91540427261,208.62495655981243,81.83064770368196,0.1,0.0,0.07999992370605469,5059.948821002782,60.802416635413,16.154686596122136,0.5422885572139303,0.6158197403195227,-0.006150054486408271,39.10370426470547,123.89616846216327,45.6250838329437,0.31561673322472955,3a9b8fd6-92e7-4ce1-89d1-f0025de3bc91,Non-Event,Non-Event,condition_like,0.9013803647935779,ML_Ensemble(RF+XGB),Dipelajari dari data (Confidence: 90%),False,1.0,0.2795266502178288,low
163,1776329883.61,-6.8718437,109.5321255,63.044254,-35.06708882680544,6.428724793889861,-3.5758479018630664,2.5646989044768977,8.133464,0.059999942779541016,50.277762907184766,normal,2,4,0.21000003814697266,0.0,0.0804782863140406,12535.603340860278,154.29865927251814,81.24246392496366,0.21000003814697266,0.9207199334402559,0.059999942779541016,5027.781085584166,56.20764493481677,19.888646353292405,0.5621890547263682,1.236950317127481,-0.5215110397613,41.11788946716429,72.22515612382554,40.955613681528305,0.5693014886304812,3a9b8fd6-92e7-4ce1-89d1-f0025de3bc91,Non-Event,Non-Event,condition_like,0.7877564317120447,ML_Ensemble(RF+XGB),Dipelajari dari data (Confidence: 79%),True,1.0,0.34395968749443806,medium
164,1776330093.5199997,-6.8901653,109.5311733,83.4971825,-35.68281201845009,8.514343073322694,-3.6386341939857236,4.768969776455917,7.4466925,0.029999971389770508,59.07194676557776,candidate,1,4,0.0,0.0,0.12166772886408729,23591.575168831674,745.4742968325446,31.646396445087145,0.1,0.0,0.029999971389770508,5907.200310102994,61.893237131573066,17.949030350952867,0.545,0.15093400886297692,-0.4277910646755375,137.7774750570294,440.29065878163345,167.4061629938818,0.3129239105943367,44eda033-50cf-4664-89ef-2aa88372c53f,Non-Event,Non-Event,condition_like,0.7890265074448708,ML_Ensemble(RF+XGB),Dipelajari dari data (Confidence: 79%),True,1.0,0.4539172753858811,medium
165,1776330131.85,-6.8922409,109.5311397,49.99846,35.855244035550726,5.098424028592843,3.6562173663331237,0.7189642674100709,10.874035,0.0,34.70815073590119,normal,0,3,0.0,0.0,0.022802946042396893,14582.91450620568,427.97599721150675,34.074140996567685,0.0,0.0,0.0,3470.8183836204685,57.345856171629634,5.478953877522835,0.4925373134328358,0.9755675220261852,0.7917404734574534,51.12061062958445,330.01159620301235,46.843790378909944,0.15490549745176596,44eda033-50cf-4664-89ef-2aa88372c53f,Non-Event,Non-Event,condition_like,0.8467372339301639,ML_Ensemble(RF+XGB),Dipelajari dari data (Confidence: 85%),False,1.0,0.23809191631664156,low
166,1776330134.467778,-6.8930405,109.531108,98.89801,-60.97407502076769,10.084790422825328,-6.217625287000932,6.023662852062066,7.968693699999999,0.0,66.61390894595803,candidate,0,5,0.0,0.0,0.33096123459415716,90827.2158721367,1422.973443931056,63.829171370473,0.0,0.0,0.0,8073.851875484616,102.40769527119086,35.50486593787783,0.48,-0.19419211675558534,0.018850047746186004,96.37403510593248,1226.9734917315734,99.62591709355002,0.0785461427462283,44eda033-50cf-4664-89ef-2aa88372c53f,Speed Bump,Speed Bump,event,0.5239837634563446,ML_Ensemble(RF+XGB)_LOW_CONF,"ML ragu-ragu (Conf: 52%), pakai tebakan terbaik ML",True,1.0,0.8500000000000001,high
167,1776330141.77,-6.8930405,109.531108,70.11851,31.92332088014022,7.150098147685499,3.255272787357581,3.5106302355310794,7.9686937,0.029999971389770508,44.04238760453081,normal,1,5,0.0,0.0,0.11750024568929833,17895.337437104623,438.22106771267573,40.8363237524709,0.1,0.0,0.029999971389770508,4404.2429606664755,61.07568835226552,41.95185623412748,0.5124378109452736,1.0480165066876017,0.11084428525102268,30.86919100739496,379.41386857278957,27.938008132491177,0.0813602071061685,44eda033-50cf-4664-89ef-2aa88372c53f,Non-Event,Non-Event,condition_like,0.8661382505061134,ML_Ensemble(RF+XGB),Dipelajari dari data (Confidence: 87%),False,1.0,0.3043698824906753,medium
168,1776330217.8266666,-6.8983373,109.5329715,85.138577,-43.51970752883733,8.681718731676975,-4.437775135121304,2.8748370593375068,6.3594713,0.0,36.226357828119745,normal,0,3,0.0,0.0,0.0013517640286571813,17586.45550954764,446.85473329255984,39.356090827569986,0.0,0.0,0.0,3622.639237629973,53.8661204658237,15.41732637474492,0.47,0.27124066469998676,-0.29972806969065835,69.78790074647031,319.4420679267565,57.62476461933304,0.2184680965188454,44eda033-50cf-4664-89ef-2aa88372c53f,Non-Event,Non-Event,condition_like,0.6642347762523553,ML_Ensemble(RF+XGB),Dipelajari dari data (Confidence: 66%),True,1.0,0.4322486983398449,medium
169,1776330222.8,-6.898337299999999,109.53297149999999,77.40826533333333,-35.12806501149393,7.893446317889731,-3.582065742276306,1.2001452208807557,6.3594713,0.039999961853027344,30.585924378002893,normal,1,3,0.0,0.0,0.12819218927707948,9814.650062094093,250.32404770785084,39.20777932746132,0.1,0.0,0.039999961853027344,3058.5953547041236,53.14906091322674,7.312623137689252,0.46766169154228854,2.7554471733939714,-0.8288293999020286,28.700345783043055,198.0937854216601,23.52991650314771,0.14488261495467525,44eda033-50cf-4664-89ef-2aa88372c53f,Non-Event,Non-Event,condition_like,0.7554286600347139,ML_Ensemble(RF+XGB),Dipelajari dari data (Confidence: 76%),True,1.0,0.23226778043645777,low
170,1776330235.47,-6.9002631,109.5333778,108.463135,-38.382900872766704,11.060161726991378,-3.9139666321084885,4.080865106008468,12.331162,0.3099997043609619,47.674237739220615,candidate,4,4,0.27666664123535156,0.08730544692401017,0.5006430280579398,13230.407196875805,390.50099889602876,33.88059748988713,0.8299999237060547,0.9941891485252649,0.3099997043609619,4767.428320496006,64.54652968101345,7.655979704015214,0.472636815920398,3.450468733633139,-0.1675906013840497,57.0265979759768,291.6712836249932,41.803117295058755,0.1955166688736496,44eda033-50cf-4664-89ef-2aa88372c53f,Non-Event,Non-Event,condition_like,0.8448701111542581,ML_Ensemble(RF+XGB),Dipelajari dari data (Confidence: 84%),False,1.0,0.45528793530769646,medium
171,1776330242.49,-6.9002631,109.5333778,86.131645,-38.50914127815325,8.782983485695931,-3.926839570919045,3.3601119536082797,12.331162,0.2499997615814209,56.079863657350295,normal,2,5,0.18000006675720215,0.0,0.21918719139738924,21254.960186031087,463.1904726068283,45.888163503278385,0.18000006675720215,0.7568880874226261,0.2499997615814209,5607.9917139326935,64.53039905644283,26.45614981560702,0.4975124378109453,1.573578852810524,-0.4165672473945356,54.87489534690759,342.5336985704223,65.78187868949833,0.16020290971582413,44eda033-50cf-4664-89ef-2aa88372c53f,Non-Event,Non-Event,condition_like,0.9097795264115409,ML_Ensemble(RF+XGB),Dipelajari dari data (Confidence: 91%),False,1.0,0.4567125284012403,medium
172,1776330352.12,-6.9072194,109.5333626,55.624596,-31.882866814820805,5.672130238154722,-3.251147620728873,1.3399636099303218,1.8712497,0.1399998664855957,26.057598451178972,normal,1,3,0.0,0.0,0.34113420643692033,11815.934411754115,116.80807171763811,101.15683048993496,0.1,0.0,0.1399998664855957,2605.762330166506,59.85696141740013,13.379803205580606,0.4925373134328358,1.2817779903219595,-0.3047717529524992,26.286410917595255,66.49605382161567,24.025606978427174,0.3953078267291492,44eda033-50cf-4664-89ef-2aa88372c53f,Non-Event,Normal,condition_like,0.92,R6,amplitudo rendah + tidak ada struktur event → Non-Event,False,1.0,0.17969624826402464,low
173,1776330451.16,-6.9000137,109.5269511,78.754963,-34.225445596754454,8.030771262357687,-3.4900241771404565,1.0391461915027596,12.723315,0.15999984741210938,34.61500365897956,normal,3,4,0.26499998569488525,0.10499989986419678,0.02458247098802846,11690.924368712775,250.39144171259267,46.69059070893247,0.5299999713897705,0.826929089841818,0.15999984741210938,3461.5036670450995,54.91967965902169,6.385326572484073,0.48756218905472637,1.7641162882757335,-0.8562024530251672,44.31299517475543,177.57703569779957,28.50141084003766,0.24954237326398931,44eda033-50cf-4664-89ef-2aa88372c53f,Non-Event,Non-Event,condition_like,0.7890457495243002,ML_Ensemble(RF+XGB),Dipelajari dari data (Confidence: 79%),True,1.0,0.23552516704033385,low
174,1776330465.76,-6.8993255,109.5257563,76.46238,-31.56497007854604,7.796992856887928,-3.218731175125659,4.471934682997901,13.707379,0.2199997901916504,33.04729771959533,candidate,2,4,0.40000009536743164,0.0,0.03448472832651395,6917.799083125754,185.43143357983587,37.30650684335485,0.40000009536743164,0.5634587786125028,0.2199997901916504,3304.7329235984444,49.49415476114294,7.600872677511201,0.47761194029850745,6.080055375435517,-0.9454831643013868,18.495969631100262,155.4432685953962,11.492195353339426,0.1189885524104291,44eda033-50cf-4664-89ef-2aa88372c53f,Non-Event,Non-Event,condition_like,0.4638479958640205,ML_Ensemble(RF+XGB)_LOW_CONF,"ML ragu-ragu (Conf: 46%), pakai tebakan terbaik ML",True,1.0,0.3085318090318037,medium
175,1776330570.82,-6.9071312,109.5240146,73.232923,-34.07747416144638,7.467679890686423,-3.474935289976331,0.6001416570407565,8.085454,0.039999961853027344,43.72781259529931,normal,1,5,0.0,0.0,0.40505858302791814,13415.308239418779,216.84857407277445,61.86486692345844,0.1,0.0,0.039999961853027344,4372.785429743087,60.95535910600237,14.428611393322358,0.38308457711442784,2.406474961741952,-0.35319624286656304,28.874990238045065,163.82958262217932,24.144001212550048,0.17625015946226183,44eda033-50cf-4664-89ef-2aa88372c53f,Non-Event,Normal,condition_like,0.92,R6,amplitudo rendah + tidak ada struktur event → Non-Event,False,1.0,0.24000438785444958,low
176,1776330657.32,-6.9136273,109.5227905,84.07347,-37.31153369176873,8.573108044031347,-3.804717583656879,1.6772639003932865,13.218589,0.42999958992004395,37.8302453418154,normal,2,3,0.2200000286102295,0.0,0.4229519236452795,9801.399559143778,299.07820654323893,32.772028559542406,0.2200000286102295,0.5305179892812448,0.42999958992004395,3783.028141958317,60.04291283159203,12.43510268754885,0.48258706467661694,5.514328377291308,-0.35813278168127427,16.111479131761463,270.832523598732,12.134203812745481,0.059488715971733386,44eda033-50cf-4664-89ef-2aa88372c53f,Non-Event,Non-Event,condition_like,0.8049262313767256,ML_Ensemble(RF+XGB),Dipelajari dari data (Confidence: 80%),False,1.0,0.3349672212783627,medium
177,1776330736.51,-6.9187536,109.5175551,78.71052499999999,-34.206375145251265,8.026239847450453,-3.488079532281795,0.25130317192337626,14.5803,0.3399996757507324,30.920152712623867,normal,2,4,0.2799999713897705,0.0,0.5379602522220218,10128.033537105512,157.89801847752415,64.14287886965661,0.2799999713897705,0.9116685279309534,0.3399996757507324,3092.018220040749,66.96024481130914,15.662119068174459,0.47761194029850745,6.409629718229446,-0.425970171035026,32.7146638257188,104.46672389864335,20.716630753161986,0.3131587006049967,44eda033-50cf-4664-89ef-2aa88372c53f,Pothole,Pothole,event,0.5758435527483622,ML_Ensemble(RF+XGB)_LOW_CONF,"ML ragu-ragu (Conf: 58%), pakai tebakan terbaik ML",True,1.0,0.21015585362976627,low
178,1776412500.83,-6.8849142,109.4374548,58.699337,29.908211848731746,5.985666562995519,3.049788852333034,1.712415640023802,10.267677,0.04999995231628418,46.64062690545456,normal,1,3,0.0,0.0,0.11996272467658031,16333.156133106906,234.12898339343803,69.76135900226745,0.1,0.0,0.04999995231628418,4664.067138546496,59.07433057672218,10.347448805120756,0.44776119402985076,0.6942509484214114,-0.07276021414450957,32.99684446466418,171.91140900557372,29.22072992320016,0.19194097973831029,c72307ef-f384-4659-aded-5319b398f560,Non-Event,Non-Event,condition_like,0.977270716724832,ML_Ensemble(RF+XGB),Dipelajari dari data (Confidence: 98%),False,1.0,0.22376760195931833,low
179,1776412517.7024999,-6.8839389,109.4376352,83.2206,-53.05936725310208,8.486139507375098,-5.410549703833835,1.8929225728317867,10.232009,0.0,68.01393887805763,candidate,0,4,0.0,0.0,0.33406231370699896,65805.99600490415,695.0912268028779,94.67245934452532,0.0,0.0,0.0,8322.780682635008,90.07648605289005,20.561612796258082,0.415,0.014752842963258406,-0.42283124798608573,41.93193589324604,615.9700615604431,37.18922934918883,0.0680746329114516,c72307ef-f384-4659-aded-5319b398f560,Speed Bump,Speed Bump,event,0.7025311581293743,ML_Ensemble(RF+XGB),Dipelajari dari data (Confidence: 70%),True,1.0,0.6246798746694682,high
180,1776412519.3937502,-6.8830409,109.4373532,90.25245,-52.41796674036971,9.203188652597982,-5.34514505364928,4.426409791824097,11.661129,0.0,73.90358878893733,candidate,0,4,0.0,0.0,0.30546213285735674,65567.81005559479,842.6412129463822,77.81225149018988,0.0,0.0,0.0,7390.365926895906,81.56016595109028,30.659125616270273,0.475,-0.4447042578222087,-0.09349035001416146,53.02396401491222,736.5277523935729,53.0894965378972,0.07199180719341908,c72307ef-f384-4659-aded-5319b398f560,Speed Bump,Speed Bump,event,0.6925311581293743,ML_Ensemble(RF+XGB),Dipelajari dari data (Confidence: 69%),True,1.0,0.6993187511081953,high
181,1776412537.7,-6.8820589,109.4370739,68.13684,-30.99261691886766,6.948024044908303,-3.16036739547834,1.635888492496604,10.772656,0.019999980926513672,41.00970975954702,normal,1,6,0.0,0.0,0.25988731861275094,17299.50939031086,241.32863436012326,71.68444542229986,0.1,0.0,0.019999980926513672,4288.425364000038,58.1009803992648,15.909884910937064,0.5522388059701493,0.7719490629828965,-0.3356872152455295,23.19428988649146,189.69404779120364,28.440296682428144,0.12227210096623237,c72307ef-f384-4659-aded-5319b398f560,Non-Event,Non-Event,condition_like,0.8543122866730284,ML_Ensemble(RF+XGB),Dipelajari dari data (Confidence: 85%),False,1.0,0.21678375683961637,low
182,1776412541.65,-6.881521,109.4367362,67.51016,-31.449245821817865,6.884120469273402,-3.206930585043605,1.8537313690904622,7.7778296,0.07999992370605469,24.332368158352953,normal,3,5,0.4799998998641968,0.2700001001358032,0.6028743490088719,11306.074820598253,179.85422759431293,62.862435367592774,0.9599997997283936,0.9416133773778016,0.07999992370605469,3202.906824527265,53.885931618673084,11.250374826227562,0.4975124378109453,1.0658747260488477,0.2929426373796441,25.28926130834143,132.3432713794359,22.221694906535603,0.1910883783788846,c72307ef-f384-4659-aded-5319b398f560,Non-Event,Maneuver,condition_like,0.88,R5,gyro dominan + asimetri tinggi → maneuver (Non-Event),False,1.0,0.1799385215320201,low
183,1776412554.99,-6.8814003,109.435865,85.011505,-37.33051644942831,8.668760993815422,-3.8066532862321294,4.593227356831714,7.1789694,0.09999990463256836,48.53014705118418,candidate,3,2,0.315000057220459,0.05499982833862305,0.3705774085591762,12190.204615925555,279.5223923660272,43.61083371221283,0.630000114440918,0.7409383256142018,0.09999990463256836,4853.019333318313,64.99602367889192,7.9639059656249,0.472636815920398,2.8214052550800233,-1.1532894097128208,38.529141575029925,206.7783714495651,34.21487934143214,0.1863306162951229,c72307ef-f384-4659-aded-5319b398f560,Non-Event,Non-Event,condition_like,0.8813356558065737,ML_Ensemble(RF+XGB),Dipelajari dari data (Confidence: 88%),False,1.0,0.4433727211805998,medium
184,1776412641.58,-6.8772433,109.4365778,29.874985,-32.35124905235268,3.0464006566972412,-3.2989093168770864,0.5714412986584886,6.794964,0.0,34.97358469775965,normal,0,4,0.0,0.0,0.4458473936310929,12601.032962311507,325.1600044108627,38.753329907192025,0.0,0.0,0.0,3497.3618051200933,50.14607062340989,6.93017376287699,0.4975124378109453,1.5673064586521814,-0.8584564231871716,66.91723146771459,176.32064785594207,81.92212508720604,0.37952010670280295,c72307ef-f384-4659-aded-5319b398f560,Non-Event,Normal,condition_like,0.92,R6,amplitudo rendah + tidak ada struktur event → Non-Event,False,1.0,0.1804630564793781,low
185,1776412647.78,-6.8772433,109.4365778,60.521595,-32.62243372724089,6.171485165678392,-3.3265624578465522,1.3418694954474895,6.794964,0.04999995231628418,47.61312700481906,normal,1,3,0.0,0.0,0.07565061363934594,10490.287898736073,248.4741739435354,42.218825763763746,0.1,0.0,0.04999995231628418,4761.317241227872,52.106972738492544,10.698376451120518,0.48258706467661694,1.5750249141787425,-0.5712863449650979,35.381041311193485,174.38501348454966,38.708119147792225,0.20289037688114084,c72307ef-f384-4659-aded-5319b398f560,Non-Event,Normal,condition_like,0.92,R6,amplitudo rendah + tidak ada struktur event → Non-Event,False,1.0,0.25617377163168403,low
186,1776412657.575,-6.876786,109.4369846,75.15772,-46.37354993075655,7.66395456144555,-4.728786071773394,2.59375528535382,6.9692397,0.06999993324279785,74.41322257036609,normal,3,3,0.21999990940093994,0.040000081062316895,0.16304605825737312,30705.649047398187,601.2045226760384,51.07354957951723,0.4399998188018799,0.9532628526962416,0.06999993324279785,7441.329353641293,80.75511334471152,11.634706436414236,0.465,1.6655752063295015,-0.31097042522403545,106.40089001095049,385.93462442539555,108.86900823969233,0.27569666726241615,c72307ef-f384-4659-aded-5319b398f560,Non-Event,Non-Event,condition_like,0.457464906282914,ML_Ensemble(RF+XGB)_LOW_CONF,"ML ragu-ragu (Conf: 46%), pakai tebakan terbaik ML",True,1.0,0.5510264152710129,high
187,1776412664.13,-6.8762402,109.4372783,51.76527,-33.92517220270424,5.278588508817997,-3.459404812316565,1.6711896504623587,6.1419387,0.11999988555908203,32.281544274474484,normal,1,4,0.0,0.0,0.06037258152743638,13139.515972714631,203.35874833924038,64.61249400582939,0.1,0.0,0.11999988555908203,3228.1575060583514,57.847078810956624,7.240111135669898,0.4925373134328358,1.834298826194642,-0.8239507975450594,44.567043305879345,116.77025425314167,42.02145078021934,0.3816643477336261,c72307ef-f384-4659-aded-5319b398f560,Non-Event,Normal,condition_like,0.92,R6,amplitudo rendah + tidak ada struktur event → Non-Event,False,1.0,0.24122218252807612,low
188,1776412689.93,-6.8747548,109.4384443,69.945404,-29.472248296614914,7.132446248209123,-3.0053329420969357,1.992252860462562,8.720528,0.0,43.81826739582857,normal,0,3,0.0,0.0,0.08466813060722152,10635.34413372754,298.8757001593817,35.58450584129628,0.0,0.0,0.0,4381.830918422463,53.15866037521343,8.770474168152784,0.4925373134328358,1.1585942886990122,-1.0914303766586924,49.452314246492804,201.86403773182428,47.55934818106462,0.24497832579377868,c72307ef-f384-4659-aded-5319b398f560,Non-Event,Non-Event,condition_like,0.8217887540969973,ML_Ensemble(RF+XGB),Dipelajari dari data (Confidence: 82%),False,1.0,0.2132692613160543,low
189,1776412693.75,-6.8747548,109.4384443,71.74223,-38.280898534497425,7.315671508619152,-3.9035652882990037,3.5147575233310904,8.720528,0.0,37.909705400971646,normal,0,2,0.0,0.0,0.12300848653648111,19821.99222377398,266.08075062732485,74.49615239939207,0.0,0.0,0.0,4577.363671533537,54.993742640845376,7.633153354717626,0.5124378109452736,0.04485584229301809,-0.43645831820924713,43.01328836168803,175.37300843226095,47.69445383337586,0.24526743596939996,c72307ef-f384-4659-aded-5319b398f560,Non-Event,Non-Event,condition_like,0.9112914292518498,ML_Ensemble(RF+XGB),Dipelajari dari data (Confidence: 91%),False,1.0,0.3790590620257924,medium
190,1776412698.62,-6.8747548,109.4384443,63.34915,31.04755195003194,6.459815533337073,3.1659692096722063,3.0442945995897412,8.720528,0.07999992370605469,37.80140499506223,normal,1,4,0.0,0.0,0.20624193932565352,8081.897696384245,268.1022491746768,30.144833514521576,0.1,0.0,0.07999992370605469,3780.144104532568,49.08256641240618,6.865204697343442,0.472636815920398,2.5431273422841354,1.178412304090144,45.78456118148036,186.95946275420712,35.35822523898929,0.24489031077706053,c72307ef-f384-4659-aded-5319b398f560,Non-Event,Non-Event,condition_like,0.7894145004266228,ML_Ensemble(RF+XGB),Dipelajari dari data (Confidence: 79%),True,1.0,0.25837654569865054,low
191,1776412699.71,-6.8738975,109.4385554,74.2499125,-34.64775151564126,7.571383958844254,-3.533087396372998,2.5144460182923494,10.212739,0.0,46.576339322384875,normal,0,5,0.0,0.0,0.3766328140281288,12623.603847448318,338.4335432263438,37.30009646740476,0.0,0.0,0.0,4657.63837410858,62.06459668004768,9.844841336752788,0.5223880597014925,1.854858115701857,-0.5830165517779432,41.26995494917533,263.72130391527634,33.44228436189215,0.15649078849520254,c72307ef-f384-4659-aded-5319b398f560,Non-Event,Normal,condition_like,0.92,R6,amplitudo rendah + tidak ada struktur event → Non-Event,False,1.0,0.31903244114031093,medium
192,1776412705.345,-6.8738975,109.4385554,91.17908,-43.29639024579162,9.297678616041155,-4.415003109705315,5.548014065954141,10.212739,0.08999991416931152,45.54834718570806,candidate,1,5,0.0,0.0,0.14565010723362606,38369.46523085294,699.5753506158828,54.84679404759894,0.1,0.0,0.08999991416931152,6219.5288908698585,76.30914923265591,17.694062186035573,0.435,0.400523039343347,-0.2468677220029491,66.26214895106389,589.6299880763428,43.68321358847621,0.11237920421053169,c72307ef-f384-4659-aded-5319b398f560,Non-Event,Non-Event,condition_like,0.857769091488823,ML_Ensemble(RF+XGB),Dipelajari dari data (Confidence: 86%),False,1.0,0.5557620861693272,high
193,1776412708.83,-6.8738975,109.4385554,81.679017,-34.10959345098648,8.328941789499982,-3.478210546005668,3.06649263319727,10.212739,0.009999990463256836,35.90347016815653,normal,1,4,0.0,0.0,0.046249622362743964,20886.31113539397,433.2174421872378,48.21207332218811,0.1,0.0,0.009999990463256836,5010.84846138393,61.05540791651716,11.124785777668304,0.5124378109452736,0.822405527040079,0.6140142500203245,63.70293378740306,309.02689819526415,60.48761020457061,0.20614041675107134,c72307ef-f384-4659-aded-5319b398f560,Non-Event,Non-Event,condition_like,0.7287786786169068,ML_Ensemble(RF+XGB),Dipelajari dari data (Confidence: 73%),True,1.0,0.29437623618602526,low
194,1776412729.85,-6.871535,109.4391143,73.41008,-32.072448899246034,7.485744877200675,-3.270479613246729,2.6741232677155145,7.858962,0.11999988555908203,36.93657747949521,normal,2,3,0.15999984741210938,0.0,0.14119658721188466,14504.183991624224,255.05355391515465,56.8672096981716,0.15999984741210938,0.93315737799185,0.11999988555908203,3693.6612704994086,55.68702638614431,9.539040715957947,0.48756218905472637,0.7461969180960679,-0.6303975124293485,38.872410138430624,172.3736104254017,43.80753335132237,0.22551253534102275,c72307ef-f384-4659-aded-5319b398f560,Non-Event,Non-Event,condition_like,0.8863065599382313,ML_Ensemble(RF+XGB),Dipelajari dari data (Confidence: 89%),False,1.0,0.261831300592775,low
195,1776412735.71,-6.871535,109.4391143,56.2225875,-35.477246507872344,5.7331084009320215,-3.617672345589202,1.2693579422733772,7.858962,0.11999988555908203,64.40375858653628,normal,2,5,0.15999984741210938,0.0,0.32319231719869984,18142.470746861603,397.8592950000695,45.60021829138921,0.15999984741210938,0.6426299762588034,0.11999988555908203,6440.38200068053,65.23347779117152,7.470418508745006,0.39800995024875624,1.9948707303109954,-0.23652153844204804,47.55001703146757,301.8234159581913,48.485862010410536,0.15754250452361096,c72307ef-f384-4659-aded-5319b398f560,Non-Event,Non-Event,condition_like,0.5469581050418673,ML_Ensemble(RF+XGB)_LOW_CONF,"ML ragu-ragu (Conf: 55%), pakai tebakan terbaik ML",True,1.0,0.343962774664424,medium
196,1776412741.2033336,-6.8716767,109.44008,86.33744,-50.16826877958304,8.803968735500911,-5.115739705157525,3.884056729217694,11.831920000000002,0.029999971389770508,41.336477630951066,candidate,1,7,0.0,0.0,0.2051293801343972,25906.26870109132,365.6587258726592,70.84821664905373,0.1,0.0,0.029999971389770508,4133.6517052525705,79.0691374049446,10.986452924210438,0.405,1.508153194303282,-1.2274489150402252,33.73534262891295,281.548313326572,50.3750699171743,0.11982079420224423,c72307ef-f384-4659-aded-5319b398f560,Non-Event,Crack,condition_like,0.76,R4,spike kecil/rapat + durasi sangat singkat → Non-Event,True,1.0,0.5868677700382883,high
197,1776412746.94,-6.8716767,109.44008,79.79068000000001,-37.906571195091075,8.136385004053373,-3.8653945226036495,2.3674301920373515,11.83192,0.0,43.44560459474087,normal,0,6,0.0,0.0,0.08656592294872596,20049.256762318266,543.4122639234629,36.895112709946126,0.0,0.0,0.0,4344.564602773765,66.56608150069209,6.511129956172091,0.43781094527363185,1.0448328016798234,-0.02371449045702473,48.681010253573376,450.0136454390071,44.71760823088229,0.10817674228057302,c72307ef-f384-4659-aded-5319b398f560,Non-Event,Non-Event,condition_like,0.7126927936077119,ML_Ensemble(RF+XGB),Dipelajari dari data (Confidence: 71%),True,1.0,0.3535422001075954,medium
198,1776412750.39,-6.8718517,109.4410333,68.39459,32.65354221084206,6.974307230297808,3.3297346403554795,3.200307064397104,10.698502,0.059999942779541016,57.22925214117969,normal,2,5,0.8599998950958252,0.0,0.0010701476037657327,22125.33796455583,357.9341109604369,61.81399655756025,0.8599998950958252,0.9703737153969185,0.059999942779541016,5722.930671929966,63.955085272579936,15.462400793480242,0.417910447761194,0.3638251349122772,0.00817043736118368,35.426687235940136,284.63339713634343,37.874026588153356,0.12446426690577699,c72307ef-f384-4659-aded-5319b398f560,Non-Event,Non-Event,condition_like,0.7769606432649824,ML_Ensemble(RF+XGB),Dipelajari dari data (Confidence: 78%),True,1.0,0.35140126771228997,medium
199,1776412754.42,-6.8718517,109.4410333,88.03703,-46.062359729755116,8.977278683342426,-4.697053502445292,3.7713466932820565,10.698502,0.019999980926513672,54.2458565781876,normal,1,3,0.0,0.0,0.32397538390257513,24895.05133102307,559.5097496885945,44.49440121532193,0.1,0.0,0.019999980926513672,5424.590831111713,73.06007035197203,12.757931492065262,0.5024875621890548,0.9834627621122052,-0.3291296371074799,32.985084079487095,475.4084742809051,51.116191328202305,0.06938261683281342,c72307ef-f384-4659-aded-5319b398f560,Non-Event,Non-Event,condition_like,0.6683620339566534,ML_Ensemble(RF+XGB),Dipelajari dari data (Confidence: 67%),True,1.0,0.5625891023063097,high
200,1776412762.98,-6.8721567,109.4420283,46.019369499999996,-34.845802487660116,4.692669719017197,-3.5532829750893646,1.1600959232905055,12.225682,0.12999987602233887,44.900091343541845,normal,1,3,0.0,0.0,0.013437971287231034,23302.714070212838,383.9904908239001,60.68565385441777,0.1,0.0,0.12999987602233887,4490.01341636466,65.68879113014003,8.400198508189206,0.4577114427860697,0.6723497900670119,-0.1750876414184385,32.178144719654824,322.7488128030955,29.0635333011497,0.09970027260669115,c72307ef-f384-4659-aded-5319b398f560,Non-Event,Non-Event,condition_like,0.8431575223482572,ML_Ensemble(RF+XGB),Dipelajari dari data (Confidence: 84%),False,1.0,0.28107927221990314,low
201,1776412771.17,-6.8725567,109.44295,81.40588,-34.47553659854403,8.301089566773568,-3.5155263620649286,1.9325015988071943,8.278792,0.029999971389770508,35.987147817626415,normal,1,3,0.0,0.0,0.41138893108494956,20353.93742376047,378.85135034055065,53.72539216697753,0.1,0.0,0.029999971389770508,4407.404933640072,61.05673410614451,6.836492621629978,0.3781094527363184,0.45292946372927023,-0.02768794897250943,50.42640563087686,277.77788387851854,50.64706083115526,0.18153499027804174,c72307ef-f384-4659-aded-5319b398f560,Non-Event,Normal,condition_like,0.92,R6,amplitudo rendah + tidak ada struktur event → Non-Event,False,1.0,0.26395283151629995,low
202,1776412775.33,-6.8725567,109.44295,105.18678249999999,-39.45175994577173,10.726066750623302,-4.0229599247216665,5.963957481327835,8.278792,0.06999993324279785,39.947466149054186,candidate,1,5,0.0,0.0,0.3327252861158707,20077.30656463262,427.4577910213511,46.9690971585559,0.1,0.0,0.06999993324279785,3994.750424596299,67.45451063506934,12.189277105863134,0.4527363184079602,1.5898679382061536,-0.6031467734940429,81.43106199496847,268.5876716591483,77.43905736723434,0.3031824252720217,c72307ef-f384-4659-aded-5319b398f560,Non-Event,Normal,condition_like,0.92,R6,amplitudo rendah + tidak ada struktur event → Non-Event,False,1.0,0.49065078690923497,medium
203,1776412778.69,-6.8725567,109.44295,90.65669,-36.79079945073843,9.244409660791401,-3.751617468833744,4.197761839082376,8.278792,0.0,55.338302823262715,candidate,0,5,0.0,0.0,0.22155005810502792,28925.926229281664,857.1444513331501,33.74685112940438,0.0,0.0,0.0,5533.835559803116,69.43494129407682,9.27961923987391,0.43781094527363185,0.5640925316380963,-0.1335822828710554,111.71688389336784,663.7483582376184,81.67920920216385,0.16831210554205495,c72307ef-f384-4659-aded-5319b398f560,Non-Event,Non-Event,condition_like,0.8597855614102077,ML_Ensemble(RF+XGB),Dipelajari dari data (Confidence: 86%),False,1.0,0.4371290243720165,medium
204,1776412782.0066664,-6.8726867,109.4437067,86.45187,-46.54055322990716,8.815637348126018,-4.745815668949862,5.566800158962511,8.644245,0.15999984741210938,63.95407259780604,candidate,1,6,0.0,0.0,0.11357006388199245,24849.88399265398,372.3500593889247,66.73796149434739,0.1,0.0,0.15999984741210938,6395.413358922067,77.8835393079108,20.575330158790504,0.45,1.5513941398280604,-0.44175929266571123,33.02357945731359,302.2819207125849,37.04455921902616,0.10924761649726775,c72307ef-f384-4659-aded-5319b398f560,Non-Event,Normal,condition_like,0.92,R6,amplitudo rendah + tidak ada struktur event → Non-Event,False,1.0,0.659432344197138,high
205,1776412787.82,-6.8726867,109.4437067,81.10107199999999,-45.21647361806021,8.270007800829028,-4.610797124202477,3.1971468939054675,8.644245,0.0,50.63947053209255,normal,0,5,0.0,0.0,0.36140154978313954,29002.98031535525,412.1184184928079,70.37535558602082,0.0,0.0,0.0,5063.951882570105,74.56925069588227,13.175640665828045,0.3880597014925373,0.9864332914693876,-0.14373769492799557,56.39995056512103,311.175164145518,44.54330378216886,0.18124823855639685,c72307ef-f384-4659-aded-5319b398f560,Non-Event,Normal,condition_like,0.92,R6,amplitudo rendah + tidak ada struktur event → Non-Event,False,1.0,0.5169893668675289,high
206,1776412791.18,-6.8728333,109.4445817,62.993237,30.13428819238413,6.423522507686111,3.0728422236323447,1.214821806698929,10.803505,0.08999991416931152,51.26585951259837,normal,1,4,0.0,0.0,0.24904816917944972,24647.431536005097,444.6965218281008,55.42528504440917,0.1,0.0,0.08999991416931152,5126.590840357852,58.828240801877726,13.658067288624155,0.46766169154228854,-0.026886590016684586,0.1998945584570902,34.33355171786236,370.3503794968485,40.01259061338979,0.09270559320555234,c72307ef-f384-4659-aded-5319b398f560,Non-Event,Non-Event,condition_like,0.9131416798016382,ML_Ensemble(RF+XGB),Dipelajari dari data (Confidence: 91%),False,1.0,0.22905658570617562,low
207,1776412795.5885715,-6.8728333,109.4445817,95.19466800000001,-52.082618897546745,9.707154634865118,-5.310949090417905,6.129045740085891,10.803505,0.07999992370605469,39.065727428038926,candidate,1,4,0.0,0.0,0.13813544529772617,29725.38632138534,661.8033532821996,44.915738382175284,0.1,0.0,0.07999992370605469,4470.5404232100345,73.51015959031128,20.45061093328546,0.43,0.5050528298428683,-0.2531973768845723,79.93261972115955,517.9794059252379,63.8913276358022,0.15431621151822464,c72307ef-f384-4659-aded-5319b398f560,Non-Event,Non-Event,condition_like,0.7034301297277468,ML_Ensemble(RF+XGB),Dipelajari dari data (Confidence: 70%),True,1.0,0.6828614492674363,high
208,1776412805.1100001,-6.8729683,109.445525,81.44489,-52.03006145077487,8.305067479720394,-5.305589722359305,2.9620994904638587,8.971608,0.11999988555908203,71.61652129833456,candidate,2,5,0.16000008583068848,0.0,0.5626215077752783,33594.30484330616,578.6497534910512,58.05637103026836,0.16000008583068848,0.8436925399989877,0.11999988555908203,7161.658959723669,85.18265720619887,22.3912312131645,0.46,2.2292657652298518,-0.6331888135565185,71.368667226028,457.6083147622285,49.672771502794774,0.15596016236538604,c72307ef-f384-4659-aded-5319b398f560,Non-Event,Maneuver,condition_like,0.88,R5,gyro dominan + asimetri tinggi → maneuver (Non-Event),False,1.0,0.6535750994529557,high
209,1776412808.1,-6.8729683,109.445525,56.1458285,30.138527968063556,5.725281161252823,3.0732745604323144,1.4391967213057386,8.971608,0.09999990463256836,30.65680360510981,normal,2,4,0.49000000953674316,0.0,0.12290729578486616,13271.003257901411,539.9469961384839,24.578344408308112,0.49000000953674316,0.9650911299589416,0.09999990463256836,3215.144038932917,58.66642592611004,5.74099694698256,0.48756218905472637,1.3842920329190704,0.2872335961246738,75.35419749512619,399.647799835192,64.94499880816564,0.18855151295127728,c72307ef-f384-4659-aded-5319b398f560,Non-Event,Non-Event,condition_like,0.8620953801737892,ML_Ensemble(RF+XGB),Dipelajari dari data (Confidence: 86%),False,1.0,0.16865374630618046,low
210,1776412812.91,-6.8731217,109.446285,103.78854,-46.80615746241584,10.583485695930824,-4.772899763162328,3.1575534556106986,8.331294,0.12999987602233887,50.756991007044775,normal,1,3,0.0,0.0,0.0389415124681047,22371.050054443993,567.4137941025889,39.42634149456886,0.1,0.0,0.12999987602233887,5075.703941272964,76.69683389220586,9.971277406016895,0.43283582089552236,2.1837308306402896,-0.5418199577417697,83.86591678780518,419.02944578341067,64.51843153137307,0.20014325349109433,c72307ef-f384-4659-aded-5319b398f560,Non-Event,Non-Event,condition_like,0.9194588545041207,ML_Ensemble(RF+XGB),Dipelajari dari data (Confidence: 92%),False,1.0,0.550126707053197,high
211,1776412816.99,-6.8731217,109.446285,58.70037000000001,-32.78485271367343,5.98577189968032,-3.343124585222623,2.3045739696698146,8.331294,0.0,35.250234941123175,normal,0,3,0.0,0.0,0.07982867642421175,11627.396629553063,290.6193103032271,40.00902960444098,0.0,0.0,0.0,3525.0268558398943,55.99377434591361,11.287835910650335,0.5522388059701493,1.6033494433418856,-0.5182773280543528,40.76277283932388,198.1705620209354,51.68597544296783,0.20569539803455858,c72307ef-f384-4659-aded-5319b398f560,Non-Event,Non-Event,condition_like,0.7605887387905245,ML_Ensemble(RF+XGB),Dipelajari dari data (Confidence: 76%),True,1.0,0.24578860324279786,low
212,1776412820.04,-6.8732283,109.4469633,65.5331365,-31.81509949666595,6.682520177634564,-3.24423727742562,4.883426969392563,8.01371,0.08999991416931152,59.522285702121835,candidate,1,5,0.0,0.0,0.3790217634962365,18506.781003572447,420.99237172276463,43.95989619450822,0.1,0.0,0.08999991416931152,5952.234246705109,59.66718153571914,31.17711744565323,0.572139303482587,0.6581985356140234,-0.18796167794079435,46.31167577891627,330.40791197259006,44.27278397125836,0.14016515331688859,c72307ef-f384-4659-aded-5319b398f560,Non-Event,Normal,condition_like,0.92,R6,amplitudo rendah + tidak ada struktur event → Non-Event,False,1.0,0.4045741031633662,medium
213,1776412823.1766665,-6.8732283,109.4469633,83.2867,-35.317191310274794,8.492879831542881,-3.601351257593041,2.6201388193260033,8.01371,0.19999980926513672,33.50573622276425,normal,2,4,1.130000114440918,0.0,0.28631242130798246,18502.544594031493,353.40595237713023,52.35493182053689,1.130000114440918,0.8142336667094743,0.19999980926513672,4004.1756064879523,62.14202648114765,7.099481918487716,0.465,1.37541507185656,-0.4345301182375471,43.572036500886554,279.26185051080915,30.57206536543456,0.15602573808474535,c72307ef-f384-4659-aded-5319b398f560,Non-Event,Non-Event,condition_like,0.7880609976517559,ML_Ensemble(RF+XGB),Dipelajari dari data (Confidence: 79%),True,1.0,0.30422642238725567,medium
214,1776412849.2,-6.873462,109.4486289,60.38839,33.164368651921244,6.15790203586342,3.381824440754105,0.8989451566627966,7.9962893,0.06999993324279785,25.479285541867043,normal,1,3,0.0,0.0,0.017471370998689117,13816.505039858492,267.64281064223553,51.62292592534613,0.1,0.0,0.06999993324279785,2547.9309840830438,53.39438277926887,1.1981302183958247,0.4925373134328358,1.9429764037884638,0.8016222460450974,57.97498322960223,173.06513421528564,36.602693197347705,0.3349893851091604,c72307ef-f384-4659-aded-5319b398f560,Non-Event,Non-Event,condition_like,0.8643092067023508,ML_Ensemble(RF+XGB),Dipelajari dari data (Confidence: 86%),False,1.0,0.17741945146797564,low
215,1776412852.83,-6.8734816,109.4493523,58.5005,-31.699503924798663,5.96539083173153,-3.2324498095474667,4.271578248886617,7.1657796,0.1699998378753662,39.56154548939131,candidate,2,4,0.8399999141693115,0.0,0.15808609880542776,9478.574183324396,253.5863324473633,37.37809547726221,0.8399999141693115,0.6654493780656333,0.1699998378753662,3956.1583218257138,53.50110271719407,12.623774255015972,0.4925373134328358,2.322026836455172,-0.4856184136560698,36.63666329847864,187.73669874241529,29.212970406469374,0.1951491815332116,c72307ef-f384-4659-aded-5319b398f560,Non-Event,Non-Event,condition_like,0.7017089081061072,ML_Ensemble(RF+XGB),Dipelajari dari data (Confidence: 70%),True,1.0,0.32187521920029744,medium
216,1776412856.91,-6.8734816,109.4493523,52.778122,-39.220336078039566,5.3818706693927085,-3.9993612577220117,1.5694018582926745,7.1657796,0.3399996757507324,58.684068203049634,normal,3,4,0.23500001430511475,0.07500016689300537,0.3452495463057036,14815.9940562868,216.6514665586822,68.38630831002214,0.4700000286102295,0.6669788005237184,0.3399996757507324,5868.412416859163,69.14828544247779,9.224600423533989,0.472636815920398,3.2228365531313674,-0.3044158048595081,49.48518851423299,116.41372643948907,50.752551604960146,0.4250803543762053,c72307ef-f384-4659-aded-5319b398f560,Non-Event,Non-Event,condition_like,0.7074089384579858,ML_Ensemble(RF+XGB),Dipelajari dari data (Confidence: 71%),True,1.0,0.42333112029286124,medium
217,1776412862.7,-6.8734981,109.4498329,84.6787385,-36.39864470363016,8.63482825429683,-3.7116288134714877,6.558008511925543,5.384808,0.029999971389770508,52.249809645337194,candidate,1,4,0.0,0.0,0.32916811118135203,13085.147009353903,506.23915576415925,25.847757595428078,0.1,0.0,0.029999971389770508,5224.985947468621,69.20606508943293,14.097144194975627,0.4925373134328358,3.2243823487709573,-0.19090660160440692,116.01438447563841,286.465577107793,103.75919418072789,0.40498542701693746,c72307ef-f384-4659-aded-5319b398f560,Non-Event,Non-Event,condition_like,0.8086800054374341,ML_Ensemble(RF+XGB),Dipelajari dari data (Confidence: 81%),False,1.0,0.48316035202607993,medium
218,1776412878.7,-6.8735207,109.4502335,53.550594,36.94722615080776,5.460640891639857,3.7675685530540766,1.4550830473017717,5.2128153,0.04999995231628418,42.98522829041289,normal,2,5,0.18000006675720215,0.0,0.12278346153629648,22037.592261978345,376.64971738238705,58.50951477310031,0.18000006675720215,0.9923310650148764,0.04999995231628418,4298.526928436019,71.90294010762292,6.942610288711857,0.5074626865671642,0.6983118234607217,-0.04510606797480444,62.98315150496128,279.8869126694424,33.779653207983365,0.2250307121516474,c72307ef-f384-4659-aded-5319b398f560,Non-Event,Non-Event,condition_like,0.7172341230989812,ML_Ensemble(RF+XGB),Dipelajari dari data (Confidence: 72%),True,1.0,0.31067214192660153,medium
219,1776412885.3,-6.8735509,109.4509692,72.892807,-38.59814817845923,7.432997710737102,-3.9359157488499372,3.247642550151523,8.772349,0.2799997329711914,42.297915521749026,normal,1,3,0.0,0.0,0.05778211401349098,16105.228341014308,465.9646026119958,34.56320118775583,0.1,0.0,0.2799997329711914,4229.7955860223165,64.37805667815518,15.082513408377908,0.4975124378109453,2.1036484155604205,-0.36292275228093135,61.82185122411602,351.17775755245214,52.96499383542764,0.17604147676932755,c72307ef-f384-4659-aded-5319b398f560,Non-Event,Non-Event,condition_like,0.9160236352616613,ML_Ensemble(RF+XGB),Dipelajari dari data (Confidence: 92%),False,1.0,0.4106351457112108,medium
220,1776412889.54,-6.8735509,109.4509692,70.0683,-32.58615000341968,7.144978152580137,-3.3228625477017824,1.7842125303004823,8.772349,0.1399998664855957,51.80608238545505,normal,1,4,0.0,0.0,0.11546592203553513,18068.331157441367,466.99184345438573,38.690892297169924,0.1,0.0,0.1399998664855957,5180.613179163237,57.747137341956666,10.411711745851887,0.4577114427860697,0.49648263568992235,-0.1890896201602532,95.5466308490827,276.00937749748675,95.43583510781627,0.3461716821696793,c72307ef-f384-4659-aded-5319b398f560,Non-Event,Non-Event,condition_like,0.9634034893247816,ML_Ensemble(RF+XGB),Dipelajari dari data (Confidence: 96%),False,1.0,0.2910900644365533,low
221,1776412893.0366666,-6.873632,109.4518159,84.08382,-40.04300892650089,8.57416345031178,-4.083250541877287,4.940190566290737,8.766832,0.04999995231628418,57.951286417794414,candidate,1,3,0.0,0.0,0.14568068996771258,32000.784362860868,648.5564649117223,49.341554737065294,0.1,0.0,0.04999995231628418,5795.134168450058,75.57883916644025,10.894805029181281,0.465,0.7564014332279778,-0.48661600316317566,75.84942315250322,494.741026704323,77.96601505489613,0.15331136676587465,c72307ef-f384-4659-aded-5319b398f560,Non-Event,Non-Event,condition_like,0.8622788789944771,ML_Ensemble(RF+XGB),Dipelajari dari data (Confidence: 86%),False,1.0,0.5240815513076535,high
222,1776412898.96,-6.873632,109.4518159,69.904175,-31.238612000784155,7.128242060234637,-3.185451912812648,0.30507612446527177,8.766832,0.12999987602233887,41.437806064785505,normal,1,5,0.0,0.0,0.24923811746870483,17337.510095562844,399.5345351268161,43.39427140301021,0.1,0.0,0.12999987602233887,4143.784558299457,55.80270568991416,36.317992974635246,0.4577114427860697,0.7502406399111092,-0.2823760238385755,47.27177555555059,292.3539514837878,59.90880808747765,0.16169364277081905,c72307ef-f384-4659-aded-5319b398f560,Non-Event,Normal,condition_like,0.92,R6,amplitudo rendah + tidak ada struktur event → Non-Event,False,1.0,0.18586300198836675,low
223,1776412901.28,-6.8735018,109.4521896,64.0598725,-29.965434883824983,6.532289058954893,-3.055623977997072,0.8691743859519805,5.7226996,0.04999995231628418,44.65484073769852,normal,1,4,0.0,0.0,0.036645483964619995,21015.190508948792,417.1817020690066,50.374190321267854,0.1,0.0,0.04999995231628418,4465.488332391385,58.84751367124176,13.510373328654275,0.472636815920398,0.6781033693866738,0.05531018498347992,71.26842924038303,280.0761307788612,65.83714204976232,0.2544609167076551,c72307ef-f384-4659-aded-5319b398f560,Non-Event,Non-Event,condition_like,0.8328638545156835,ML_Ensemble(RF+XGB),Dipelajari dari data (Confidence: 83%),False,1.0,0.18991554178067654,low
224,1776412905.02,-6.8735018,109.4521896,86.08797,-39.76686236476782,8.77852987513575,-4.055091429261554,4.620672385408994,5.7226996,0.23999977111816406,54.34261771128463,candidate,2,3,0.24000000953674316,0.0,0.38342794597787566,15594.75039641439,499.312485476976,31.232446251138338,0.24000000953674316,0.8542752124403256,0.23999977111816406,5434.266953649285,64.68894193183985,14.348036419752951,0.5970149253731343,3.316164844073495,-0.6358898646771514,78.54901188153087,336.9166573177806,83.84681627766446,0.2331407781192085,c72307ef-f384-4659-aded-5319b398f560,Non-Event,Non-Event,condition_like,0.8614646108421213,ML_Ensemble(RF+XGB),Dipelajari dari data (Confidence: 86%),False,1.0,0.5114281691076774,high
225,1776412917.11,-6.8726275,109.4523298,72.165115,-29.965754393924897,7.358793777691669,-3.055656558959981,0.8718399667692748,9.53437,0.059999942779541016,48.20052475442654,normal,1,5,0.0,0.0,0.07767500561686906,15500.16575103908,419.2246942455819,36.97340811938352,0.1,0.0,0.059999942779541016,4820.057072207287,54.16802026225479,21.8889570662828,0.5074626865671642,0.9155091307413454,-0.28403807962959465,59.665679508025136,299.9828723377723,59.5761423997844,0.19889695316320027,c72307ef-f384-4659-aded-5319b398f560,Non-Event,Non-Event,condition_like,0.9201796488724057,ML_Ensemble(RF+XGB),Dipelajari dari data (Confidence: 92%),False,1.0,0.20257822762619368,low
226,1776412922.795,-6.8722091,109.4524057,91.733643,-31.961653796035005,9.354228304262925,-3.259181656940444,2.3420493666405178,3.877489,0.0,39.752384484161645,normal,0,4,0.0,0.0,0.03808705225998536,26375.12602971721,482.4833545959052,54.665359382484475,0.0,0.0,0.0,3975.2422395025897,63.631340697713284,21.60304741032259,0.485,-0.18112570050762722,-0.11623499858421775,71.76982969201133,338.0780630611291,72.63546184276478,0.21228774452232538,c72307ef-f384-4659-aded-5319b398f560,Non-Event,Non-Event,condition_like,0.8181695480626144,ML_Ensemble(RF+XGB),Dipelajari dari data (Confidence: 82%),False,1.0,0.24945350904295605,low
227,1776412927.4239998,-6.8722091,109.4524057,81.27783199999999,-42.68730713976299,8.288032304609626,-4.35289391787848,2.7436156829310114,3.8774889999999997,0.0,43.45977402029061,normal,0,6,0.0,0.0,0.2184706607420388,28851.32723024492,409.36927892396596,70.4775092933295,0.0,0.0,0.0,4345.981546680042,66.75401249036761,14.24171465988904,0.45,0.34969441400641976,0.536026907222687,57.59118489317515,294.32778786437717,57.45030616641361,0.19567022575538223,c72307ef-f384-4659-aded-5319b398f560,Non-Event,Normal,condition_like,0.92,R6,amplitudo rendah + tidak ada struktur event → Non-Event,False,1.0,0.4392538571804411,medium
228,1776413000.65,-6.8651228,109.453021,91.40563,-38.063581228844654,9.32078028684617,-3.881405090305523,3.7734215376763847,14.353835,0.07999992370605469,49.61369648722352,normal,1,3,0.0,0.0,0.1746499728239855,16674.36207843518,434.7032256678094,38.35803613939438,0.1,0.0,0.07999992370605469,4961.374380257673,60.36036427814905,7.40950381457291,0.48756218905472637,2.3579429519137385,-0.7140022989801814,66.01957991761566,295.7450626311269,72.9385831190668,0.2232313841760676,c72307ef-f384-4659-aded-5319b398f560,Non-Event,Non-Event,condition_like,0.812483806688707,ML_Ensemble(RF+XGB),Dipelajari dari data (Confidence: 81%),False,1.0,0.42937046403707385,medium
229,1776413063.51,-6.8603867,109.4533683,42.781845,-29.760754562661816,4.3625340967608714,-3.0347523938003107,0.4419093844471964,8.2633505,0.06999993324279785,37.50204282240508,normal,2,4,0.43000006675720215,0.0,0.004298864072283868,12483.345158781558,292.52918026251973,42.6738457507213,0.43000006675720215,0.8739743251308195,0.06999993324279785,3750.207858717424,51.90649705993028,12.74840841514278,0.4577114427860697,1.2021128667577416,-0.04626646369806825,56.4254846726835,178.9086815182199,57.195014071616285,0.3153870671812542,c72307ef-f384-4659-aded-5319b398f560,Non-Event,Non-Event,condition_like,0.9125480361561369,ML_Ensemble(RF+XGB),Dipelajari dari data (Confidence: 91%),False,1.0,0.15019997628617993,low
230,1776413104.21,-6.8573752,109.4534641,81.45915,-33.06916937605537,8.3065215950401,-3.3721168162476864,2.9609840550033995,6.420327,0.059999942779541016,56.89878248246987,normal,1,3,0.0,0.0,0.027823185052835122,18948.162993087593,331.69494112253074,57.12526959813572,0.1,0.0,0.059999942779541016,5689.883674542911,57.24559678154472,9.814722676631455,0.5323383084577115,0.5469263755556382,-0.22101019080824574,43.273051577342144,245.53387501037116,42.88801453481743,0.17624065681068923,c72307ef-f384-4659-aded-5319b398f560,Non-Event,Non-Event,condition_like,0.6782375416959623,ML_Ensemble(RF+XGB),Dipelajari dari data (Confidence: 68%),True,1.0,0.34867959492063144,medium
231,1776413107.79,-6.8573752,109.4534641,105.251183,-45.546357035826986,10.732633774020691,-4.644435871151411,2.9086936677866033,6.420327,0.04999995231628418,56.87248687483383,normal,1,4,0.0,0.0,0.0018354924377191762,27740.543784136345,568.893865398909,48.76224797383321,0.1,0.0,0.04999995231628418,5687.25411127156,82.55393148190032,12.144984785855435,0.46766169154228854,1.659145072373363,-0.1928023245309239,84.61123016830744,409.43918999714356,74.84344523345798,0.20665151756051053,c72307ef-f384-4659-aded-5319b398f560,Non-Event,Non-Event,condition_like,0.824544282418031,ML_Ensemble(RF+XGB),Dipelajari dari data (Confidence: 82%),False,1.0,0.5369467889387659,high
232,1776413121.94,-6.8561312,109.4534072,89.60197,-39.70065997487432,9.136858152376194,-4.0483406642303255,1.6979656762303088,5.442369,0.07999992370605469,53.31031783234208,normal,1,4,0.0,0.0,0.04862963354438851,24835.26602374688,766.9523892826193,32.381757118711334,0.1,0.0,0.07999992370605469,5331.036867307148,65.52570197617885,10.485534744807941,0.5223880597014925,1.4572054983207643,-0.7408780656447155,83.15394032686376,601.8834150869915,81.91503386876413,0.13815622445202136,c72307ef-f384-4659-aded-5319b398f560,Non-Event,Non-Event,condition_like,0.8935562298455082,ML_Ensemble(RF+XGB),Dipelajari dari data (Confidence: 89%),False,1.0,0.39755100922798686,medium
233,1776413341.95,-6.8448649,109.4528856,80.86157,-38.953594183449574,8.245585393584966,-3.9721611542626256,0.9666850150288097,7.3813105,0.09999990463256836,34.49974663066307,normal,1,2,0.0,0.0,0.04991866666730912,15611.000057929554,234.7436756737275,66.50232406314157,0.1,0.0,0.09999990463256836,3449.977953221673,68.53895597809488,11.974951005075111,0.42786069651741293,2.511391725854015,-0.7344535494509408,34.82087559759174,160.96584990162626,38.95695017450948,0.21632461421194488,c72307ef-f384-4659-aded-5319b398f560,Non-Event,Non-Event,condition_like,0.9339996038141294,ML_Ensemble(RF+XGB),Dipelajari dari data (Confidence: 93%),False,1.0,0.3005461552566737,medium
234,1776413391.385,-6.8415711,109.4521877,104.135447,-45.696127508995154,10.618860365160376,-4.659708209122907,9.085161827817155,9.448044,0.48999953269958496,59.48878476876138,high_conf,3,4,0.24500000476837158,0.0549999475479126,0.4909653422739475,22991.51262937643,861.1937555416899,26.697258839525066,0.49000000953674316,0.7620389530838542,0.48999953269958496,5948.884150174163,81.97239752250869,7.770681843370138,0.53,4.307340110191768,-0.5039602194210402,84.47758426324262,724.7139934036761,52.002177874771306,0.11656679036914995,c72307ef-f384-4659-aded-5319b398f560,Non-Event,Rough Road,condition_like,0.72,R7,struktur kontinu panjang + noisy/dense → Non-Event,True,1.0,0.6840021455501095,high
235,1776413412.88,-6.8401166,109.4518017,74.0046655,-32.58221310565991,7.546375724635834,-3.322461095854335,4.3879454489561525,9.383689,0.059999942779541016,29.675702810614535,candidate,1,4,0.0,0.0,0.059208850322334826,7689.941440082327,270.56709332415755,28.421569368185107,0.1,0.0,0.059999942779541016,2967.5731111597115,47.73626110728855,14.849314435653065,0.4577114427860697,2.9064924885287606,-1.350580367889899,38.33200744167715,183.97155422983604,48.2635316526443,0.2083583377538386,c72307ef-f384-4659-aded-5319b398f560,Non-Event,Normal,condition_like,0.92,R6,amplitudo rendah + tidak ada struktur event → Non-Event,False,1.0,0.2980530177538694,low
236,1776413437.37,-6.8382885,109.4512137,86.18603,-37.14934088945043,8.788529212320212,-3.788178520641649,1.192370810643653,7.591617,0.0,47.51077672036689,normal,0,4,0.0,0.0,0.7965530797672185,24967.050143933557,561.6296553577031,44.454650607039866,0.0,0.0,0.0,5424.489117865695,67.04363010119158,19.56087963953663,0.43781094527363185,0.8597688069968381,0.08802102416480888,52.182622906512066,446.60128318812497,62.845749263066,0.11684387115315777,c72307ef-f384-4659-aded-5319b398f560,Non-Event,Non-Event,condition_like,0.8502167906094529,ML_Ensemble(RF+XGB),Dipelajari dari data (Confidence: 85%),False,1.0,0.3163417275189255,medium
237,1776413442.97,-6.8382885,109.4512137,47.967377,29.440178516864954,4.891311202092458,3.0020627346611692,0.9390991605156774,7.591617,0.06999993324279785,29.438112433727063,normal,1,4,0.0,0.0,0.004805532278298585,10074.867611351576,220.3102022743766,45.73037227333603,0.1,0.0,0.06999993324279785,2996.295938113746,49.461912272849254,3.4643873360825346,0.472636815920398,1.9939540233442647,0.6131051491684464,35.00022446324127,157.07643519807345,28.233542613061857,0.22282288362530692,c72307ef-f384-4659-aded-5319b398f560,Non-Event,Non-Event,condition_like,0.7151659549653919,ML_Ensemble(RF+XGB),Dipelajari dari data (Confidence: 72%),True,1.0,0.1349897519886647,low
238,1776413484.07,-6.8368948,109.4510861,58.080902,39.711056723660334,5.922603743378218,4.0494008375602615,0.6829204763596198,2.4950926,0.09999990463256836,42.91215743515426,normal,2,5,0.7100000381469727,0.0,0.2819561721338381,13596.75545022382,244.63261574006626,55.580304995351526,0.7100000381469727,0.7847442230688672,0.09999990463256836,4291.21983594157,62.02709796431477,3.347415101159898,0.4079601990049751,2.7928975001424883,1.2368844120003668,36.37860613491691,167.16567946557112,41.08833013957819,0.21762006431941827,c72307ef-f384-4659-aded-5319b398f560,Non-Event,Non-Event,condition_like,0.8034956224887508,ML_Ensemble(RF+XGB),Dipelajari dari data (Confidence: 80%),False,1.0,0.3307146591439834,medium
239,1776413489.05,-6.8368948,109.4510861,58.25907,32.989232105235516,5.940771823201604,3.3639654831400647,2.5852816680027844,2.4950926,0.0,45.2425396100286,normal,0,5,0.0,0.0,0.07980477132538516,20275.934791033716,464.0531150556349,43.69313358646395,0.0,0.0,0.0,5054.402894098468,61.77584291016474,6.345394549374485,0.4626865671641791,0.9022286682615417,-0.06617698751232579,71.8443170606156,333.12321435579264,59.08558363922668,0.21566889892042554,c72307ef-f384-4659-aded-5319b398f560,Non-Event,Non-Event,condition_like,0.9064893574426462,ML_Ensemble(RF+XGB),Dipelajari dari data (Confidence: 91%),False,1.0,0.2915793434378645,low
240,1776413494.65,-6.8367664,109.4513133,87.206345,-30.721510436426236,8.89257238710467,-3.132722227919446,2.284764251548997,2.20134,0.07999992370605469,44.79668745101853,normal,2,5,0.2700002193450928,0.0,0.09881943243191481,14003.881441461674,438.6720356124638,31.923351097560676,0.2700002193450928,0.8565773369522041,0.07999992370605469,4479.673017250955,58.13120237692726,3.990014376068201,0.43283582089552236,1.3521387275847294,-0.6724786116744977,72.80918162752366,305.8084479608929,60.05440602404719,0.2380875409915001,c72307ef-f384-4659-aded-5319b398f560,Non-Event,Non-Event,condition_like,0.7285086272382912,ML_Ensemble(RF+XGB),Dipelajari dari data (Confidence: 73%),True,1.0,0.2513894283542327,low
241,1776413497.545,-6.8367664,109.4513133,83.658585,41.40393178533183,8.530801547929212,4.222026052253504,2.887859995118574,2.20134,0.059999942779541016,59.10444983890018,normal,2,5,0.7799999713897705,0.0,0.33850252431681016,14482.815993054148,324.5198335719774,44.62844624630149,0.7799999713897705,0.8153137945262364,0.059999942779541016,5910.4506205349735,77.43295944924151,4.882738243952493,0.465,4.006191519994163,1.25546811077441,53.41372661056271,213.5590097231301,57.54709723828465,0.25011225904118495,c72307ef-f384-4659-aded-5319b398f560,Non-Event,Non-Event,condition_like,0.7092211887382326,ML_Ensemble(RF+XGB),Dipelajari dari data (Confidence: 71%),True,1.0,0.48108073618011093,medium
242,1776413508.2085717,-6.8363089,109.4522048,72.8179,-43.269500026397544,7.425359322500548,-4.412261070436648,4.008745867807069,3.2867415000000006,0.009999990463256836,39.14340718707725,candidate,0,2,0.0,0.0,0.14612200383964236,22162.493064843547,378.16567927019355,58.60524690926154,0.0,0.0,0.009999990463256836,4564.08898690308,62.6744201364308,18.23348199912864,0.465,0.22773252048460213,-0.3613926748274824,67.43188813086456,245.16773069254225,65.56606044678679,0.2750438961332356,c72307ef-f384-4659-aded-5319b398f560,Non-Event,Non-Event,condition_like,0.6550950286327264,ML_Ensemble(RF+XGB),Dipelajari dari data (Confidence: 66%),True,1.0,0.47669204606740123,medium
243,1776413513.17,-6.8363089,109.4522048,76.1963425,-40.70127520485981,7.769864581686917,-4.15037502152721,1.8651087774927841,3.2867415,0.07999992370605469,54.393546421082334,normal,1,4,0.0,0.0,0.12333503797985795,19994.79547254616,418.92822823464087,47.72845102626664,0.1,0.0,0.07999992370605469,5439.359829486,70.46061148114025,20.005026476618703,0.4975124378109453,1.963290413976451,-0.43011236273197107,48.23678863552817,305.311341392463,65.3800982066497,0.1579921278310129,c72307ef-f384-4659-aded-5319b398f560,Non-Event,Non-Event,condition_like,0.8765887448944889,ML_Ensemble(RF+XGB),Dipelajari dari data (Confidence: 88%),False,1.0,0.4220383614937362,medium
244,1776413519.2380002,-6.8362953,109.4522306,87.0342,-49.64732149600556,8.87501848235636,-5.062617866040449,5.848937710159294,2.3380625,0.0,65.5916013772588,candidate,0,3,0.0,0.0,0.32468454377124917,69282.82589405525,1025.4040905289132,67.56636380370995,0.0,0.0,0.0,6801.207723068985,90.17380671034005,13.774487672499758,0.475,-0.44925093794335913,-0.30345176860861645,170.42582674598634,739.2915705935213,115.68669318940576,0.23052586191215255,c72307ef-f384-4659-aded-5319b398f560,Non-Event,Normal,condition_like,0.92,R6,amplitudo rendah + tidak ada struktur event → Non-Event,False,1.0,0.7043572702447105,high
245,1776413668.0275,-6.8348661,109.4553644,69.10147,-41.51758600620127,7.046388929960793,-4.233615557422899,3.517467493764157,0.00244016,0.0,43.754016050110806,normal,0,5,0.0,0.0,0.03473501299712636,32378.28230225376,451.04793513231596,71.78457034942626,0.0,0.0,0.0,4935.430624233159,75.76756959594084,18.356108300863934,0.44,0.46855393430021985,0.008784462497545031,59.66297853843078,328.62777376966386,62.75718282422128,0.18155184411983658,40a7a6c4-b8d9-447a-ba96-8503647f43bb,Non-Event,Normal,condition_like,0.92,R6,amplitudo rendah + tidak ada struktur event → Non-Event,False,1.0,0.44813797023927615,medium
246,1776413671.77,-6.8348661,109.4553644,63.035118999999995,30.376517218852577,6.427793283129305,3.097542710186718,2.070532316745503,0.00244016,0.15999984741210938,49.08283137828698,normal,2,5,0.9100000858306885,0.0,0.29794664791311903,12378.65816027197,477.0767701913386,25.94688928023144,0.9100000858306885,0.8001527656911974,0.15999984741210938,4908.287818736729,59.37915906170484,29.08691580095272,0.48756218905472637,2.129243458344658,0.3649675324997376,59.87962090723832,356.8221433639044,60.375005920195875,0.16781363447603243,40a7a6c4-b8d9-447a-ba96-8503647f43bb,Non-Event,Non-Event,condition_like,0.7297800970205603,ML_Ensemble(RF+XGB),Dipelajari dari data (Confidence: 73%),True,1.0,0.259258576903056,low
247,1776413675.92,-6.8325817,109.4598817,58.896336,32.37719172360642,6.005754870419563,3.3015547331256263,2.2658273633418653,5.123545,0.1399998664855957,33.715308687400686,normal,2,5,1.5199999809265137,0.0,0.00028328504051292286,28239.87074452865,499.5817950197418,56.527021139522674,1.5199999809265137,0.801359392543133,0.1399998664855957,5992.1778819536985,59.92172167367553,3.5492059563746814,0.40298507462686567,0.5930631697886319,0.057957441923381446,45.1520470969775,405.1018947593877,49.32785316337659,0.11145849370153475,40a7a6c4-b8d9-447a-ba96-8503647f43bb,Non-Event,Non-Event,condition_like,0.7549839917303441,ML_Ensemble(RF+XGB),Dipelajari dari data (Confidence: 75%),True,1.0,0.24364514102466142,low
248,1776413685.5849998,-6.8323617,109.460395,77.42958,-42.41776456265358,7.895619809007154,-4.325408224281848,3.2533188989164397,4.6551476,0.0,67.51383920469206,normal,0,3,0.0,0.0,0.17663115373612062,67318.66014106727,968.2259285249029,69.52784271549075,0.0,0.0,0.0,6751.390359096792,80.85504186315347,23.803452280097478,0.465,-0.7367172107062623,-0.20229212057559826,75.16962233612436,827.6644127006093,65.39189348816927,0.09082137771277361,40a7a6c4-b8d9-447a-ba96-8503647f43bb,Non-Event,Normal,condition_like,0.92,R6,amplitudo rendah + tidak ada struktur event → Non-Event,False,1.0,0.5072551969394918,high
249,1776413688.67,-6.8323617,109.460395,69.43812,-29.706305241519743,7.0807176762706945,-3.0292001082448894,1.9426721209538296,4.6551476,0.019999980926513672,44.86478051106364,normal,1,4,0.0,0.0,0.1440931542436804,19487.624558968746,435.5126485819449,44.7464030669952,0.1,0.0,0.019999980926513672,4486.482329749333,52.659196849385644,25.165448717248367,0.582089552238806,0.3474008705956684,-0.3144324397504162,65.81265926777114,310.6969818544917,59.00300745968213,0.21182265325889274,40a7a6c4-b8d9-447a-ba96-8503647f43bb,Non-Event,Non-Event,condition_like,0.8867000993902139,ML_Ensemble(RF+XGB),Dipelajari dari data (Confidence: 89%),False,1.0,0.22018502054156175,low
250,1776413693.1233337,-6.8323617,109.460395,76.63654,-33.87429279485035,7.8147522344531515,-3.4542165566070318,3.788480205038032,4.6551476,0.0,55.259157655528796,normal,0,3,0.0,0.0,0.33509817220652066,37504.49334856319,692.241543717126,54.1783336102557,0.0,0.0,0.0,5525.921035481846,66.43065480912857,9.480357664027991,0.445,-0.13634588794250302,-0.14525260248296618,104.95162011673264,468.19991156995286,119.09001203044049,0.22415984561093233,40a7a6c4-b8d9-447a-ba96-8503647f43bb,Non-Event,Non-Event,condition_like,0.7166159967974428,ML_Ensemble(RF+XGB),Dipelajari dari data (Confidence: 72%),True,1.0,0.3786123491774185,medium
251,1776413694.25,-6.8321683,109.4609,57.581356,-45.71421281902643,5.8716642278453905,-4.661552397508469,2.5720232690430254,5.9769545,0.0,61.10982450457357,normal,0,3,0.0,0.0,0.04895166999072777,30577.318985985403,776.297407592325,39.38866553919308,0.0,0.0,0.0,6110.988278349925,81.78586923436919,8.140573056931773,0.43781094527363185,1.4653314616981552,-0.37917322478248855,110.43200231074307,580.7977237106363,85.06768157094552,0.19013848989467416,40a7a6c4-b8d9-447a-ba96-8503647f43bb,Non-Event,Normal,condition_like,0.92,R6,amplitudo rendah + tidak ada struktur event → Non-Event,False,1.0,0.5349669685943712,high
252,1776413699.165,-6.8321683,109.4609,69.04075,-33.46159145159231,7.040197213115591,-3.4121327315232333,4.726660116991965,5.9769545,0.0,56.5666995370245,candidate,0,5,0.0,0.0,0.04617640656529507,24360.530215565304,765.0564793457315,31.841479474243133,0.0,0.0,0.0,5656.675348328446,62.95044605053347,7.646999145025315,0.48,0.5325995259002405,0.042224995110296114,66.98307116805915,635.7463724409931,62.32703573667919,0.1053613106835539,40a7a6c4-b8d9-447a-ba96-8503647f43bb,Non-Event,Non-Event,condition_like,0.8279596740911295,ML_Ensemble(RF+XGB),Dipelajari dari data (Confidence: 83%),False,1.0,0.40793091208496557,medium
253,1776413706.62,-6.832005,109.461255,74.25673,-31.28643895339172,7.572079150372452,-3.1903289047117744,2.252734832584053,4.4667597,0.07999992370605469,46.9768851605008,normal,2,5,0.8400001525878906,0.0,0.29505215562808695,10144.396384483816,304.64117809807783,33.29949160030619,0.8400001525878906,0.6927595057416229,0.07999992370605469,4697.692996119236,52.807591150628085,14.776595659773605,0.48258706467661694,1.9422600269405663,-1.1685204581930635,62.07556041111708,187.2589255343837,55.30669215257713,0.3314958681006805,40a7a6c4-b8d9-447a-ba96-8503647f43bb,Non-Event,Non-Event,condition_like,0.7592442948038034,ML_Ensemble(RF+XGB),Dipelajari dari data (Confidence: 76%),True,1.0,0.26623010827252475,low
254,1776413710.06,-6.832005,109.461255,78.22533,-31.99063819733756,7.976763726654872,-3.2621372433336115,1.2565254818596001,4.4667597,0.019999980926513672,45.52310474992582,normal,1,7,0.0,0.0,0.05421351560169204,24877.776743084607,426.09456539878244,58.385576125374634,0.1,0.0,0.019999980926513672,5066.850200437479,58.43203218847306,21.535594991073694,0.5024875621890548,0.07795983571747733,-0.08098546137732393,59.2615932332383,325.65265919935297,41.18031296619115,0.18197791842683078,40a7a6c4-b8d9-447a-ba96-8503647f43bb,Non-Event,Non-Event,condition_like,0.7848921406889138,ML_Ensemble(RF+XGB),Dipelajari dari data (Confidence: 78%),True,1.0,0.23444845029793634,low
255,1776413715.935,-6.8317417,109.46172,60.6116865,33.53332679760892,6.180671941998542,3.419447701060905,3.7865349391998553,5.8750396,0.19999980926513672,52.786467040911056,normal,2,5,0.25,0.0,0.021995451113332076,23314.178492552623,385.7396427430291,60.440192940303525,0.25,0.9112817459132978,0.19999980926513672,5278.651738205694,66.13991395071031,6.390902751127491,0.475,0.4754602411824451,0.04384989858534734,42.43200359666237,307.7348031889971,35.572835957369634,0.13788496789788687,40a7a6c4-b8d9-447a-ba96-8503647f43bb,Non-Event,Non-Event,condition_like,0.8584023158375597,ML_Ensemble(RF+XGB),Dipelajari dari data (Confidence: 86%),False,1.0,0.380089862297053,medium
256,1776413722.0,-6.8317417,109.46172,22.646383,-29.944395622003785,2.3092883910407735,-3.0534785703582554,1.3081590011109123,5.8750396,0.0,36.59720197299539,normal,0,5,0.0,0.0,0.019153396433856062,9504.9697616417,228.990524401912,41.5081355220225,0.0,0.0,0.0,3659.723687484025,55.57381167145558,8.54998016162937,0.43283582089552236,2.302861791557074,-0.5827849665864862,33.64824118519694,161.79766065870615,33.54462255800895,0.20796494115084366,40a7a6c4-b8d9-447a-ba96-8503647f43bb,Non-Event,Non-Event,condition_like,0.6780462634123872,ML_Ensemble(RF+XGB),Dipelajari dari data (Confidence: 68%),True,1.0,0.1736177588340867,low
257,1776413725.0200002,-6.8315033,109.4621567,78.31464,-46.259067256718374,7.985870812152978,-4.7171120878912145,3.444225791632462,5.4251723,0.1699998378753662,65.07940487509727,normal,2,4,0.7899999618530273,0.0,0.05417125578051397,30320.842434692502,596.8076380390099,50.80505082595064,0.7899999618530273,0.7484366055693086,0.1699998378753662,6507.946693971341,77.31287602892169,20.979948107957725,0.525,1.6373485924554343,-0.28870600430559407,49.71136672267999,499.45078683087905,47.64548448545085,0.0995320618845694,40a7a6c4-b8d9-447a-ba96-8503647f43bb,Non-Event,Non-Event,condition_like,0.47956683845092085,ML_Ensemble(RF+XGB)_LOW_CONF,"ML ragu-ragu (Conf: 48%), pakai tebakan terbaik ML",True,1.0,0.5851243274120834,high
258,1776413730.9,-6.8315033,109.4621567,57.718149999999994,-30.430659442521563,5.885613333809201,-3.103063680514912,1.9087348425847093,5.4251723,0.0,44.119138409682584,normal,0,4,0.0,0.0,0.2148238297294157,19484.90427584801,356.54934132796507,54.64854919834684,0.0,0.0,0.0,4411.9180485011875,56.96130196979889,8.65897848521917,0.43283582089552236,0.3431064388135949,-0.19721125053259642,57.186521890663435,237.75255926591385,61.610260171387836,0.24052957337958125,40a7a6c4-b8d9-447a-ba96-8503647f43bb,Non-Event,Normal,condition_like,0.92,R6,amplitudo rendah + tidak ada struktur event → Non-Event,False,1.0,0.2261478415290024,low
259,1776413742.4075003,-6.8311626,109.4626186,85.07705,-52.67977198261692,8.675444723733385,-5.371841758665489,9.224982700873008,5.300893,0.18999981880187988,77.04402062778,high_conf,2,3,0.21000003814697266,0.0,0.07808712592278437,56135.74599591363,1011.3142030678657,55.50772032086139,0.21000003814697266,0.6997894419723738,0.18999981880187988,7704.409410275378,91.30090837656167,20.038650518315254,0.485,0.5020472097043389,-0.6031024501791177,103.8434398325899,837.6835519003394,69.78721133493661,0.12396499784799324,40a7a6c4-b8d9-447a-ba96-8503647f43bb,Non-Event,Non-Event,condition_like,0.47344641000796583,ML_Ensemble(RF+XGB)_LOW_CONF,"ML ragu-ragu (Conf: 47%), pakai tebakan terbaik ML",True,1.0,0.7700262502099643,high
260,1776413747.5725,-6.8308549,109.4630619,81.06479,-41.811388606900756,8.266308066465104,-4.263575084957734,6.318728129262645,6.4864845,0.0,45.70494391361406,candidate,0,8,0.0,0.0,0.2596894323485229,26518.85789733908,560.8453917842098,47.283722463496176,0.0,0.0,0.0,4570.498750128677,60.32152734084893,18.620105311197875,0.545,0.03831985673588223,0.014097881869390793,61.85911810964684,432.70433256985837,66.28194110470466,0.14295932189840188,40a7a6c4-b8d9-447a-ba96-8503647f43bb,Non-Event,Non-Event,condition_like,0.6747518943619524,ML_Ensemble(RF+XGB),Dipelajari dari data (Confidence: 67%),True,1.0,0.5418860757890402,high
261,1776413761.7,-6.8305467,109.4635633,43.788536,30.592898042916822,4.465188010176768,3.1196074136343017,1.277344937683925,7.265819,0.09999990463256836,41.355079761890835,normal,1,3,0.0,0.0,0.09217957572278411,14498.039679949321,283.10092725850745,51.2115582563924,0.1,0.0,0.09999990463256836,4135.511920120587,56.90268429587075,1.8973830840800483,0.4228855721393035,1.2109192369685582,-0.13604641902846076,46.57646056839734,186.541813758231,49.982652931879144,0.24968375390130695,40a7a6c4-b8d9-447a-ba96-8503647f43bb,Non-Event,Non-Event,condition_like,0.9533854457863546,ML_Ensemble(RF+XGB),Dipelajari dari data (Confidence: 95%),False,1.0,0.2058695353550215,low
262,1776413768.5266666,-6.83023,109.464085,84.463518,-51.90272118604143,8.612881870975308,-5.292604629107946,3.710072884000436,6.2790966,0.0,56.90123080358593,candidate,0,3,0.0,0.0,0.454612739639245,39611.21983200275,652.4703476396817,60.70960912566701,0.0,0.0,0.0,5838.4568014924635,82.21235743762158,28.499277363502244,0.48,0.5318450772496521,-0.710088810244181,84.77384290632457,507.7175906586823,59.978914074674805,0.16697046606042076,40a7a6c4-b8d9-447a-ba96-8503647f43bb,Non-Event,Normal,condition_like,0.92,R6,amplitudo rendah + tidak ada struktur event → Non-Event,False,1.0,0.6572305598448263,high
263,1776413773.57,-6.83023,109.464085,83.53755,-32.68320709689224,8.518459412745433,-3.3327596168816305,2.5499160278146906,6.2790966,0.04999995231628418,36.10687038137566,normal,1,3,0.0,0.0,0.545281428946731,14723.75988566926,512.0477442519554,28.7546620841468,0.1,0.0,0.04999995231628418,3610.6904815603425,58.361553544433946,8.674063586272384,0.48258706467661694,1.5981473057406559,-0.35186036779271807,57.51842178583485,414.22596532750924,40.303357138611226,0.1388575957605654,40a7a6c4-b8d9-447a-ba96-8503647f43bb,Non-Event,Normal,condition_like,0.92,R6,amplitudo rendah + tidak ada struktur event → Non-Event,False,1.0,0.2590173744877078,low
264,1776413779.07,-6.829965,109.4645683,81.5380825,-30.438978028753358,8.31457047003819,-3.103911940239874,3.8782248205525685,6.1591663,0.0,43.653010059793274,normal,0,4,0.0,0.0,0.12351466326485057,21917.696173654538,539.3265680956947,40.63900692006442,0.0,0.0,0.0,4365.305169058751,53.240907968022015,9.666532330884676,0.47761194029850745,-0.09220616153228045,-0.13478133980875528,75.63110905879398,400.041424929776,63.65403410712469,0.1890581928684316,40a7a6c4-b8d9-447a-ba96-8503647f43bb,Non-Event,Non-Event,condition_like,0.8581695480626144,ML_Ensemble(RF+XGB),Dipelajari dari data (Confidence: 86%),False,1.0,0.29037098525371097,low
265,1776413804.79,-6.8293177,109.4659107,70.46302,-32.55811839575563,7.185228390938803,-3.320004119220695,2.685234531810026,5.857365,0.04999995231628418,30.355628067939943,normal,2,5,0.630000114440918,0.0,0.16737818434242574,11457.168704407584,359.0487665222903,31.909784243156622,0.630000114440918,0.8697824007422603,0.04999995231628418,3035.56570173504,48.92313418715468,7.226476638024664,0.4626865671641791,1.7279056337113312,-0.8618086149513362,52.16253733605592,247.8953547192018,58.990874467032626,0.21042159981061495,40a7a6c4-b8d9-447a-ba96-8503647f43bb,Pothole,Pothole,event,0.683310491515021,ML_Ensemble(RF+XGB),Dipelajari dari data (Confidence: 68%),True,1.0,0.2424438589269596,low
266,1776413841.37,-6.8284314,109.4678833,75.64793,40.42356618031316,7.713942069921941,4.122056582045159,2.818434912142954,10.877279,0.08999991416931152,34.917440450640825,normal,3,6,0.8249999284744263,0.5449999570846558,0.1318405597240887,17301.520003980502,339.50825509362835,50.960528038555715,1.6499998569488525,0.7957645514763156,0.08999991416931152,3816.8959001352246,68.14755158107216,4.711228378120252,0.47761194029850745,1.9495857260387783,0.5921074279700737,63.1442579909971,215.74434629727307,60.61965080535815,0.2926809382587945,40a7a6c4-b8d9-447a-ba96-8503647f43bb,Non-Event,Non-Event,condition_like,0.8185703306727938,ML_Ensemble(RF+XGB),Dipelajari dari data (Confidence: 82%),False,1.0,0.38539777944304016,medium
267,1776413845.4,-6.828065,109.4687133,71.110344,-31.28565481606407,7.251237068723774,-3.190248944957154,0.5879468808383118,9.418387,0.029999971389770508,44.82154098017805,normal,1,3,0.0,0.0,0.09895979686090993,12538.188226392243,220.94761087873422,56.74733535148483,0.1,0.0,0.029999971389770508,4482.1583725371265,53.57550011412043,13.161153967139118,0.5323383084577115,1.1439143923942625,-0.4571991959695017,33.6830383341659,162.444644046054,24.819928498514273,0.20735086911985656,40a7a6c4-b8d9-447a-ba96-8503647f43bb,Non-Event,Non-Event,condition_like,0.7686579931888705,ML_Ensemble(RF+XGB),Dipelajari dari data (Confidence: 77%),True,1.0,0.19979070555967643,low
268,1776413883.305,-6.8268109,109.4702084,61.60943,-33.87823204887781,6.282413464332877,-3.4546182487269164,2.386667592782351,5.7945676,0.06999993324279785,24.57156924416222,normal,1,2,0.0,0.0,0.4708955905854163,18066.2035211212,341.9681681011532,52.83007353756737,0.1,0.0,0.06999993324279785,4061.6536039969847,63.479516311169675,10.672335441847274,0.505,1.3774251400841804,0.2626343632368925,47.09457271022137,257.3214941364704,37.55210125446146,0.18301841703991645,40a7a6c4-b8d9-447a-ba96-8503647f43bb,Non-Event,Normal,condition_like,0.92,R6,amplitudo rendah + tidak ada struktur event → Non-Event,False,1.0,0.23490354954219972,low
269,1776413887.4433334,-6.8264256,109.4709843,94.810787,41.088647363291926,9.6680096669097,4.189875988568158,8.986074086977375,9.927378,0.2199997901916504,47.511204455492084,high_conf,3,3,0.2250000238418579,0.004999995231628418,0.18484346946228838,22164.803924870757,1172.8044612944618,18.898976459816478,0.4500000476837158,0.7618018498064586,0.2199997901916504,4751.124976575073,77.60883677583965,13.572534782564981,0.45,2.8171053491834517,-0.11142364448088142,103.49298225659028,1017.4501181948235,51.86136084304777,0.10171799118613423,40a7a6c4-b8d9-447a-ba96-8503647f43bb,Non-Event,Non-Event,condition_like,0.8625456284530578,ML_Ensemble(RF+XGB),Dipelajari dari data (Confidence: 86%),False,1.0,0.5533520640679045,high
270,1776413901.4,-6.8260655,109.4716114,60.554062,-30.303946837295296,6.1747958783070676,-3.090142590721123,1.7747449411596796,8.2691765,0.0,31.84019940201386,normal,0,7,0.0,0.0,0.6021754680619038,12228.349042195852,320.1449848189246,38.196284758032284,0.0,0.0,0.0,3218.642542610947,53.96837306801668,7.253917301381425,0.4925373134328358,1.4196965227318854,-0.6595985115170331,47.65994270613811,221.88495185791635,50.600090254870146,0.21479574028013101,40a7a6c4-b8d9-447a-ba96-8503647f43bb,Non-Event,Non-Event,condition_like,0.7884074858606251,ML_Ensemble(RF+XGB),Dipelajari dari data (Confidence: 79%),True,1.0,0.17881355132020393,low
271,1776413904.12,-6.8260655,109.4716114,81.149423,-30.47292004407148,8.274938230690399,-3.1073730625719773,2.6146597897011983,8.2691765,0.0,47.88670091627587,normal,0,4,0.0,0.0,0.026563911540526994,28740.22458098929,698.861001247679,41.12437879428797,0.0,0.0,0.0,5101.48270062735,59.63523221182152,11.435081430110234,0.48756218905472637,-0.022924162105139256,-0.29505549081447174,110.99609911819996,485.0727421415345,102.79215998794454,0.2288236160196153,40a7a6c4-b8d9-447a-ba96-8503647f43bb,Non-Event,Non-Event,condition_like,0.9266565522882673,ML_Ensemble(RF+XGB),Dipelajari dari data (Confidence: 93%),False,1.0,0.2628836220967561,low
272,1776413906.4499998,-6.825711,109.4722645,94.77136999999999,-46.73237250262751,9.663990251513004,-4.76537579118532,7.825369521361875,7.291923,0.009999990463256836,47.789545121991935,candidate,1,3,0.0,0.0,0.14763598861619634,32370.95603588944,842.4938183018844,38.42278162077555,0.1,0.0,0.009999990463256836,5395.068423949384,77.85928470205546,25.902906695477757,0.515,1.6055872925360424,-0.7106298373965257,98.40756000635477,676.9190610319124,67.1671972636174,0.14537566679089248,40a7a6c4-b8d9-447a-ba96-8503647f43bb,Non-Event,Non-Event,condition_like,0.839831231496273,ML_Ensemble(RF+XGB),Dipelajari dari data (Confidence: 84%),False,1.0,0.6248548517025153,high
273,1776413911.67,-6.825711,109.4722645,75.67866,-33.318681810254716,7.717075657844422,-3.3975600036969524,3.327669799510614,7.291923,0.09999990463256836,27.507362743806468,normal,1,5,0.0,0.0,0.22431061121523133,18005.111727563006,472.62217292157425,38.09620606279622,0.1,0.0,0.09999990463256836,5526.38498485607,64.59778439958696,23.134253044972134,0.4975124378109453,1.6833232262382607,-0.10120964097255505,102.13530666512534,307.02600156011437,63.46086469633453,0.3326601193823239,40a7a6c4-b8d9-447a-ba96-8503647f43bb,Non-Event,Normal,condition_like,0.92,R6,amplitudo rendah + tidak ada struktur event → Non-Event,False,1.0,0.26974752919836087,low
274,1776413932.22,-6.8251415,109.4732711,72.49211,36.97868118693865,7.39213798799794,3.7707760740863243,0.17154413153034412,8.02342,0.1699998378753662,41.16949792934487,normal,2,3,0.3299999237060547,0.0,0.11274859761879517,7383.457018753275,125.88893922497701,58.65056140402999,0.3299999237060547,0.6226568260430082,0.1699998378753662,4116.953719167511,57.35661747640868,3.0436453155115317,0.4527363184079602,7.730405100829394,2.578878502011598,19.066217943957344,88.14129425493823,18.681427026081398,0.21631424735489277,40a7a6c4-b8d9-447a-ba96-8503647f43bb,Pothole,Pothole,event,0.5290874152713352,ML_Ensemble(RF+XGB)_LOW_CONF,"ML ragu-ragu (Conf: 53%), pakai tebakan terbaik ML",True,1.0,0.27131619643576216,low
275,1776413948.265,-6.8244497,109.4744404,91.37823,-37.56380008269934,9.317986264422611,-3.830441596539016,4.416790335063037,9.309556,0.029999971389770508,50.12382957788277,candidate,1,3,0.0,0.0,0.43016310413646636,20493.05246569638,609.4354342911043,33.62628964281937,0.1,0.0,0.029999971389770508,5012.387737973727,67.80160162278392,9.49552632937379,0.51,1.5301166238755401,-0.38675164015364244,92.32690780869139,458.2268307993142,58.88169568309873,0.2014873451346189,40a7a6c4-b8d9-447a-ba96-8503647f43bb,Non-Event,Non-Event,condition_like,0.9147321349316901,ML_Ensemble(RF+XGB),Dipelajari dari data (Confidence: 91%),False,1.0,0.44112201376346233,medium
276,1776413971.4183333,-6.8241104,109.4750159,91.620822,-43.88711798198164,9.342723763976487,-4.4752405747101855,7.170462296001653,2.8625747999999995,0.0,50.256019779521104,candidate,0,1,0.0,0.0,0.14090623228824156,31829.84874275488,781.7770270006515,40.71474039619434,0.0,0.0,0.0,6244.637113352259,73.31640618906293,36.525467110781335,0.53,0.20981327453300525,-0.01881962809129358,91.68852565065286,603.0063354280928,87.08216592190601,0.15205234192690198,40a7a6c4-b8d9-447a-ba96-8503647f43bb,Non-Event,Non-Event,condition_like,0.8754975280700585,ML_Ensemble(RF+XGB),Dipelajari dari data (Confidence: 88%),False,1.0,0.5888061521382648,high
277,1776413978.8955557,-6.8236299,109.4758239,92.986626,-42.015020429191445,9.481997012231497,-4.284339752024539,5.344009256714944,6.2732615,0.0,65.2273304048991,candidate,0,3,0.0,0.0,0.19465230095078231,41590.413994007606,1167.3953642884285,35.62667390214613,0.0,0.0,0.0,6522.739261058817,72.55450977796704,23.63039368143459,0.485,-0.30279042845553317,0.13040705359079063,263.43235099519836,710.7765652718014,193.18644802142873,0.37062610600257423,40a7a6c4-b8d9-447a-ba96-8503647f43bb,Non-Event,Normal,condition_like,0.92,R6,amplitudo rendah + tidak ada struktur event → Non-Event,False,1.0,0.5707846046941789,high
278,1776413986.0549998,-6.8233616,109.4762842,94.27787533333333,-49.28975937332571,9.61366780025119,-5.026156676676104,4.259478011156498,6.1592207,0.029999971389770508,55.55641914644353,candidate,1,4,0.0,0.0,0.04261007161702512,33919.44660294892,538.4922482900583,62.98966539939601,0.1,0.0,0.029999971389770508,5555.647212922411,89.37585382654154,13.681264939797341,0.425,1.173992936090487,0.20218319672030305,107.61380004403264,354.6096714467627,76.26877679926301,0.30347113574627216,40a7a6c4-b8d9-447a-ba96-8503647f43bb,Non-Event,Non-Event,condition_like,0.8833882014568035,ML_Ensemble(RF+XGB),Dipelajari dari data (Confidence: 88%),False,1.0,0.63334416354901,high
279,1776413991.8111115,-6.8233616,109.4762842,87.89615,-52.20935629212238,8.962912921333993,-5.323872708021841,5.302945447645465,6.1592207,0.07999992370605469,45.23335146574203,candidate,2,5,1.9000000953674316,0.0,0.5231312356347185,31872.953503960405,818.6233734538117,38.934819721249895,1.9000000953674316,0.9950697202304778,0.07999992370605469,5022.360102798691,80.00168658160669,11.104031487207163,0.425,0.7222269167970352,-0.6242856300810785,105.97402679272358,641.552321019594,71.09702564149408,0.16518376312491465,40a7a6c4-b8d9-447a-ba96-8503647f43bb,Non-Event,Non-Event,condition_like,0.6102897569125971,ML_Ensemble(RF+XGB)_LOW_CONF,"ML ragu-ragu (Conf: 61%), pakai tebakan terbaik ML",True,1.0,0.6821235869552192,high
280,1776413997.7971425,-6.8231183,109.4766921,109.36289,44.249569272587316,11.151911203112174,4.512200320454724,8.91015102932184,4.903831000000001,0.08999991416931152,59.50770290372392,high_conf,2,3,0.18999981880187988,0.0,0.19584788428594882,34017.71934705161,1127.183033705253,30.179410352771054,0.18999981880187988,0.9055703660942112,0.08999991416931152,5950.775965474592,80.73746240533725,11.809864206989886,0.515,0.8895020556330673,0.28773939766229134,236.25307487010286,724.0129081448713,166.91705069027893,0.3263105835352306,40a7a6c4-b8d9-447a-ba96-8503647f43bb,Non-Event,Non-Event,condition_like,0.5214996179739635,ML_Ensemble(RF+XGB)_LOW_CONF,"ML ragu-ragu (Conf: 52%), pakai tebakan terbaik ML",True,1.0,0.6319390513099867,high
281,1776414003.6683333,-6.8231183,109.4766921,82.00232,-39.10054490927167,8.361909520580422,-3.987145958025592,6.896727786568877,4.903831,0.0,47.90636609480494,candidate,0,4,0.0,0.0,0.22629304760006058,35739.11588172824,1028.3981189484984,34.75221822023365,0.0,0.0,0.0,5075.02063502753,69.08512177036496,29.10936024092219,0.475,-0.10918032736778827,-0.2241116114648407,146.58329783872858,760.8297544915813,120.98506661818838,0.19266241466071388,40a7a6c4-b8d9-447a-ba96-8503647f43bb,Non-Event,Non-Event,condition_like,0.7971736067264217,ML_Ensemble(RF+XGB),Dipelajari dari data (Confidence: 80%),True,1.0,0.5077597806865219,high
282,1776414007.8616667,-6.8229028,109.4770648,99.69262,-55.898558801759094,10.165818092824768,-5.700066669225382,9.382769629244079,5.2230177,0.0,64.74302352131737,high_conf,0,6,0.0,0.0,0.3238470704466152,54965.502685633975,1639.9646592561385,33.51627264763691,0.0,0.0,0.0,6474.308526513495,84.80281652764478,23.30255411234972,0.425,0.26487941586784647,-0.20033860290096625,194.74329691555857,1296.2330417546336,148.9883205859463,0.15023787428046753,40a7a6c4-b8d9-447a-ba96-8503647f43bb,Non-Event,Normal,condition_like,0.92,R6,amplitudo rendah + tidak ada struktur event → Non-Event,False,1.0,0.8050100003838074,high
283,1776414011.6266668,-6.8229028,109.4770648,75.60298,-36.429462546910784,7.709358445544606,-3.714771358915714,4.162436749012013,5.2230177,0.0,56.592118169807456,candidate,0,5,0.0,0.0,0.13338007603016486,37337.57375664455,737.5618942934206,50.62297007872232,0.0,0.0,0.0,5659.217214030854,67.0905151788852,25.797501896598952,0.49,-0.23298262178916307,-0.18978053332473904,85.28429944840659,570.5735303693556,81.70406447565841,0.14947118076740676,40a7a6c4-b8d9-447a-ba96-8503647f43bb,Non-Event,Non-Event,condition_like,0.8704111709306528,ML_Ensemble(RF+XGB),Dipelajari dari data (Confidence: 87%),False,1.0,0.4346039893704491,medium
284,1776414014.865,-6.8229028,109.4770648,49.21782,-29.90240765525211,5.018820902142934,-3.0491969893135895,1.933303229174746,5.2230177,0.06999993324279785,33.335860493361174,normal,1,5,0.0,0.0,0.14662930113014985,28322.029795386115,989.5960428656306,28.619788822874217,0.1,0.0,0.06999993324279785,4677.3423725704,67.18950905611786,3.2461550123643224,0.375,0.2873990577684684,-0.6462757465161334,121.1575780218103,786.9518810141601,81.48658382966028,0.1539580510459091,40a7a6c4-b8d9-447a-ba96-8503647f43bb,Non-Event,Non-Event,condition_like,0.8278517424166567,ML_Ensemble(RF+XGB),Dipelajari dari data (Confidence: 83%),False,1.0,0.18819251934061038,low
285,1776414016.02,-6.8226415,109.4774927,72.87329,52.395260014982355,7.431007530604233,5.342829612047168,2.417478741310355,4.49699,0.04999995231628418,80.81492732785827,candidate,2,5,0.5799999237060547,0.0,0.3342571109768196,36912.46933959527,1246.7537930768492,29.60686345207946,0.5799999237060547,0.8301075837225071,0.04999995231628418,8081.500439905235,91.36919706441881,3.3803218598519726,0.4079601990049751,1.0983241590581718,0.3204245238270952,178.63041306437913,950.895245775081,117.22813423738909,0.18785498578334076,40a7a6c4-b8d9-447a-ba96-8503647f43bb,Pothole,Pothole,event,0.5318148754891895,ML_Ensemble(RF+XGB)_LOW_CONF,"ML ragu-ragu (Conf: 53%), pakai tebakan terbaik ML",True,1.0,0.6357570629411416,high
286,1776414022.4775,-6.8226415,109.4774927,95.61579,-42.50344636671698,9.750097127969287,-4.334145336757913,3.106669418102007,4.49699,0.0,66.03657756822751,normal,0,7,0.0,0.0,0.10784431595493514,50533.27624569676,753.3178154189559,67.08095194922723,0.0,0.0,0.0,6603.664054567555,83.88371169103907,13.569498012315984,0.38,0.19681317791428032,-0.21195072016144734,127.93692222280845,520.3823561633958,104.99853703275176,0.24585176738157036,40a7a6c4-b8d9-447a-ba96-8503647f43bb,Non-Event,Normal,condition_like,0.92,R6,amplitudo rendah + tidak ada struktur event → Non-Event,False,1.0,0.5036774477837538,high
287,1776414028.69,-6.8226226,109.4775229,49.60708,41.19992658701156,5.058514375449313,4.201223311427609,1.7378257285056664,2.3276963,0.09999990463256836,70.84141697776178,normal,2,5,0.1699998378753662,0.0,0.3616559186404112,18214.108279781885,670.3163845258131,27.17240496141875,0.1699998378753662,0.8707707170757419,0.09999990463256836,7084.148453746612,72.96566168358517,7.617101354169781,0.46766169154228854,2.6831146727798405,0.8162025666685155,161.68536451911947,394.043338578417,114.58768142827662,0.4103238102999153,40a7a6c4-b8d9-447a-ba96-8503647f43bb,Pothole,Pothole,event,0.512170908734912,ML_Ensemble(RF+XGB)_LOW_CONF,"ML ragu-ragu (Conf: 51%), pakai tebakan terbaik ML",True,1.0,0.44561101384510615,medium
288,1776414034.82,-6.8226226,109.4775229,96.754295,-36.8494297734849,9.86619232867493,-3.757596097901414,10.87739507166123,2.3276963,0.07999992370605469,49.199834393866766,high_conf,2,4,0.8500001430511475,0.0,0.3254782117941792,20014.725900455996,520.802929026608,38.43051708528874,0.8500001430511475,0.8219288851228627,0.07999992370605469,4919.988131452995,67.5351565580371,16.124529957841425,0.48258706467661694,2.135711816637314,0.03239537271552508,55.39220803016411,419.40292623157126,46.00779476487259,0.13207396618760264,40a7a6c4-b8d9-447a-ba96-8503647f43bb,Non-Event,Non-Event,condition_like,0.8875672992871066,ML_Ensemble(RF+XGB),Dipelajari dari data (Confidence: 89%),False,1.0,0.48363885694272213,medium
289,1776414036.3325,-6.8225617,109.4777041,74.33559,-38.95226387205388,7.580120632427995,-3.972025500252775,4.298847608407688,1.6107178,0.039999961853027344,50.64512721700902,candidate,2,6,1.2200000286102295,0.0,0.06568423388715293,30428.60220083094,521.1609664460739,58.38618795637162,1.2200000286102295,0.9262436612808007,0.039999961853027344,5113.37568480386,69.72175471059498,10.087407971043161,0.435,0.18356058757691596,0.14213158912381657,75.87361479709152,365.22607082482756,80.06128082415475,0.20774424568868838,40a7a6c4-b8d9-447a-ba96-8503647f43bb,Non-Event,Non-Event,condition_like,0.8619519829575396,ML_Ensemble(RF+XGB),Dipelajari dari data (Confidence: 86%),False,1.0,0.460915833180513,medium
290,1776414051.23,-6.8223926,109.4776971,61.26851,-32.38634831474699,6.247649299200033,-3.302488445569791,2.4106853943043873,1.9771558,0.0,53.104482680150255,normal,0,5,0.0,0.0,0.1930910210596252,19060.46545693806,492.89550752734345,38.67039793867522,0.0,0.0,0.0,5310.453332457977,62.93444328656649,11.775864279345862,0.4577114427860697,1.1533139906779901,-0.0816330983607336,90.80304508669755,328.08760572345886,74.00485671718695,0.2767646300130878,40a7a6c4-b8d9-447a-ba96-8503647f43bb,Non-Event,Non-Event,condition_like,0.7894736546235789,ML_Ensemble(RF+XGB),Dipelajari dari data (Confidence: 79%),True,1.0,0.30274438891278244,medium
291,1776414054.9466667,-6.8223926,109.4776971,97.70417499999999,-61.21662378915772,9.963053132313277,-6.242358378157447,3.1125172701579102,1.9771558,0.0,63.321229326431826,candidate,0,5,0.0,0.0,0.570724363358975,54356.109965316704,946.4893176016093,57.42918477476866,0.0,0.0,0.0,6475.105439948231,103.48746610892222,17.169181715409994,0.48,0.5130858787399997,-0.21371312634198758,124.89111560059953,711.828513882027,109.7696881189828,0.17545112760943277,40a7a6c4-b8d9-447a-ba96-8503647f43bb,Non-Event,Maneuver,condition_like,0.88,R5,gyro dominan + asimetri tinggi → maneuver (Non-Event),False,1.0,0.7537505756719303,high
292,1776414056.05,-6.8222372,109.4777523,56.2251095,33.09668568554073,5.733365573360934,3.37492269893804,2.358300401878239,2.5548666,0.0,64.75099264806477,normal,0,6,0.0,0.0,0.3825968424496739,54205.84835812776,913.7789658476788,59.32052534008866,0.0,0.0,0.0,6475.105439948231,103.48746610892222,14.51709961970355,0.39800995024875624,0.6436151486382142,-0.16074669290070398,125.46796794982367,695.3275330148375,92.98346488301769,0.1804444118951664,40a7a6c4-b8d9-447a-ba96-8503647f43bb,Non-Event,Normal,condition_like,0.92,R6,amplitudo rendah + tidak ada struktur event → Non-Event,False,1.0,0.33484841823664735,medium
293,1776414058.835,-6.8222372,109.4777523,79.860535,-35.492369219869644,8.14350823165913,-3.619214433049986,5.1051708641521,2.5548666,0.1399998664855957,52.85157186001845,candidate,2,4,0.25999999046325684,0.0,0.3248662765520563,18701.49859623166,517.2315536477784,36.15691739643941,0.25999999046325684,0.8323654629716969,0.1399998664855957,5285.162226325318,59.50043734550673,30.35773275255347,0.47,1.6327460671451446,-0.4582286642229723,62.484963081052484,404.467012171228,50.27957839549786,0.15448716717622643,40a7a6c4-b8d9-447a-ba96-8503647f43bb,Non-Event,Non-Event,condition_like,0.8875672992871066,ML_Ensemble(RF+XGB),Dipelajari dari data (Confidence: 89%),False,1.0,0.44972642328238244,medium
294,1776414064.51,-6.8222372,109.4777523,102.50849,-32.973061413201904,10.452956922088584,-3.3623165314558903,5.671849024940522,2.5548666,0.039999961853027344,33.019685890482634,candidate,1,3,0.0,0.0,0.14100929199502568,15017.28706104814,658.0373745952209,22.821328419931177,0.1,0.0,0.039999961853027344,3582.618068680506,57.98804070361012,7.323853039595655,0.47761194029850745,2.002147939012894,0.24614283116819397,61.04964031681686,541.48249426518,55.505240013224096,0.11274536268604408,40a7a6c4-b8d9-447a-ba96-8503647f43bb,Non-Event,Normal,condition_like,0.92,R6,amplitudo rendah + tidak ada struktur event → Non-Event,False,1.0,0.35647473065698676,medium
295,1776414069.31,-6.8217733,109.4781458,83.48742999999999,-37.49570875517746,8.513348595085986,-3.823498213475291,4.446312963705071,2.6272352,0.0,41.86687641947671,candidate,0,6,0.0,0.0,0.4516610611413291,25789.518115208244,841.4831755154802,30.647693067377457,0.0,0.0,0.0,4186.691634687953,63.09577550859022,6.629213026294099,0.43781094527363185,0.4877640341972058,-0.4895247210838941,83.04198728009649,687.3086574129887,71.13253082239503,0.12082197170604882,40a7a6c4-b8d9-447a-ba96-8503647f43bb,Non-Event,Non-Event,condition_like,0.7116373406719958,ML_Ensemble(RF+XGB),Dipelajari dari data (Confidence: 71%),True,1.0,0.4112914188763851,medium
296,1776414074.0316668,-6.8217733,109.4781458,79.75874,-47.05115489484819,8.133128030469122,-4.797882548561251,3.392227960447535,2.6272352,0.0,58.129659736241535,normal,0,3,0.0,0.0,0.40188058738992327,47262.62138243365,687.5028648897966,68.74534453214865,0.0,0.0,0.0,5812.971517305791,79.02217528080237,17.588215358228346,0.425,-0.15724620357640484,-0.3483402590124001,76.23492678715286,542.5189955947352,68.74894250790854,0.14052029010165848,40a7a6c4-b8d9-447a-ba96-8503647f43bb,Non-Event,Normal,condition_like,0.92,R6,amplitudo rendah + tidak ada struktur event → Non-Event,False,1.0,0.5765221800865773,high
297,1776414081.2075,-6.8217121,109.4783806,92.08174,-56.73924009588225,9.389724319721822,-5.7857923037818475,6.507644850781464,1.918774,0.0,78.23030922262237,candidate,0,6,0.0,0.0,0.12102092865060311,66149.74726477721,1067.8701493426577,61.945497065866206,0.0,0.0,0.0,7823.038382893019,95.67028122345015,18.70684199209503,0.37,0.035083678048893674,-0.379759769037968,127.79681027775507,831.997553397985,108.07578566691743,0.1536023869327669,40a7a6c4-b8d9-447a-ba96-8503647f43bb,Non-Event,Normal,condition_like,0.92,R6,amplitudo rendah + tidak ada struktur event → Non-Event,False,1.0,0.8178688455672771,high
298,1776414086.6560001,-6.8214183,109.4792533,99.516464,-50.770193043529964,10.147855179903434,-5.177118898250674,5.8690242968113955,4.849198,0.0,65.96749992404104,candidate,0,7,0.0,0.0,0.11502511710822004,60768.23499436628,1169.393670005649,51.965592512662674,0.0,0.0,0.0,6596.7562835611425,86.79728815793268,37.68189926908841,0.5,-0.11214274489229803,-0.41087608114945245,162.6960099216888,883.793042982586,122.90461710137421,0.18408835759618689,40a7a6c4-b8d9-447a-ba96-8503647f43bb,Non-Event,Normal,condition_like,0.92,R6,amplitudo rendah + tidak ada struktur event → Non-Event,False,1.0,0.7222019779646476,high
299,1776414092.48,-6.8214183,109.4792533,91.92074,-43.534150751507184,9.373306888692877,-4.439247933953713,7.083420669870949,4.849198,0.14999985694885254,54.76396715749148,candidate,2,7,0.2799999713897705,0.0,0.4232315360269273,17262.775208660576,438.99340925307763,39.323540639730034,0.2799999713897705,0.7157264782041172,0.14999985694885254,5476.401938453023,72.38547652984354,6.671172170189043,0.4527363184079602,3.391942970673621,-0.6142444135985677,73.98219910283093,294.40961145543963,70.60159869480698,0.25129002577668386,40a7a6c4-b8d9-447a-ba96-8503647f43bb,Non-Event,Non-Event,condition_like,0.6305532764267717,ML_Ensemble(RF+XGB)_LOW_CONF,"ML ragu-ragu (Conf: 63%), pakai tebakan terbaik ML",True,1.0,0.6096837365558592,high
300,1776414095.3049998,-6.8214183,109.4792533,101.27968,-47.75561472478419,10.327653174121643,-4.869717459558992,6.57737558866728,4.849198,0.0,39.382234614890095,candidate,0,5,0.0,0.0,0.31762633999682527,32662.18649724975,1462.9998548419098,22.32548852744329,0.0,0.0,0.0,4960.830870891179,79.55523462748721,33.26497531292556,0.445,0.48749895043684033,-0.19598323044743793,175.9217904273773,1160.9537585048338,126.12430590969878,0.1515321251919722,40a7a6c4-b8d9-447a-ba96-8503647f43bb,Non-Event,Normal,condition_like,0.92,R6,amplitudo rendah + tidak ada struktur event → Non-Event,False,1.0,0.6117317343168158,high
301,1776414096.65,-6.82129,109.4796033,75.26453,-31.06279215145703,7.674846150316367,-3.1675232777204276,1.7497003584914548,3.9082859,0.039999961853027344,36.36877372235356,normal,1,5,0.0,0.0,0.01831607991949624,24496.141233903527,803.480095700661,30.487552005945506,0.1,0.0,0.039999961853027344,4960.830870891179,79.55523462748721,7.225994036814433,0.36318407960199006,1.718235532106669,-0.5655732182089016,152.0510811225808,538.9637877287381,112.4652268493421,0.2821174340510444,40a7a6c4-b8d9-447a-ba96-8503647f43bb,Non-Event,Non-Event,condition_like,0.7943435519702269,ML_Ensemble(RF+XGB),Dipelajari dari data (Confidence: 79%),True,1.0,0.20768107982126824,low
302,1776414102.985,-6.82129,109.4796033,72.914536,-36.875164231608935,7.435213452096282,-3.760220282319542,2.356586454360417,3.9082859,0.0,44.76478548416031,normal,0,3,0.0,0.0,0.4513568007372533,27811.432169349002,755.4378169559958,36.81498530825341,0.0,0.0,0.0,4587.758301930884,65.28109227797326,13.60032806055397,0.465,0.3759144908037255,0.24182729938607533,99.07937056824595,566.1033519930959,90.2550943946541,0.17501993239290053,40a7a6c4-b8d9-447a-ba96-8503647f43bb,Non-Event,Non-Event,condition_like,0.7905388747903453,ML_Ensemble(RF+XGB),Dipelajari dari data (Confidence: 79%),True,1.0,0.34180187577381294,medium
303,1776414106.055,-6.8212958,109.4795995,84.034835,-38.999649898329224,8.569168370442506,-3.976857530178932,1.4499316844247525,2.9549656,0.0,40.07785580789139,normal,0,4,0.0,0.0,0.09206096387538247,24573.191747643425,655.873599956241,37.46635283355903,0.0,0.0,0.0,4007.789402914958,65.43138527979303,6.265353247272254,0.36,0.8763205360404775,-0.43875047634949055,102.71398198227573,453.40251615396255,99.75710182000283,0.22654038761632414,40a7a6c4-b8d9-447a-ba96-8503647f43bb,Non-Event,Non-Event,condition_like,0.8099572664040785,ML_Ensemble(RF+XGB),Dipelajari dari data (Confidence: 81%),False,1.0,0.3284525383673029,medium
304,1776417339.8200002,-6.9517283,109.4972667,83.939545,33.04622448415995,8.55945149464904,3.3697770884206077,0.9281234969469325,8.837266,0.019999980926513672,56.160640353195774,normal,1,4,0.0,0.0,0.11161665784518268,24279.068437306596,398.60446707607105,60.91017633217572,0.1,0.0,0.019999980926513672,5616.069391220715,64.4936231648644,15.495625268761351,0.535,0.5557379713313484,0.22709869669625193,47.42447181105291,314.10913035551306,37.07086490950512,0.150980875998085,2403297f-866d-495e-a41b-b29966866b69,Non-Event,Non-Event,condition_like,0.9245273849699231,ML_Ensemble(RF+XGB),Dipelajari dari data (Confidence: 92%),False,1.0,0.27510614624146335,low
305,1776417343.43,-6.9517283,109.4972667,68.66018,-32.86635952875432,7.001389873198289,-3.3514359673032406,1.1645525654168647,8.837266,0.059999942779541016,35.57051289043305,normal,1,4,0.0,0.0,0.2487761484487543,14670.257541006624,248.82125426969503,58.959020703860965,0.1,0.0,0.059999942779541016,3557.0546813149967,59.19960817213633,10.925424538465572,0.4427860696517413,1.2874814682835325,-0.4168886806452517,43.96865212266091,170.6069292901102,34.24567285692392,0.25771902728625384,2403297f-866d-495e-a41b-b29966866b69,Non-Event,Non-Event,condition_like,0.7877220471330495,ML_Ensemble(RF+XGB),Dipelajari dari data (Confidence: 79%),True,1.0,0.214602185952624,low
306,1776417346.08,-6.9517283,109.4972667,82.392132,-31.497933438676224,8.40165928222176,-3.2118953402717776,1.9592904296441895,8.837266,0.059999942779541016,36.70471779909479,normal,2,5,0.2799999713897705,0.0,0.13178933119803643,12073.16565449147,291.59647301263715,41.403675045701156,0.2799999713897705,0.7699470847187605,0.059999942779541016,3670.4752803474826,52.24300516645003,6.575224476537801,0.38308457711442784,0.9955755009125289,-0.6491811870459043,71.51161482763362,156.36021685260178,63.72464133240173,0.4573517216191554,2403297f-866d-495e-a41b-b29966866b69,Non-Event,Non-Event,condition_like,0.9275660833829369,ML_Ensemble(RF+XGB),Dipelajari dari data (Confidence: 93%),False,1.0,0.22394303706768784,low
307,1776417375.0283334,-6.9523319,109.4963529,96.3406,-41.04871503128321,9.82400717880214,-4.185804023931028,3.5859222810788163,2.097562,0.04999995231628418,32.720242827964626,normal,1,5,0.0,0.0,0.07565308723659651,19457.339917896315,398.67313349146247,48.80524478459181,0.1,0.0,0.04999995231628418,3272.0274032449597,61.33625452961235,6.154776757460961,0.35,0.3701970129368868,0.0030856936957319916,65.70432345248167,293.31417092024736,39.6546391187334,0.2240066445556773,2403297f-866d-495e-a41b-b29966866b69,Non-Event,Non-Event,condition_like,0.6654395143016354,ML_Ensemble(RF+XGB),Dipelajari dari data (Confidence: 67%),True,1.0,0.4102188188092181,medium
308,1776417380.8812501,-6.9524284,109.4960915,96.4676,-47.3088088196993,9.83695757470696,-4.824155937012058,6.461963780025105,1.9180521,0.0,46.68512372321628,candidate,0,6,0.0,0.0,0.055175737660562905,28113.80550465446,672.237878072571,41.82121594135795,0.0,0.0,0.0,4668.516824566219,73.7649555110834,4.435826878891469,0.4,0.5291192521734609,-0.6356039629507804,98.8744607639842,476.22271488113256,97.14070242745433,0.20762231087830707,2403297f-866d-495e-a41b-b29966866b69,Non-Event,Non-Event,condition_like,0.8084288280743819,ML_Ensemble(RF+XGB),Dipelajari dari data (Confidence: 81%),False,1.0,0.6292404696291963,high
309,1776417387.29,-6.9524284,109.4960915,55.96123,32.25535019067398,5.706457352918683,3.289130354471097,2.6579300995090636,1.9180521,0.08999991416931152,53.66159795178342,normal,2,5,0.18000006675720215,0.0,0.0387162916092302,13257.357069641399,329.4698407341799,40.238453995851884,0.18000006675720215,0.6441020254243719,0.08999991416931152,5366.164912751997,56.39074854009422,11.354864057421475,0.5373134328358209,1.1220888038620034,0.2934607015759948,38.47440608841994,247.38612573160964,43.60930891415029,0.15552370133577054,2403297f-866d-495e-a41b-b29966866b69,Non-Event,Non-Event,condition_like,0.8829038401005178,ML_Ensemble(RF+XGB),Dipelajari dari data (Confidence: 88%),False,1.0,0.31758920988960976,medium
310,1776417392.41,-6.9530958,109.494861,80.02403,30.287692308892563,8.160180081883212,3.088485090106465,2.779590435753206,7.793902,0.0,43.18225501438312,normal,0,5,0.0,0.0,0.16464838827308542,25787.870200611098,588.5537354747408,43.81565964574901,0.0,0.0,0.0,4318.229619622992,59.90059059294093,17.95446774847764,0.5323383084577115,0.17345840441238325,-0.34110688800303546,119.02917968243422,370.8547759760845,98.66977981622196,0.3209590035565596,2403297f-866d-495e-a41b-b29966866b69,Non-Event,Non-Event,condition_like,0.8498481262676298,ML_Ensemble(RF+XGB),Dipelajari dari data (Confidence: 85%),False,1.0,0.24986662808902035,low
311,1776417409.43,-6.9546167,109.4945956,51.12528,-32.888073797247685,5.213327690903622,-3.3536502064668046,2.9060323487316864,10.974259,0.1699998378753662,48.156658567945215,normal,2,6,0.18000006675720215,0.0,0.5495876280620567,11798.280678311437,146.79888663601508,80.37036838838343,0.18000006675720215,0.8480655146632843,0.1699998378753662,4815.670449375745,61.496959176350394,5.606161359743606,0.417910447761194,3.29866553399357,-0.057702376680705623,19.885368121416754,111.22905248992154,15.68446602467679,0.1787785429929831,2403297f-866d-495e-a41b-b29966866b69,Non-Event,Non-Event,condition_like,0.4887599972827094,ML_Ensemble(RF+XGB)_LOW_CONF,"ML ragu-ragu (Conf: 49%), pakai tebakan terbaik ML",True,1.0,0.32318745899488005,medium
312,1776417453.9533331,-6.9576179,109.4926011,70.21823,40.62763969961547,7.160266757761316,4.142866289672362,3.4785866164090984,9.831934,0.11999988555908203,59.35097565812598,normal,3,5,0.34999990463256836,0.04999995231628418,0.24808556446990154,25254.875621330124,635.0450701739003,39.76863496420138,0.6999998092651367,0.9486794965008031,0.11999988555908203,5935.10322596811,75.95095778015079,9.866018448281348,0.495,1.3394526539802047,0.5424795475519721,65.21295460533472,504.32851812623574,65.50359744232998,0.12930649791195253,2403297f-866d-495e-a41b-b29966866b69,Non-Event,Non-Event,condition_like,0.7599151441786024,ML_Ensemble(RF+XGB),Dipelajari dari data (Confidence: 76%),True,1.0,0.4942194076085087,medium
313,1776417458.87,-6.9581412,109.4919207,56.81874,-37.78009259686056,5.793899037897753,-3.8524972948826117,2.734143095966817,9.912414,0.07999992370605469,41.887502924198884,normal,2,2,0.18999981880187988,0.0,0.6001433131102943,18505.76675167201,352.70949039397294,52.46744758280762,0.18999981880187988,0.9816164661604685,0.07999992370605469,4188.75428712727,67.08050966892672,11.514696191815332,0.5074626865671642,1.7595315787841095,0.2500907965278119,78.51181773941764,200.65882224152892,73.53885041302635,0.3912701991923603,2403297f-866d-495e-a41b-b29966866b69,Speed Bump,Speed Bump,event,0.49060966544535567,ML_Ensemble(RF+XGB)_LOW_CONF,"ML ragu-ragu (Conf: 49%), pakai tebakan terbaik ML",True,1.0,0.36463770145656943,medium
314,1776417473.51,-6.9587054,109.4911751,50.164825,29.758040124138347,5.11538853737005,3.0344755981031595,1.7720613090321538,10.027484,0.059999942779541016,48.25072537282132,normal,1,3,0.0,0.0,0.15293947683654274,14454.092247413508,172.21742567852561,83.92932426283802,0.1,0.0,0.059999942779541016,4825.077138834274,55.404599989549,9.752880817950912,0.4527363184079602,0.9841228353263456,0.3288922377962157,26.99041493378477,126.45580550261383,18.771205242126996,0.21343752952322423,2403297f-866d-495e-a41b-b29966866b69,Non-Event,Non-Event,condition_like,0.8734630625777774,ML_Ensemble(RF+XGB),Dipelajari dari data (Confidence: 87%),False,1.0,0.22957579696774902,low
315,1776417481.8899999,-6.9592493,109.4904133,83.90988,44.90796257646886,8.556426506503241,4.579337753103135,4.082600437738029,10.228854,0.04999995231628418,29.625096131520436,candidate,1,4,0.0,0.0,0.11612063992307736,16818.996420302792,353.69636060797575,47.552076430303686,0.1,0.0,0.04999995231628418,6592.401704000643,76.20775592977556,8.993184385041438,0.545,2.784885550385974,1.0817701349222417,89.28399003405417,194.88279625556478,69.52957431835674,0.45814197708261145,2403297f-866d-495e-a41b-b29966866b69,Non-Event,Non-Event,condition_like,0.8460977798038058,ML_Ensemble(RF+XGB),Dipelajari dari data (Confidence: 85%),False,1.0,0.4754876610855274,medium
316,1776417499.89,-6.959916,109.4893256,76.24156500000001,-37.08394159681584,7.774475993331057,-3.7815096487399718,4.7148218459525655,10.686746,0.2999997138977051,49.94217579799085,candidate,2,2,0.25999999046325684,0.0,0.19360780828016536,12835.879167778861,401.4362480654129,31.9748881613511,0.25999999046325684,0.5721300151339531,0.2999997138977051,4994.222342660663,61.66130211029993,27.599649781137433,0.5771144278606966,2.8363498970628243,-0.19132748720777343,69.61311703679856,289.1873660095743,42.635765019040015,0.2407197719480389,2403297f-866d-495e-a41b-b29966866b69,Non-Event,Non-Event,condition_like,0.9072300409202321,ML_Ensemble(RF+XGB),Dipelajari dari data (Confidence: 91%),False,1.0,0.4633610733783786,medium
317,1776417525.82,-6.9620088,109.4894888,91.05186,-43.73613288832327,9.284705786379652,-4.459844379918042,5.131807304403708,12.202927,0.15999984741210938,58.74203102839056,candidate,1,5,0.0,0.0,0.16049278099217218,24019.935665250534,403.7098227210905,59.49802123677103,0.1,0.0,0.15999984741210938,5874.208704921027,69.0723314038701,8.314659473150305,0.4975124378109453,2.7946848582868924,-0.7692039671697857,52.47104771269954,326.4054765747229,24.83329843366805,0.160754188632412,2403297f-866d-495e-a41b-b29966866b69,Non-Event,Normal,condition_like,0.92,R6,amplitudo rendah + tidak ada struktur event → Non-Event,False,1.0,0.5978436591183734,high
318,1776417531.52,-6.96309,109.4896649,46.168987,-30.337224181351175,4.70792645806672,-3.093535935446985,1.2598879049220015,11.588129,0.059999942779541016,42.647352895048684,normal,2,5,0.24000000953674316,0.0,0.03457709029025926,8546.997758766614,144.206387013362,59.26920351111394,0.24000000953674316,0.784271929296127,0.059999942779541016,4264.739356677259,54.48263530818171,12.461402045777398,0.47761194029850745,3.3002569560851702,-0.19484437609353264,25.29882059566404,105.4277896183657,13.479776799332264,0.23996349015073587,2403297f-866d-495e-a41b-b29966866b69,Non-Event,Non-Event,condition_like,0.5873613797293769,ML_Ensemble(RF+XGB)_LOW_CONF,"ML ragu-ragu (Conf: 59%), pakai tebakan terbaik ML",True,1.0,0.202684492506409,low
319,1776417546.815,-6.9640605,109.4892625,85.734146,-37.606080565887304,8.74244986820168,-3.8347530059589467,3.9037435341971762,11.674247,0.22999978065490723,58.295250241240126,normal,2,5,0.4700000286102295,0.0,0.011230986778673712,26403.86541148246,466.3591147830871,56.61702434431114,0.4700000286102295,0.8741166833606798,0.22999978065490723,5829.530583597607,71.1109663428374,38.76646708223245,0.56,1.5976889391057467,-0.04931406275536285,33.52140815214193,384.21356417427455,48.624142456670626,0.08724681060372512,2403297f-866d-495e-a41b-b29966866b69,Non-Event,Non-Event,condition_like,0.7603878585497539,ML_Ensemble(RF+XGB),Dipelajari dari data (Confidence: 76%),True,1.0,0.4669052197203331,medium
320,1776417566.83,-6.9650522,109.4875557,105.05549,-35.110711280904404,10.712678641534062,-3.5802961542325265,1.1620672077832894,9.9000635,0.15999984741210938,58.53489637855387,normal,2,4,0.20000004768371582,0.0,0.33533890847067277,14403.794884000543,371.0967497285911,38.81412288229665,0.20000004768371582,0.7538712016729638,0.15999984741210938,5853.495220183439,64.3500784549351,16.236442281560883,0.5422885572139303,2.707737221931394,-0.391420145481205,80.39497816524057,223.54992088624667,67.15185067710378,0.35962874639763703,2403297f-866d-495e-a41b-b29966866b69,Non-Event,Non-Event,condition_like,0.8050666681462592,ML_Ensemble(RF+XGB),Dipelajari dari data (Confidence: 81%),False,1.0,0.33289630654540975,medium
321,1776417575.71,-6.96507,109.486635,93.59345,-42.68413277390049,9.543875839353909,-4.3525702226448875,2.7614366208252923,8.725057,0.059999942779541016,42.97029026874998,normal,1,3,0.0,0.0,0.056947971294011246,24184.851419771476,511.32644259046117,47.29826067658247,0.1,0.0,0.059999942779541016,4297.033124845126,73.4833914824443,32.129464176341386,0.4527363184079602,0.9021055777928453,-0.4248659677932509,92.51397782071648,345.9553499890043,72.85711478074035,0.26741594704704225,2403297f-866d-495e-a41b-b29966866b69,Non-Event,Non-Event,condition_like,0.8415288904385689,ML_Ensemble(RF+XGB),Dipelajari dari data (Confidence: 84%),False,1.0,0.4426677173618751,medium
322,1776417581.51,-6.9653733,109.4861967,81.13704,33.45454830677932,8.273675516103868,3.4114145306276176,4.500183531266116,5.0056734,0.06999993324279785,51.094733293272355,candidate,2,6,0.7599999904632568,0.0,0.04335893471344878,25101.079063659312,381.64178779357326,65.77130649923735,0.7599999904632568,0.8758075200248249,0.06999993324279785,5109.478202105367,64.74725024994625,17.42477510912513,0.5373134328358209,0.9120482243395198,0.11933752308168855,87.13953522825352,215.18818706334525,79.31406550197445,0.4049457175716454,2403297f-866d-495e-a41b-b29966866b69,Non-Event,Non-Event,condition_like,0.8017947630707598,ML_Ensemble(RF+XGB),Dipelajari dari data (Confidence: 80%),False,1.0,0.3872840699404642,medium
323,1776417608.4,-6.965757,109.4858782,81.19861,-33.491371228798435,8.279953908827174,-3.4151694236868284,3.485418765595104,2.1340613,0.04999995231628418,53.479915492535085,normal,1,5,0.0,0.0,0.1783386003006435,18644.694842276564,307.47163259816466,60.6387477897989,0.1,0.0,0.04999995231628418,5347.996649500557,60.33667550411826,14.26656803221425,0.43781094527363185,1.031224774290413,-0.3104248359575455,63.376248865507456,191.172948349329,52.92243538332819,0.33151263858832075,2403297f-866d-495e-a41b-b29966866b69,Non-Event,Non-Event,condition_like,0.8065636300601075,ML_Ensemble(RF+XGB),Dipelajari dari data (Confidence: 81%),False,1.0,0.36047242047169936,medium
324,1776417624.11,-6.9673139,109.4849616,52.4310475,-31.275044987915855,5.346478919916588,-3.1891670435791895,1.1065831014878367,7.6021647,0.1099998950958252,61.0198018645078,normal,1,3,0.0,0.0,0.19236159085047908,18933.699483720622,314.2444434604125,60.251501076595254,0.1,0.0,0.1099998950958252,6101.986005758113,61.0198018645078,15.027345007426243,0.5771144278606966,1.4222298332782168,0.057379472373405495,31.651281281687698,257.9277679265555,24.665394252169342,0.1227137404142799,2403297f-866d-495e-a41b-b29966866b69,Non-Event,Normal,condition_like,0.92,R6,amplitudo rendah + tidak ada struktur event → Non-Event,False,1.0,0.2735111520519932,low
325,1776417628.42,-6.9673139,109.4849616,84.902168,-32.52015827349035,8.657611722657585,-3.3161332640086427,3.155876638183072,7.6021647,0.019999980926513672,62.77633907544823,normal,1,4,0.0,0.0,0.12115783479371714,22011.985580099183,871.3928205845739,25.260691888730218,0.1,0.0,0.019999980926513672,6277.639894368757,62.77633907544823,12.829853704542503,0.527363184079602,0.45938364124560493,0.021160763248466257,97.2986190809678,723.500995813296,50.59320569031014,0.134483047721462,2403297f-866d-495e-a41b-b29966866b69,Non-Event,Normal,condition_like,0.92,R6,amplitudo rendah + tidak ada struktur event → Non-Event,False,1.0,0.35411587611022066,medium
326,1776417630.1950002,-6.9681225,109.484541,76.300247,35.97562381454121,7.780459892012053,3.668492687568253,1.55778014729444,8.9760275,0.059999942779541016,43.674329319521306,normal,2,4,1.5,0.0,0.20535217000166228,21196.858819716646,479.16917416080867,44.2366911698838,1.5,0.9192190711289804,0.059999942779541016,5466.448609082457,65.70350833841529,7.870235529338054,0.47,0.7609091460718007,-0.4250799079606354,104.4426930600766,292.83439778026786,81.89208332046417,0.35666128533774666,2403297f-866d-495e-a41b-b29966866b69,Non-Event,Non-Event,condition_like,0.8366397178551508,ML_Ensemble(RF+XGB),Dipelajari dari data (Confidence: 84%),False,1.0,0.30228100148525594,medium
327,1776417633.65,-6.9681225,109.484541,50.585255,-30.852478713178172,5.158260466112281,-3.146077275438419,1.3303376832241693,8.9760275,0.0,37.62035275852772,normal,0,6,0.0,0.0,0.10693983272843278,15362.648922334614,386.5243186227514,39.74562050152134,0.0,0.0,0.0,3762.038863612614,56.485376010446004,8.614101807281296,0.5223880597014925,0.4751719511020913,-0.7204731933882501,64.57493567992756,269.2986233877306,52.65075955509326,0.2397893261680903,2403297f-866d-495e-a41b-b29966866b69,Non-Event,Non-Event,condition_like,0.740846742524041,ML_Ensemble(RF+XGB),Dipelajari dari data (Confidence: 74%),True,1.0,0.1916573566183276,low
328,1776417641.1100001,-6.9686984,109.4842102,79.8196475,-40.629710081008845,8.139338866993317,-4.14307740981975,3.519255791380873,9.043384,0.19999980926513672,63.39338497902769,normal,2,5,0.26999998092651367,0.0,0.4034323205384389,21705.38841148035,654.4075084053422,33.16800021320654,0.26999998092651367,0.999231934372769,0.19999980926513672,6339.344543572843,79.9666316916659,4.150554741781849,0.45,2.7804061666086737,-0.1489973745960592,117.75153195646648,475.5790454510887,61.07693099778708,0.2475961311482564,2403297f-866d-495e-a41b-b29966866b69,Non-Event,Non-Event,condition_like,0.4812485365072886,ML_Ensemble(RF+XGB)_LOW_CONF,"ML ragu-ragu (Conf: 48%), pakai tebakan terbaik ML",True,1.0,0.5037701235472101,high
329,1776417648.51,-6.9686984,109.4842102,56.947937,-31.508835419264155,5.807073465454565,-3.2130070329076856,1.6261875311053489,9.043384,0.039999961853027344,48.938263052046615,normal,1,2,0.0,0.0,0.21688566542369964,15102.987520122806,346.15711491182174,43.63044070418608,0.1,0.0,0.039999961853027344,4893.830972325569,60.86248710093167,13.437132122292716,0.42786069651741293,1.0550710829519776,-0.44445943257978854,62.22599669317043,238.53348390848086,45.39763431017043,0.26086902103931003,2403297f-866d-495e-a41b-b29966866b69,Non-Event,Non-Event,condition_like,0.8880389002012827,ML_Ensemble(RF+XGB),Dipelajari dari data (Confidence: 89%),False,1.0,0.2522848466187969,low
330,1776417657.65,-6.9691931,109.4839123,84.58980500000001,-34.23856922132653,8.625759561114144,-3.4913624144153745,2.1773995352828566,5.788573,0.0,41.31269948569384,normal,0,4,0.0,0.0,0.007906064859633247,16594.779271732154,373.90143477659007,44.3827642364222,0.0,0.0,0.0,4131.273888459185,62.999413856480075,5.0435377521085965,0.47761194029850745,1.2944379433077957,-0.05078396644003636,73.19427935080903,251.03625467004002,49.670900755741,0.2915685591128916,2403297f-866d-495e-a41b-b29966866b69,Non-Event,Normal,condition_like,0.92,R6,amplitudo rendah + tidak ada struktur event → Non-Event,False,1.0,0.2839933449573809,low
331,1776417700.35,-6.9712891,109.4828139,78.210144,-32.013755749127654,7.975215185613844,-3.2644945775700833,2.6187180538910657,3.4732242,0.15999984741210938,40.06374926987243,normal,1,2,0.0,0.0,0.15138052262944102,17214.9882402952,335.15686637244227,51.363972862191375,0.1,0.0,0.15999984741210938,4006.3787477677565,59.09249504928412,9.734068282690826,0.4577114427860697,1.326158725893352,-0.2557236722146227,49.98220268408103,249.79563252038733,35.37903116797397,0.20009237943705563,2403297f-866d-495e-a41b-b29966866b69,Non-Event,Non-Event,condition_like,0.776626948861412,ML_Ensemble(RF+XGB),Dipelajari dari data (Confidence: 78%),True,1.0,0.27251060788736436,low
332,1776417728.6300004,-6.9719433,109.4828897,98.13063,-39.23688812846296,10.006539440073828,-4.001049097139488,1.9438321990618816,2.5360343,0.059999942779541016,69.2237588261844,normal,2,4,0.43000006675720215,0.0,0.2954124012903386,43776.61172806269,648.1947990366139,67.53619702840864,0.43000006675720215,0.8552652465916916,0.059999942779541016,6922.382484316823,74.24437591494468,18.197447028337532,0.47,-0.15541745565926668,-0.09977605852339966,106.78896451851055,462.5314228553375,78.87441166276571,0.23087937167250747,2403297f-866d-495e-a41b-b29966866b69,Non-Event,Non-Event,condition_like,0.39549441904593735,ML_Ensemble(RF+XGB)_LOW_CONF,"ML ragu-ragu (Conf: 40%), pakai tebakan terbaik ML",True,1.0,0.4194517669147848,medium
333,1776417730.62,-6.9722923,109.4825775,85.59020749999999,-48.93114890849695,8.727772225989506,-4.98958858616316,1.7685540133382454,2.7314875,0.04999995231628418,51.11096906158255,normal,1,5,0.0,0.0,0.29948613360184334,26190.808063825916,515.6069918072018,50.79606837997115,0.1,0.0,0.04999995231628418,5111.1017804847515,82.78943139840726,15.220095691415127,0.46766169154228854,1.9508390313609274,-0.5037587111329148,108.55284764156852,301.49147636716873,105.56266779846453,0.3600527901800965,2403297f-866d-495e-a41b-b29966866b69,Non-Event,Non-Event,condition_like,0.6872606826410771,ML_Ensemble(RF+XGB),Dipelajari dari data (Confidence: 69%),True,1.0,0.5315099816647454,high
334,1776417733.955,-6.9722923,109.4825775,77.51715,-36.06945912066643,7.9045494638842015,-3.6780612258688166,2.0550714350798733,2.7314875,0.09999990463256836,39.80600609133836,normal,2,4,0.7699999809265137,0.0,0.16819162467080576,14720.354328972873,293.1028646459716,50.2224851897322,0.7699999809265137,0.7090336075769545,0.09999990463256836,3980.604405334021,65.83563153888693,10.388801096042254,0.4,3.2180653458546145,-0.5368142307995806,57.47169146282543,159.02274540659855,76.6084277765476,0.3614054766472118,2403297f-866d-495e-a41b-b29966866b69,Non-Event,Non-Event,condition_like,0.9131423738689796,ML_Ensemble(RF+XGB),Dipelajari dari data (Confidence: 91%),False,1.0,0.3103982448682221,medium
335,1776417739.49,-6.9722923,109.4825775,87.622933,-36.560710116034436,8.935052540877875,-3.7281548863306466,3.027271631431304,2.7314875,0.0,56.08998126826756,normal,0,3,0.0,0.0,0.24307782686608762,17954.056395379266,373.17744108097435,48.111312128784796,0.0,0.0,0.0,5609.0034759893115,61.32644089185635,8.022177291680762,0.472636815920398,1.984522217388002,-0.5404177492850647,57.89098120507671,253.8909632105325,61.39549666536509,0.22801512997946677,2403297f-866d-495e-a41b-b29966866b69,Non-Event,Non-Event,condition_like,0.8204647414282564,ML_Ensemble(RF+XGB),Dipelajari dari data (Confidence: 82%),False,1.0,0.397098891558199,medium
336,1776417742.315,-6.9725141,109.483431,77.9899,-34.633328696852146,7.952756547852734,-3.531616678157388,5.102080500960491,5.6653986,0.04999995231628418,53.24037757568181,candidate,2,6,0.7899999618530273,0.0,0.052277568868890185,29828.308058800638,516.9203758134307,57.703873549497175,0.7899999618530273,0.9739356531089363,0.04999995231628418,5324.042834971092,59.74631242436041,10.855917956549858,0.455,-0.2219727330992427,-0.29567355159283926,85.62151807385044,360.50274323155935,70.7961145080209,0.23750587046531255,2403297f-866d-495e-a41b-b29966866b69,Non-Event,Non-Event,condition_like,0.8469839878702338,ML_Ensemble(RF+XGB),Dipelajari dari data (Confidence: 85%),False,1.0,0.43102977343161863,medium
337,1776417747.93,-6.9725141,109.483431,74.40769499999999,-39.92552437577572,7.587473296181672,-4.071270451762398,3.231640598129205,5.6653986,0.04999995231628418,47.88426230666888,normal,1,4,0.0,0.0,0.2014972267756235,17781.714021735053,457.4133299922478,38.87449887645801,0.1,0.0,0.04999995231628418,4788.4307972703555,66.70724341485132,21.562443123207593,0.527363184079602,2.028908600161385,-0.6001317666822971,63.00250039854544,333.57931007100774,60.83151952269458,0.18886812913026954,2403297f-866d-495e-a41b-b29966866b69,Non-Event,Non-Event,condition_like,0.8482992272382837,ML_Ensemble(RF+XGB),Dipelajari dari data (Confidence: 85%),False,1.0,0.43177612514795083,medium
338,1776417754.11,-6.9726167,109.4839428,63.436623,-32.45989072562577,6.468735296966854,-3.3099876844412486,1.5161041745106931,5.696789,0.1399998664855957,40.31624157070611,normal,3,3,0.41999995708465576,0.020000100135803223,0.41128181216014637,13452.859757144972,438.30179316600316,30.693143254736057,0.8399999141693115,0.9760015863628735,0.1399998664855957,4031.62800193069,54.038637982256034,5.304448011668971,0.4427860696517413,1.6163891630058131,-0.8030340026704955,103.42890180112246,180.82271432723908,154.0501770376416,0.5719906462744173,2403297f-866d-495e-a41b-b29966866b69,Pothole,Pothole,event,0.6531822155203139,ML_Ensemble(RF+XGB),Dipelajari dari data (Confidence: 65%),True,1.0,0.24192242037198378,low
339,1776417758.0,-6.9726167,109.4839428,111.76413,-37.978230937951025,11.396769539037287,-3.8727017827648615,4.678065184197819,5.696789,0.20999979972839355,30.073353232489268,candidate,2,4,1.6699998378753662,0.0,0.15451502740403186,17893.429210010963,560.4421079981262,31.92734614820099,1.6699998378753662,0.8923205702502771,0.20999979972839355,4178.349297799032,65.55661874375828,7.875100520924856,0.44776119402985076,3.0391502149321488,-0.5866863764013921,129.20383235295847,342.4123142521195,88.82596139304812,0.37733406947651754,2403297f-866d-495e-a41b-b29966866b69,Non-Event,Non-Event,condition_like,0.7351954911101577,ML_Ensemble(RF+XGB),Dipelajari dari data (Confidence: 74%),True,1.0,0.4028352693092503,medium
340,1776417782.09,-6.972912,109.4854012,76.396938,-36.48223766983612,7.790319630046959,-3.7201529237646005,2.6947513154196514,4.6272063,0.029999971389770508,40.69125542110013,normal,1,4,0.0,0.0,0.13519132828769262,16263.845868312092,369.05853905673507,44.06847180886768,0.1,0.0,0.029999971389770508,4069.1294227342337,60.91895510943577,6.330160723023771,0.4577114427860697,1.9528458443758945,-0.5704800486106452,50.57370328691962,272.7532071080404,45.73162866177512,0.18541927934679633,2403297f-866d-495e-a41b-b29966866b69,Non-Event,Non-Event,condition_like,0.8416195022157407,ML_Ensemble(RF+XGB),Dipelajari dari data (Confidence: 84%),False,1.0,0.3357354983365784,medium
341,1776417791.03,-6.9729236,109.4854372,95.07666,-48.72146550231167,9.695121167779009,-4.9682068292752035,3.48977399740567,2.6045024,0.07999992370605469,40.49377857671409,normal,1,4,0.0,0.0,0.17143791916312137,26197.0235942577,473.08171107113264,55.375261663715946,0.1,0.0,0.07999992370605469,4814.858154267753,80.47160119138425,17.81375740672403,0.47761194029850745,1.7331112990827622,-0.5398170835146778,62.24149701599244,311.09094266588124,99.74927138925895,0.2000749243373707,2403297f-866d-495e-a41b-b29966866b69,Non-Event,Non-Event,condition_like,0.7613376877654312,ML_Ensemble(RF+XGB),Dipelajari dari data (Confidence: 76%),True,1.0,0.5525360805051373,high
342,1776417797.16,-6.9729236,109.4854372,82.47564750000001,-29.786282853431334,8.410175493160255,-3.03735555499904,1.5215412334722482,2.6045024,0.11999988555908203,45.79500152666672,normal,2,4,0.20000004768371582,0.0,0.36129413542360156,15735.612382257343,319.40295765932564,49.26570639266027,0.20000004768371582,0.8564875148202477,0.11999988555908203,4579.504520022514,57.917209233690045,11.584201270022033,0.5323383084577115,1.1140927280993997,-0.30855320851554885,67.14878598981642,193.70428099889955,58.549890670609656,0.34665617763781753,2403297f-866d-495e-a41b-b29966866b69,Non-Event,Non-Event,condition_like,0.8718329729367233,ML_Ensemble(RF+XGB),Dipelajari dari data (Confidence: 87%),False,1.0,0.2179713708714178,low
343,1776417859.82,-6.9742218,109.4924831,84.75222666666666,-32.34621658710526,8.64232196179803,-3.2983961482366824,2.8258024255612417,14.532254,0.4399995803833008,46.69006536738503,normal,2,3,0.25999999046325684,0.0,0.2952324956301689,11104.57526220964,295.50566911217084,37.57821383932992,0.25999999046325684,0.8626870144699914,0.4399995803833008,4669.010989454367,59.19373301765475,35.512040896266974,0.4925373134328358,4.668186449555007,-0.2889633627905848,63.946702040084936,178.72115061438922,52.837816457696725,0.35780153307235324,2403297f-866d-495e-a41b-b29966866b69,Non-Event,Non-Event,condition_like,0.8081232627620216,ML_Ensemble(RF+XGB),Dipelajari dari data (Confidence: 81%),False,1.0,0.32758635617424137,medium
344,1776417873.62,-6.9750922,109.4946936,105.183135,-42.8158661758625,10.725694809134618,-4.366003291222029,5.3335517413537445,10.956158,0.11999988555908203,41.427711509405924,candidate,2,4,0.630000114440918,0.0,0.309479533591025,13218.71691021461,544.8716804827396,24.260238436769175,0.630000114440918,0.6690065075252375,0.11999988555908203,4142.775101798806,67.93644573374384,8.011194499878716,0.44776119402985076,4.072609449359899,-0.8050324619423486,88.58849446069537,403.8205535784098,52.46263244363451,0.2193758922281262,2403297f-866d-495e-a41b-b29966866b69,Non-Event,Non-Event,condition_like,0.6256309870945811,ML_Ensemble(RF+XGB)_LOW_CONF,"ML ragu-ragu (Conf: 63%), pakai tebakan terbaik ML",True,1.0,0.5297779148433801,high
345,1776417878.83,-6.9750922,109.4946936,75.94499,-29.89436533853651,7.744233759744664,-3.0483769012391093,3.961361331771631,10.956158,0.06999993324279785,44.77422108755043,normal,1,6,0.0,0.0,0.20557250731076823,14563.157750367034,356.3503123833384,40.867531761368035,0.1,0.0,0.06999993324279785,4477.426378761584,54.8044753706596,16.522581734526753,0.48258706467661694,1.528514686477969,-0.4898423639214836,44.63053615722023,284.7075919985229,27.01218422759524,0.15675920577731756,2403297f-866d-495e-a41b-b29966866b69,Non-Event,Non-Event,condition_like,0.8171206267485542,ML_Ensemble(RF+XGB),Dipelajari dari data (Confidence: 82%),False,1.0,0.29379931152996536,low
346,1776417907.7199998,-6.9758667,109.4969017,73.37022,-40.24556287046301,7.481680288375745,-4.103905295943366,1.3765005352142112,7.1659627,0.4499995708465576,54.12911355267677,normal,3,4,0.21000003814697266,0.029999971389770508,0.07409081745726202,21967.475268557406,591.9981709450592,37.10733632230897,0.4200000762939453,0.7458436685325814,0.4499995708465576,5412.916517427137,75.66946549846085,11.995426673303257,0.475,1.9402876410128505,-0.21655496802495772,54.30251751612722,514.2652549463528,23.4303984825792,0.10559242898142035,2403297f-866d-495e-a41b-b29966866b69,Non-Event,Non-Event,condition_like,0.893941815318642,ML_Ensemble(RF+XGB),Dipelajari dari data (Confidence: 89%),False,1.0,0.42564949188772633,medium
347,1776417949.63,-6.9801852,109.4957926,80.431564,-32.16035465948824,8.201736984597186,-3.279443506140042,2.2738373170768504,12.597897,0.04999995231628418,33.272126031726515,normal,1,4,0.0,0.0,0.3844986997646688,8669.263718904454,274.49069755581525,31.583087385169215,0.1,0.0,0.04999995231628418,3327.2157762528823,50.419153584469186,3.8605878828565827,0.4129353233830846,2.610544380211663,-1.0110364256892816,30.089303535886067,214.7930723042232,29.608321715705962,0.14008507384811678,2403297f-866d-495e-a41b-b29966866b69,Non-Event,Non-Event,condition_like,0.661278223871183,ML_Ensemble(RF+XGB),Dipelajari dari data (Confidence: 66%),True,1.0,0.23236818635304435,low
348,1776417954.78,-6.9812496,109.495593,77.63392,-40.179390994887996,7.9164566901031455,-4.097157642506666,3.130906461194585,11.779664,0.20999979972839355,44.046313371023956,normal,1,4,0.0,0.0,0.049508219757374454,15423.214003219628,337.60276269638325,45.68450161471488,0.1,0.0,0.20999979972839355,4404.635537690181,67.77627300675141,15.613000531324932,0.4626865671641791,1.8446247074246616,-0.3118437575558099,34.3646615218838,276.1268447896347,27.111256384864845,0.12445244656893766,2403297f-866d-495e-a41b-b29966866b69,Non-Event,Non-Event,condition_like,0.8009521971080765,ML_Ensemble(RF+XGB),Dipelajari dari data (Confidence: 80%),False,1.0,0.4315082246321954,medium
349,1776417966.64,-6.9823504,109.4954373,69.504452,-29.96294277745167,7.087481657854619,-3.0553698538697387,2.1821015185281976,13.107293,0.3099997043609619,38.88066060607402,normal,1,4,0.0,0.0,0.08481759602678506,15443.36685353895,520.4437560341478,29.673459705897994,0.1,0.0,0.3099997043609619,3888.06976855968,55.29910221757835,13.24744236586557,0.47761194029850745,1.2727460015029646,-0.09514829995600593,89.30479067257794,371.1076046993264,60.03136066224354,0.2406439245681567,2403297f-866d-495e-a41b-b29966866b69,Non-Event,Non-Event,condition_like,0.9362317861451042,ML_Ensemble(RF+XGB),Dipelajari dari data (Confidence: 94%),False,1.0,0.23389437521205295,low
350,1776417997.46,-6.9862248,109.4942418,89.12332,-49.362022064569615,9.088049435842006,-5.0335254204615865,7.747629844744296,15.408623,0.09999990463256836,65.27596230394207,candidate,1,8,0.0,0.0,0.026941354383453853,29344.375280081273,869.4518373578119,33.75043215217744,0.1,0.0,0.09999990463256836,6527.602455601016,82.29815687456603,13.138797768707695,0.48756218905472637,1.341757285961184,-0.3166616888301367,81.64869899474127,733.3597897133948,54.443348649675784,0.11133511821709692,2403297f-866d-495e-a41b-b29966866b69,Non-Event,Crack,condition_like,0.76,R4,spike kecil/rapat + durasi sangat singkat → Non-Event,True,1.0,0.7125288059166806,high
351,1776418021.26,-6.9884738,109.4935925,80.02843,-33.011417482017976,8.160628757016923,-3.3662277619796748,3.0160294521781856,13.368322,0.15999984741210938,49.78416719834284,normal,1,4,0.0,0.0,0.1766123488209194,15893.544517402828,401.70688988793154,39.56502832767392,0.1,0.0,0.15999984741210938,4978.421467626974,53.67170553250803,11.624977502360915,0.5621890547263682,0.9172108996724528,-0.4731085685791036,38.97738282143072,335.6615054893654,27.068001577135337,0.1161210983919171,2403297f-866d-495e-a41b-b29966866b69,Non-Event,Non-Event,condition_like,0.819328375456825,ML_Ensemble(RF+XGB),Dipelajari dari data (Confidence: 82%),False,1.0,0.3334156919199418,medium
352,1776418280.08,-7.0134472,109.4981533,83.314922,-42.63495183231726,8.495757674639147,-4.347555162294695,6.31552935187493,2.950409,0.19999980926513672,53.19993672087515,candidate,2,5,0.2200000286102295,0.0,0.38006235242261616,27965.396032919234,524.5430170249583,53.31382760219794,0.2200000286102295,0.8923853779293904,0.19999980926513672,5319.998745633682,74.54308074767384,16.34464105943217,0.5024875621890548,2.0350034330491678,-0.4529749735242628,72.02661773428818,397.6724762341684,54.84392305650183,0.18112044925823592,2403297f-866d-495e-a41b-b29966866b69,Non-Event,Non-Event,condition_like,0.7217402697191716,ML_Ensemble(RF+XGB),Dipelajari dari data (Confidence: 72%),True,1.0,0.5944663824420067,high
