event_id,time_s,lat,lon,peak_vertical,peak_vertical_g,peak_gyro_mag,speed_mean,event_duration,vert_jrk,num_peaks_accel,num_peaks_gyro,peak_interval_mean,peak_interval_std,asymmetry_score,vertical_energy,gyro_energy,accel_to_gyro_ratio,local_duration,top2_peak_ratio,duration_above_threshold,max_jerk,peak_to_peak,fft_high_low_ratio,zcr,kurtosis,skewness,gyro_pitch_energy,gyro_roll_energy,gyro_yaw_energy,gyro_pitch_roll_ratio,score,priority,level,suggested_label,suggested_raw_label,suggested_kind,suggestion_confidence,suggestion_rule,suggestion_reason,needs_review,label,notes,maps_link
41,1775973469.6959999,-6.8736433,109.451615,-40.215463706917475,-4.10083603543692,4.449629758421621,8.667922,0.0,55.795034265793106,0,4,0.0,0.0,0.46239821444921714,31409.85562567726,693.368102572327,45.3004045958408,0.0,0.0,0.0,5579.508747613501,67.71696968759962,18.46529103878421,0.52,0.1869753334612123,-0.1888185687343336,131.48502157763727,468.08130611139546,93.80177488329417,0.28090209880213407,0.4994298448155692,medium,candidate,Non-Event,Non-Event,condition_like,0.8474610483835614,ML_Ensemble(RF+XGB),Dipelajari dari data (Confidence: 85%),False,,,"https://www.google.com/maps?q=-6.8736433,109.451615"
312,1776417453.9533331,-6.9576179,109.4926011,40.62763969961547,4.142866289672362,3.4785866164090984,9.831934,0.11999988555908203,59.35097565812598,3,5,0.34999990463256836,0.04999995231628418,0.24808556446990154,25254.875621330124,635.0450701739003,39.76863496420138,0.6999998092651367,0.9486794965008031,0.11999988555908203,5935.10322596811,75.95095778015079,9.866018448281348,0.495,1.3394526539802047,0.5424795475519721,65.21295460533472,504.32851812623574,65.50359744232998,0.12930649791195253,0.4942194076085087,medium,normal,Non-Event,Non-Event,condition_like,0.7599151441786024,ML_Ensemble(RF+XGB),Dipelajari dari data (Confidence: 76%),True,,,"https://www.google.com/maps?q=-6.9576179,109.4926011"
57,1775973615.795,-6.8628874,109.4531937,-42.92013328926071,-4.376635577823285,2.4225293141402338,9.207847,0.09999990463256836,58.87532937344223,2,4,0.6500000953674316,0.0,0.19565413038738394,25956.678296850223,447.0503860368864,58.06208662270663,0.6500000953674316,0.9931467428341098,0.09999990463256836,5887.538552138527,78.91493370589497,25.52862567450899,0.395,1.4946582835172801,-0.3805406527712931,96.6953135138125,297.07928806287396,53.27578446019995,0.32548655215526606,0.4909974045704172,medium,normal,Non-Event,Non-Event,condition_like,0.6613299015240791,ML_Ensemble(RF+XGB),Dipelajari dari data (Confidence: 66%),True,,,"https://www.google.com/maps?q=-6.8628874,109.4531937"
101,1775974044.795,-6.83905,109.4471567,-40.603272428508305,-4.140381519530962,5.345527133632963,6.624475000000001,0.029999971389770508,41.83015330336788,2,6,0.3900001049041748,0.0,0.26753632267830835,21669.685921339948,659.995162646203,32.833098051239965,0.3900001049041748,0.9567486919661511,0.029999971389770508,4965.364536516593,60.16383386984447,36.57140288577804,0.42,0.6804836559681764,-0.47180442826578495,174.65175318010404,412.92225980044054,72.42114966565839,0.42296521587754926,0.4909253079162022,medium,candidate,Non-Event,Non-Event,condition_like,0.467501858360747,ML_Ensemble(RF+XGB)_LOW_CONF,"ML ragu-ragu (Conf: 47%), pakai tebakan terbaik ML",True,,,"https://www.google.com/maps?q=-6.83905,109.4471567"
67,1775973695.72,-6.8566759,109.4534206,-40.4654185370744,-4.126324334719237,4.294353845354565,7.029169,0.06999993324279785,52.07199270167559,1,3,0.0,0.0,0.13365788031122788,14982.537156935474,373.6725592971818,40.0953635584584,0.1,0.0,0.06999993324279785,5207.204236144499,68.02076769673282,20.002857265705774,0.42786069651741293,3.402884524557291,-0.6872045285980145,96.912768578111,232.00243267044112,44.75735804862971,0.41772306886993843,0.4909170823851662,medium,candidate,Non-Event,Non-Event,condition_like,0.9093670052049798,ML_Ensemble(RF+XGB),Dipelajari dari data (Confidence: 91%),False,,,"https://www.google.com/maps?q=-6.8566759,109.4534206"
202,1776412775.33,-6.8725567,109.44295,-39.45175994577173,-4.0229599247216665,5.963957481327835,8.278792,0.06999993324279785,39.947466149054186,1,5,0.0,0.0,0.3327252861158707,20077.30656463262,427.4577910213511,46.9690971585559,0.1,0.0,0.06999993324279785,3994.750424596299,67.45451063506934,12.189277105863134,0.4527363184079602,1.5898679382061536,-0.6031467734940429,81.43106199496847,268.5876716591483,77.43905736723434,0.3031824252720217,0.49065078690923497,medium,candidate,Non-Event,Normal,condition_like,0.92,R6,amplitudo rendah + tidak ada struktur event → Non-Event,False,,,"https://www.google.com/maps?q=-6.8725567,109.44295"
95,1775974010.4250002,-6.8382233,109.448705,-41.55839335727826,-4.237776749173088,4.927038814256236,6.9307346,0.11999988555908203,38.96780671219881,1,4,0.0,0.0,0.00785199665931839,23593.909775454777,865.7975246865658,27.251070920704148,0.1,0.0,0.11999988555908203,5269.871561285802,78.0635821156714,16.717075803892804,0.445,2.795134431495222,-0.1926091699748439,150.6849451977534,643.9760019791534,71.13657750965896,0.23399155325766283,0.4887938199754316,medium,candidate,Non-Event,Non-Event,condition_like,0.7415600704622793,ML_Ensemble(RF+XGB),Dipelajari dari data (Confidence: 74%),True,,,"https://www.google.com/maps?q=-6.8382233,109.448705"
23,1775973212.92,-6.884681,109.4522062,-45.73105129744892,-4.663269444453399,3.1279107910859905,2.4447591,0.12999987602233887,37.29945304244566,1,4,0.0,0.0,0.18827700448867146,11566.543773729258,263.870257484235,43.83420791782907,0.1,0.0,0.12999987602233887,3729.948861400997,75.08610526700448,7.6582423830852155,0.472636815920398,8.011274813683041,-0.28290328206422555,65.74367673426512,121.61783411140792,76.50874663856206,0.5405759498517687,0.4878356105473705,medium,normal,Non-Event,Non-Event,condition_like,0.9073557544744351,ML_Ensemble(RF+XGB),Dipelajari dari data (Confidence: 91%),False,,,"https://www.google.com/maps?q=-6.884681,109.4522062"
63,1775973673.8166666,-6.857991000000001,109.45349879999999,-44.298070230003326,-4.51714604171693,2.6508547592690896,7.911533000000001,0.3599996566772461,42.875586698964526,3,3,0.5199999809265137,0.34999990463256836,0.2045250102524952,24989.312827217647,337.7640496563598,73.9845249328849,1.0399999618530273,0.8154463037171529,0.3599996566772461,4287.562758834935,78.59095926213325,11.55104078644384,0.465,2.406931713598035,-0.22286660213681167,71.68274278284024,207.47803518358967,58.60327168992984,0.3454955719718246,0.4858523281471844,medium,normal,Non-Event,Non-Event,condition_like,0.4753850641639242,ML_Ensemble(RF+XGB)_LOW_CONF,"ML ragu-ragu (Conf: 48%), pakai tebakan terbaik ML",True,,,"https://www.google.com/maps?q=-6.857991000000001,109.45349879999999"
288,1776414034.82,-6.8226226,109.4775229,-36.8494297734849,-3.757596097901414,10.87739507166123,2.3276963,0.07999992370605469,49.199834393866766,2,4,0.8500001430511475,0.0,0.3254782117941792,20014.725900455996,520.802929026608,38.43051708528874,0.8500001430511475,0.8219288851228627,0.07999992370605469,4919.988131452995,67.5351565580371,16.124529957841425,0.48258706467661694,2.135711816637314,0.03239537271552508,55.39220803016411,419.40292623157126,46.00779476487259,0.13207396618760264,0.48363885694272213,medium,high_conf,Non-Event,Non-Event,condition_like,0.8875672992871066,ML_Ensemble(RF+XGB),Dipelajari dari data (Confidence: 89%),False,,,"https://www.google.com/maps?q=-6.8226226,109.4775229"
117,1776326745.22,-6.849285,109.4826767,-46.241291254142666,-4.715299440088375,0.5171800886444826,8.61542,0.11999988555908203,65.92306248204117,1,2,0.0,0.0,0.2884143473957053,15867.922450206817,304.7544927030187,52.06788670250096,0.1,0.0,0.11999988555908203,6592.312535123268,67.31404914212531,26.052118870609483,0.6318407960199005,2.748831663581689,-0.8240577249021886,40.34405552755021,232.33517011407284,32.07526706139568,0.1736459242657752,0.4835342437183369,medium,normal,Non-Event,Normal,condition_like,0.92,R6,amplitudo rendah + tidak ada struktur event → Non-Event,False,,,"https://www.google.com/maps?q=-6.849285,109.4826767"
217,1776412862.7,-6.8734981,109.4498329,-36.39864470363016,-3.7116288134714877,6.558008511925543,5.384808,0.029999971389770508,52.249809645337194,1,4,0.0,0.0,0.32916811118135203,13085.147009353903,506.23915576415925,25.847757595428078,0.1,0.0,0.029999971389770508,5224.985947468621,69.20606508943293,14.097144194975627,0.4925373134328358,3.2243823487709573,-0.19090660160440692,116.01438447563841,286.465577107793,103.75919418072789,0.40498542701693746,0.48316035202607993,medium,candidate,Non-Event,Non-Event,condition_like,0.8086800054374341,ML_Ensemble(RF+XGB),Dipelajari dari data (Confidence: 81%),False,,,"https://www.google.com/maps?q=-6.8734981,109.4498329"
241,1776413497.545,-6.8367664,109.4513133,41.40393178533183,4.222026052253504,2.887859995118574,2.20134,0.059999942779541016,59.10444983890018,2,5,0.7799999713897705,0.0,0.33850252431681016,14482.815993054148,324.5198335719774,44.62844624630149,0.7799999713897705,0.8153137945262364,0.059999942779541016,5910.4506205349735,77.43295944924151,4.882738243952493,0.465,4.006191519994163,1.25546811077441,53.41372661056271,213.5590097231301,57.54709723828465,0.25011225904118495,0.48108073618011093,medium,normal,Non-Event,Non-Event,condition_like,0.7092211887382326,ML_Ensemble(RF+XGB),Dipelajari dari data (Confidence: 71%),True,,,"https://www.google.com/maps?q=-6.8367664,109.4513133"
21,1775973193.71,-6.8847364,109.452663,-41.279428264237566,-4.209330226350239,3.7625887292261972,7.58755,0.07999992370605469,50.15008342863074,1,3,0.0,0.0,0.23779439261095536,14131.326415207506,382.32918055833403,36.961150487152686,0.1,0.0,0.07999992370605469,5015.013125552288,66.58420740701749,5.541456615620402,0.5223880597014925,4.67854928043988,-1.3347923182413906,94.3341018582522,226.20302255946297,61.79205614061887,0.417032895377962,0.4799860973001323,medium,normal,Non-Event,Non-Event,condition_like,0.8551901736189595,ML_Ensemble(RF+XGB),Dipelajari dari data (Confidence: 86%),False,,,"https://www.google.com/maps?q=-6.8847364,109.452663"
43,1775973487.02,-6.8729683,109.4523,-43.67479232447007,-4.453589383170611,1.1574387909369659,8.617479,0.3299996852874756,59.47442902909689,2,3,0.16000008583068848,0.0,0.33862116949724613,21537.69234987098,649.0404317882585,33.183899279349504,0.16000008583068848,0.7749810605324556,0.3299996852874756,5947.448574838643,77.7485294537716,22.29329391651855,0.472636815920398,3.365250109957853,-0.3201002703305585,164.2686435586253,346.8156098722726,137.95617835736053,0.47364835494421614,0.4796177736670408,medium,normal,Non-Event,Non-Event,condition_like,0.604918200083268,ML_Ensemble(RF+XGB)_LOW_CONF,"ML ragu-ragu (Conf: 60%), pakai tebakan terbaik ML",True,,,"https://www.google.com/maps?q=-6.8729683,109.4523"
242,1776413508.2085717,-6.8363089,109.4522048,-43.269500026397544,-4.412261070436648,4.008745867807069,3.2867415000000006,0.009999990463256836,39.14340718707725,0,2,0.0,0.0,0.14612200383964236,22162.493064843547,378.16567927019355,58.60524690926154,0.0,0.0,0.009999990463256836,4564.08898690308,62.6744201364308,18.23348199912864,0.465,0.22773252048460213,-0.3613926748274824,67.43188813086456,245.16773069254225,65.56606044678679,0.2750438961332356,0.47669204606740123,medium,candidate,Non-Event,Non-Event,condition_like,0.6550950286327264,ML_Ensemble(RF+XGB),Dipelajari dari data (Confidence: 66%),True,,,"https://www.google.com/maps?q=-6.8363089,109.4522048"
315,1776417481.8899999,-6.9592493,109.4904133,44.90796257646886,4.579337753103135,4.082600437738029,10.228854,0.04999995231628418,29.625096131520436,1,4,0.0,0.0,0.11612063992307736,16818.996420302792,353.69636060797575,47.552076430303686,0.1,0.0,0.04999995231628418,6592.401704000643,76.20775592977556,8.993184385041438,0.545,2.784885550385974,1.0817701349222417,89.28399003405417,194.88279625556478,69.52957431835674,0.45814197708261145,0.4754876610855274,medium,candidate,Non-Event,Non-Event,condition_like,0.8460977798038058,ML_Ensemble(RF+XGB),Dipelajari dari data (Confidence: 85%),False,,,"https://www.google.com/maps?q=-6.9592493,109.4904133"
12,1775973074.27,-6.8903863,109.4539875,-42.277150635006144,-4.311069594102588,3.1037679757924903,8.041139,0.17999982833862305,46.22105187420465,2,4,0.9900000095367432,0.0,0.21840941530350472,18043.140456480804,425.015119454411,42.452937761813565,0.9900000095367432,0.8275880025446857,0.17999982833862305,6162.699379779377,74.38057022261873,2.925388048076429,0.4427860696517413,2.4782998163119085,1.1576877416339686,129.46681927699075,242.17916313512129,53.369137042298945,0.5345910732632478,0.4676895316812168,medium,normal,Non-Event,Non-Event,condition_like,0.8528796821956379,ML_Ensemble(RF+XGB),Dipelajari dari data (Confidence: 85%),False,,,"https://www.google.com/maps?q=-6.8903863,109.4539875"
319,1776417546.815,-6.9640605,109.4892625,-37.606080565887304,-3.8347530059589467,3.9037435341971762,11.674247,0.22999978065490723,58.295250241240126,2,5,0.4700000286102295,0.0,0.011230986778673712,26403.86541148246,466.3591147830871,56.61702434431114,0.4700000286102295,0.8741166833606798,0.22999978065490723,5829.530583597607,71.1109663428374,38.76646708223245,0.56,1.5976889391057467,-0.04931406275536285,33.52140815214193,384.21356417427455,48.624142456670626,0.08724681060372512,0.4669052197203331,medium,normal,Non-Event,Non-Event,condition_like,0.7603878585497539,ML_Ensemble(RF+XGB),Dipelajari dari data (Confidence: 76%),True,,,"https://www.google.com/maps?q=-6.9640605,109.4892625"
87,1775973958.2299998,-6.8383183,109.4512283,-40.02903260810564,-4.081825354030749,3.950537436183525,9.122936,0.019999980926513672,51.311904110766285,1,2,0.0,0.0,0.47189745208754363,15733.037958053661,331.56100023277133,47.45141286085191,0.1,0.0,0.019999980926513672,5131.195304565803,62.351691078186555,20.404802333026296,0.505,1.895022016602315,-0.35129866786545044,111.96182392285075,176.73932932538852,42.85984698453204,0.6334856181514427,0.4664980632494393,medium,normal,Non-Event,Non-Event,condition_like,0.8511294563195233,ML_Ensemble(RF+XGB),Dipelajari dari data (Confidence: 85%),False,,,"https://www.google.com/maps?q=-6.8383183,109.4512283"
42,1775973484.01,-6.8736917,109.45215,-36.32971073164198,-3.704599504585356,6.033391928433438,4.4909515,0.14999985694885254,44.346276563175024,2,3,0.1700000762939453,0.0,0.15901410065207686,14795.226629152867,408.2003248443225,36.24501425507289,0.1700000762939453,0.9454895698475718,0.14999985694885254,4434.631885512034,65.16632087529425,7.148016617638313,0.4577114427860697,2.3339220937180523,-0.16232987857747122,96.48374784830732,249.347899056163,62.36867793985227,0.38694429681010095,0.46476083683621744,medium,candidate,Non-Event,Non-Event,condition_like,0.836288944657469,ML_Ensemble(RF+XGB),Dipelajari dari data (Confidence: 84%),False,,,"https://www.google.com/maps?q=-6.8736917,109.45215"
316,1776417499.89,-6.959916,109.4893256,-37.08394159681584,-3.7815096487399718,4.7148218459525655,10.686746,0.2999997138977051,49.94217579799085,2,2,0.25999999046325684,0.0,0.19360780828016536,12835.879167778861,401.4362480654129,31.9748881613511,0.25999999046325684,0.5721300151339531,0.2999997138977051,4994.222342660663,61.66130211029993,27.599649781137433,0.5771144278606966,2.8363498970628243,-0.19132748720777343,69.61311703679856,289.1873660095743,42.635765019040015,0.2407197719480389,0.4633610733783786,medium,candidate,Non-Event,Non-Event,condition_like,0.9072300409202321,ML_Ensemble(RF+XGB),Dipelajari dari data (Confidence: 91%),False,,,"https://www.google.com/maps?q=-6.959916,109.4893256"
289,1776414036.3325,-6.8225617,109.4777041,-38.95226387205388,-3.972025500252775,4.298847608407688,1.6107178,0.039999961853027344,50.64512721700902,2,6,1.2200000286102295,0.0,0.06568423388715293,30428.60220083094,521.1609664460739,58.38618795637162,1.2200000286102295,0.9262436612808007,0.039999961853027344,5113.37568480386,69.72175471059498,10.087407971043161,0.435,0.18356058757691596,0.14213158912381657,75.87361479709152,365.22607082482756,80.06128082415475,0.20774424568868838,0.460915833180513,medium,candidate,Non-Event,Non-Event,condition_like,0.8619519829575396,ML_Ensemble(RF+XGB),Dipelajari dari data (Confidence: 86%),False,,,"https://www.google.com/maps?q=-6.8225617,109.4777041"
14,1775973100.2649999,-6.8890621,109.454337,-41.641728520647185,-4.2462745708929335,3.4452133200245383,7.7601833,0.12999987602233887,44.15747782532936,2,4,0.29000020027160645,0.0,0.2678478259373402,16583.55658900978,320.6827112282222,51.71328530241337,0.29000020027160645,0.9737127134188767,0.12999987602233887,4415.7519937222,73.27690898055991,16.99283447831486,0.52,3.094608153211441,0.3371880184585014,84.73527481652351,187.36410172002888,48.58333469166978,0.4522492493833797,0.4587232130875312,medium,normal,Speed Bump,Speed Bump,event,0.7078636368101188,ML_Ensemble(RF+XGB),Dipelajari dari data (Confidence: 71%),True,,,"https://www.google.com/maps?q=-6.8890621,109.454337"
118,1776326864.55,-6.8522811,109.490685,-36.377480622467786,-3.709470677802082,5.8411720144206996,7.604121,0.14999985694885254,43.301983702438754,1,4,0.0,0.0,0.2027452001938265,14499.138297120366,369.20775404861433,39.27094731585807,0.1,0.0,0.14999985694885254,4330.202499846784,63.68712479471262,4.078065036430829,0.40298507462686567,2.3807726095088215,-0.21224132297776913,35.96257735906594,294.5123237911692,38.732852898379235,0.1221089045579537,0.45671627043029545,medium,candidate,Non-Event,Non-Event,condition_like,0.7840532683991397,ML_Ensemble(RF+XGB),Dipelajari dari data (Confidence: 78%),True,,,"https://www.google.com/maps?q=-6.8522811,109.490685"
171,1776330242.49,-6.9002631,109.5333778,-38.50914127815325,-3.926839570919045,3.3601119536082797,12.331162,0.2499997615814209,56.079863657350295,2,5,0.18000006675720215,0.0,0.21918719139738924,21254.960186031087,463.1904726068283,45.888163503278385,0.18000006675720215,0.7568880874226261,0.2499997615814209,5607.9917139326935,64.53039905644283,26.45614981560702,0.4975124378109453,1.573578852810524,-0.4165672473945356,54.87489534690759,342.5336985704223,65.78187868949833,0.16020290971582413,0.4567125284012403,medium,normal,Non-Event,Non-Event,condition_like,0.9097795264115409,ML_Ensemble(RF+XGB),Dipelajari dari data (Confidence: 91%),False,,,"https://www.google.com/maps?q=-6.9002631,109.5333778"
170,1776330235.47,-6.9002631,109.5333778,-38.382900872766704,-3.9139666321084885,4.080865106008468,12.331162,0.3099997043609619,47.674237739220615,4,4,0.27666664123535156,0.08730544692401017,0.5006430280579398,13230.407196875805,390.50099889602876,33.88059748988713,0.8299999237060547,0.9941891485252649,0.3099997043609619,4767.428320496006,64.54652968101345,7.655979704015214,0.472636815920398,3.450468733633139,-0.1675906013840497,57.0265979759768,291.6712836249932,41.803117295058755,0.1955166688736496,0.45528793530769646,medium,candidate,Non-Event,Non-Event,condition_like,0.8448701111542581,ML_Ensemble(RF+XGB),Dipelajari dari data (Confidence: 84%),False,,,"https://www.google.com/maps?q=-6.9002631,109.5333778"
164,1776330093.5199997,-6.8901653,109.5311733,-35.68281201845009,-3.6386341939857236,4.768969776455917,7.4466925,0.029999971389770508,59.07194676557776,1,4,0.0,0.0,0.12166772886408729,23591.575168831674,745.4742968325446,31.646396445087145,0.1,0.0,0.029999971389770508,5907.200310102994,61.893237131573066,17.949030350952867,0.545,0.15093400886297692,-0.4277910646755375,137.7774750570294,440.29065878163345,167.4061629938818,0.3129239105943367,0.4539172753858811,medium,candidate,Non-Event,Non-Event,condition_like,0.7890265074448708,ML_Ensemble(RF+XGB),Dipelajari dari data (Confidence: 79%),True,,,"https://www.google.com/maps?q=-6.8901653,109.5311733"
293,1776414058.835,-6.8222372,109.4777523,-35.492369219869644,-3.619214433049986,5.1051708641521,2.5548666,0.1399998664855957,52.85157186001845,2,4,0.25999999046325684,0.0,0.3248662765520563,18701.49859623166,517.2315536477784,36.15691739643941,0.25999999046325684,0.8323654629716969,0.1399998664855957,5285.162226325318,59.50043734550673,30.35773275255347,0.47,1.6327460671451446,-0.4582286642229723,62.484963081052484,404.467012171228,50.27957839549786,0.15448716717622643,0.44972642328238244,medium,candidate,Non-Event,Non-Event,condition_like,0.8875672992871066,ML_Ensemble(RF+XGB),Dipelajari dari data (Confidence: 89%),False,,,"https://www.google.com/maps?q=-6.8222372,109.4777523"
245,1776413668.0275,-6.8348661,109.4553644,-41.51758600620127,-4.233615557422899,3.517467493764157,0.00244016,0.0,43.754016050110806,0,5,0.0,0.0,0.03473501299712636,32378.28230225376,451.04793513231596,71.78457034942626,0.0,0.0,0.0,4935.430624233159,75.76756959594084,18.356108300863934,0.44,0.46855393430021985,0.008784462497545031,59.66297853843078,328.62777376966386,62.75718282422128,0.18155184411983658,0.44813797023927615,medium,normal,Non-Event,Normal,condition_like,0.92,R6,amplitudo rendah + tidak ada struktur event → Non-Event,False,,,"https://www.google.com/maps?q=-6.8348661,109.4553644"
10,1775973054.02,-6.8917017,109.4536683,-43.20919223330364,-4.40611138699797,2.4074347069287256,9.072494,0.3599996566772461,38.35122860682222,2,2,0.15000009536743164,0.0,0.062485537370668726,14021.225339297707,260.73528436414074,53.77571094650952,0.15000009536743164,0.8386412583903072,0.3599996566772461,3835.1265181438825,73.34161756239851,4.235933553999881,0.4577114427860697,4.785431573698218,-0.29283752174651784,68.57613293807957,151.2719445949745,40.88720683108669,0.45333014438572655,0.4460019345541872,medium,normal,Non-Event,Non-Event,condition_like,0.9763901375807249,ML_Ensemble(RF+XGB),Dipelajari dari data (Confidence: 98%),False,,,"https://www.google.com/maps?q=-6.8917017,109.4536683"
287,1776414028.69,-6.8226226,109.4775229,41.19992658701156,4.201223311427609,1.7378257285056664,2.3276963,0.09999990463256836,70.84141697776178,2,5,0.1699998378753662,0.0,0.3616559186404112,18214.108279781885,670.3163845258131,27.17240496141875,0.1699998378753662,0.8707707170757419,0.09999990463256836,7084.148453746612,72.96566168358517,7.617101354169781,0.46766169154228854,2.6831146727798405,0.8162025666685155,161.68536451911947,394.043338578417,114.58768142827662,0.4103238102999153,0.44561101384510615,medium,normal,Pothole,Pothole,event,0.512170908734912,ML_Ensemble(RF+XGB)_LOW_CONF,"ML ragu-ragu (Conf: 51%), pakai tebakan terbaik ML",True,,,"https://www.google.com/maps?q=-6.8226226,109.4775229"
140,1776327951.65,-6.8963452,109.5218313,36.953836221551356,3.7682425926846945,4.937374923727057,7.8502927,0.07999992370605469,47.72600306855786,1,3,0.0,0.0,0.08655657233471872,7312.153211623675,262.978998506199,27.805084152551547,0.1,0.0,0.07999992370605469,4772.6048583664615,56.31845763742592,10.37328522218412,0.39800995024875624,6.557736458511451,1.5205027368448445,62.61828005306008,132.19002269558402,68.17069575755494,0.47369898501010654,0.44490222420008635,medium,candidate,Non-Event,Non-Event,condition_like,0.7259511498921837,ML_Ensemble(RF+XGB),Dipelajari dari data (Confidence: 73%),True,,,"https://www.google.com/maps?q=-6.8963452,109.5218313"
183,1776412554.99,-6.8814003,109.435865,-37.33051644942831,-3.8066532862321294,4.593227356831714,7.1789694,0.09999990463256836,48.53014705118418,3,2,0.315000057220459,0.05499982833862305,0.3705774085591762,12190.204615925555,279.5223923660272,43.61083371221283,0.630000114440918,0.7409383256142018,0.09999990463256836,4853.019333318313,64.99602367889192,7.9639059656249,0.472636815920398,2.8214052550800233,-1.1532894097128208,38.529141575029925,206.7783714495651,34.21487934143214,0.1863306162951229,0.4433727211805998,medium,candidate,Non-Event,Non-Event,condition_like,0.8813356558065737,ML_Ensemble(RF+XGB),Dipelajari dari data (Confidence: 88%),False,,,"https://www.google.com/maps?q=-6.8814003,109.435865"
321,1776417575.71,-6.96507,109.486635,-42.68413277390049,-4.3525702226448875,2.7614366208252923,8.725057,0.059999942779541016,42.97029026874998,1,3,0.0,0.0,0.056947971294011246,24184.851419771476,511.32644259046117,47.29826067658247,0.1,0.0,0.059999942779541016,4297.033124845126,73.4833914824443,32.129464176341386,0.4527363184079602,0.9021055777928453,-0.4248659677932509,92.51397782071648,345.9553499890043,72.85711478074035,0.26741594704704225,0.4426677173618751,medium,normal,Non-Event,Non-Event,condition_like,0.8415288904385689,ML_Ensemble(RF+XGB),Dipelajari dari data (Confidence: 84%),False,,,"https://www.google.com/maps?q=-6.96507,109.486635"
52,1775973600.98,-6.8637375,109.4531423,-35.84122737396953,-3.6547880646265067,5.843589770773933,9.3108,0.25999975204467773,38.95267367089924,2,4,0.26999998092651367,0.0,0.252448187306745,13172.79780326624,341.5060990032818,38.57265742292642,0.26999998092651367,0.5901553206365193,0.25999975204467773,3895.27108190991,65.138488692914,13.990465061711284,0.4577114427860697,2.909484479986034,-0.041746885786290745,101.06113092591839,165.6052346300521,74.83973344731129,0.6102532359042095,0.44234676235945547,medium,candidate,Non-Event,Non-Event,condition_like,0.8613774284248097,ML_Ensemble(RF+XGB),Dipelajari dari data (Confidence: 86%),False,,,"https://www.google.com/maps?q=-6.8637375,109.4531423"
275,1776413948.265,-6.8244497,109.4744404,-37.56380008269934,-3.830441596539016,4.416790335063037,9.309556,0.029999971389770508,50.12382957788277,1,3,0.0,0.0,0.43016310413646636,20493.05246569638,609.4354342911043,33.62628964281937,0.1,0.0,0.029999971389770508,5012.387737973727,67.80160162278392,9.49552632937379,0.51,1.5301166238755401,-0.38675164015364244,92.32690780869139,458.2268307993142,58.88169568309873,0.2014873451346189,0.44112201376346233,medium,candidate,Non-Event,Non-Event,condition_like,0.9147321349316901,ML_Ensemble(RF+XGB),Dipelajari dari data (Confidence: 91%),False,,,"https://www.google.com/maps?q=-6.8244497,109.4744404"
227,1776412927.4239998,-6.8722091,109.4524057,-42.68730713976299,-4.35289391787848,2.7436156829310114,3.8774889999999997,0.0,43.45977402029061,0,6,0.0,0.0,0.2184706607420388,28851.32723024492,409.36927892396596,70.4775092933295,0.0,0.0,0.0,4345.981546680042,66.75401249036761,14.24171465988904,0.45,0.34969441400641976,0.536026907222687,57.59118489317515,294.32778786437717,57.45030616641361,0.19567022575538223,0.4392538571804411,medium,normal,Non-Event,Normal,condition_like,0.92,R6,amplitudo rendah + tidak ada struktur event → Non-Event,False,,,"https://www.google.com/maps?q=-6.8722091,109.4524057"
24,1775973269.39,-6.8833,109.448115,-36.23293258975249,-3.6947308805506967,4.161833768752217,7.2416267,0.25999975204467773,52.854589231580725,2,3,0.4099998474121094,0.0,0.3354498581126339,14465.073092532628,298.73976061813426,48.42031410275639,0.4099998474121094,0.8380339889987427,0.25999975204467773,5285.463963769305,63.32876115082513,31.678050284612212,0.472636815920398,2.6913944650156543,-0.42112205528638874,72.33282317896845,200.1332943482711,26.273643090894737,0.3614232357144531,0.438619369882965,medium,candidate,Non-Event,Non-Event,condition_like,0.9485254707199775,ML_Ensemble(RF+XGB),Dipelajari dari data (Confidence: 95%),False,,,"https://www.google.com/maps?q=-6.8833,109.448115"
203,1776412778.69,-6.8725567,109.44295,-36.79079945073843,-3.751617468833744,4.197761839082376,8.278792,0.0,55.338302823262715,0,5,0.0,0.0,0.22155005810502792,28925.926229281664,857.1444513331501,33.74685112940438,0.0,0.0,0.0,5533.835559803116,69.43494129407682,9.27961923987391,0.43781094527363185,0.5640925316380963,-0.1335822828710554,111.71688389336784,663.7483582376184,81.67920920216385,0.16831210554205495,0.4371290243720165,medium,candidate,Non-Event,Non-Event,condition_like,0.8597855614102077,ML_Ensemble(RF+XGB),Dipelajari dari data (Confidence: 86%),False,,,"https://www.google.com/maps?q=-6.8725567,109.44295"
40,1775973462.14,-6.8735797,109.4508969,-43.26972396159312,-4.412283905471606,0.9698573782069712,9.255978,0.14999985694885254,53.86398523379545,3,4,0.26499998569488525,0.004999995231628418,0.034922817569741714,16578.962390355664,481.7383453772816,34.414869638323474,0.5299999713897705,0.6877937051908039,0.14999985694885254,5386.403660254373,68.788318067835,18.251122948804824,0.4577114427860697,2.6560393774586233,-0.38547069177949345,186.57901365854863,195.50998740892993,99.64934430980303,0.9543195985889927,0.43496777181145535,medium,normal,Non-Event,Non-Event,condition_like,0.9272135129647376,ML_Ensemble(RF+XGB),Dipelajari dari data (Confidence: 93%),False,,,"https://www.google.com/maps?q=-6.8735797,109.4508969"
62,1775973669.07,-6.857991,109.4534988,-39.52254810993599,-4.03017830859019,3.0887544509528837,7.911533,0.18999981880187988,48.906536666296326,2,3,0.18000006675720215,0.0,0.19968866001719007,17184.86375267862,492.73229878655917,34.876673926435764,0.18000006675720215,0.6593299555300363,0.18999981880187988,4890.658330724873,70.24487978450111,12.909496255729183,0.44776119402985076,2.4387550786867846,-0.2029072718366491,166.44536640176955,208.16678265361384,118.12014973117579,0.7995769713132137,0.4347570032847534,medium,normal,Non-Event,Non-Event,condition_like,0.8820385150900691,ML_Ensemble(RF+XGB),Dipelajari dari data (Confidence: 88%),False,,,"https://www.google.com/maps?q=-6.857991,109.4534988"
283,1776414011.6266668,-6.8229028,109.4770648,-36.429462546910784,-3.714771358915714,4.162436749012013,5.2230177,0.0,56.592118169807456,0,5,0.0,0.0,0.13338007603016486,37337.57375664455,737.5618942934206,50.62297007872232,0.0,0.0,0.0,5659.217214030854,67.0905151788852,25.797501896598952,0.49,-0.23298262178916307,-0.18978053332473904,85.28429944840659,570.5735303693556,81.70406447565841,0.14947118076740676,0.4346039893704491,medium,candidate,Non-Event,Non-Event,condition_like,0.8704111709306528,ML_Ensemble(RF+XGB),Dipelajari dari data (Confidence: 87%),False,,,"https://www.google.com/maps?q=-6.8229028,109.4770648"
30,1775973406.54,-6.8754347,109.4488971,-37.61787630874085,-3.8359558369821345,3.6839841454259816,9.097576,0.1099998950958252,53.40347633844548,2,3,0.7799999713897705,0.0,0.09380895346332742,31055.114367113543,796.527085158353,38.98814604898402,0.7799999713897705,0.9785558228337896,0.1099998950958252,5954.3552246039435,69.35700085314329,13.337819534093256,0.472636815920398,0.5526225890357415,0.15230445667612458,187.9776830795699,493.2772184474612,115.27218363132187,0.38107918968999005,0.43445442698852477,medium,normal,Non-Event,Non-Event,condition_like,0.9604474523739936,ML_Ensemble(RF+XGB),Dipelajari dari data (Confidence: 96%),False,,,"https://www.google.com/maps?q=-6.8754347,109.4488971"
84,1775973935.2355556,-6.8398917,109.451725,-42.36041144544711,-4.319559833933822,3.549602763069633,8.4213705,0.019999980926513672,34.471220118735125,1,2,0.0,0.0,0.11020077953163461,15521.959229041418,353.06173753089587,43.96386675494467,0.1,0.0,0.019999980926513672,3447.125299308376,57.63784445659695,13.415879042638293,0.52,0.8861891710317251,0.2590875977518384,96.4703369145411,201.20675778713564,55.384642829219075,0.4794587293988507,0.4326581328243334,medium,normal,Non-Event,Non-Event,condition_like,0.8643230949915373,ML_Ensemble(RF+XGB),Dipelajari dari data (Confidence: 86%),False,,,"https://www.google.com/maps?q=-6.8398917,109.451725"
168,1776330217.8266666,-6.8983373,109.5329715,-43.51970752883733,-4.437775135121304,2.8748370593375068,6.3594713,0.0,36.226357828119745,0,3,0.0,0.0,0.0013517640286571813,17586.45550954764,446.85473329255984,39.356090827569986,0.0,0.0,0.0,3622.639237629973,53.8661204658237,15.41732637474492,0.47,0.27124066469998676,-0.29972806969065835,69.78790074647031,319.4420679267565,57.62476461933304,0.2184680965188454,0.4322486983398449,medium,normal,Non-Event,Non-Event,condition_like,0.6642347762523553,ML_Ensemble(RF+XGB),Dipelajari dari data (Confidence: 66%),True,,,"https://www.google.com/maps?q=-6.8983373,109.5329715"
337,1776417747.93,-6.9725141,109.483431,-39.92552437577572,-4.071270451762398,3.231640598129205,5.6653986,0.04999995231628418,47.88426230666888,1,4,0.0,0.0,0.2014972267756235,17781.714021735053,457.4133299922478,38.87449887645801,0.1,0.0,0.04999995231628418,4788.4307972703555,66.70724341485132,21.562443123207593,0.527363184079602,2.028908600161385,-0.6001317666822971,63.00250039854544,333.57931007100774,60.83151952269458,0.18886812913026954,0.43177612514795083,medium,normal,Non-Event,Non-Event,condition_like,0.8482992272382837,ML_Ensemble(RF+XGB),Dipelajari dari data (Confidence: 85%),False,,,"https://www.google.com/maps?q=-6.9725141,109.483431"
348,1776417954.78,-6.9812496,109.495593,-40.179390994887996,-4.097157642506666,3.130906461194585,11.779664,0.20999979972839355,44.046313371023956,1,4,0.0,0.0,0.049508219757374454,15423.214003219628,337.60276269638325,45.68450161471488,0.1,0.0,0.20999979972839355,4404.635537690181,67.77627300675141,15.613000531324932,0.4626865671641791,1.8446247074246616,-0.3118437575558099,34.3646615218838,276.1268447896347,27.111256384864845,0.12445244656893766,0.4315082246321954,medium,normal,Non-Event,Non-Event,condition_like,0.8009521971080765,ML_Ensemble(RF+XGB),Dipelajari dari data (Confidence: 80%),False,,,"https://www.google.com/maps?q=-6.9812496,109.495593"
336,1776417742.315,-6.9725141,109.483431,-34.633328696852146,-3.531616678157388,5.102080500960491,5.6653986,0.04999995231628418,53.24037757568181,2,6,0.7899999618530273,0.0,0.052277568868890185,29828.308058800638,516.9203758134307,57.703873549497175,0.7899999618530273,0.9739356531089363,0.04999995231628418,5324.042834971092,59.74631242436041,10.855917956549858,0.455,-0.2219727330992427,-0.29567355159283926,85.62151807385044,360.50274323155935,70.7961145080209,0.23750587046531255,0.43102977343161863,medium,candidate,Non-Event,Non-Event,condition_like,0.8469839878702338,ML_Ensemble(RF+XGB),Dipelajari dari data (Confidence: 85%),False,,,"https://www.google.com/maps?q=-6.9725141,109.483431"
228,1776413000.65,-6.8651228,109.453021,-38.063581228844654,-3.881405090305523,3.7734215376763847,14.353835,0.07999992370605469,49.61369648722352,1,3,0.0,0.0,0.1746499728239855,16674.36207843518,434.7032256678094,38.35803613939438,0.1,0.0,0.07999992370605469,4961.374380257673,60.36036427814905,7.40950381457291,0.48756218905472637,2.3579429519137385,-0.7140022989801814,66.01957991761566,295.7450626311269,72.9385831190668,0.2232313841760676,0.42937046403707385,medium,normal,Non-Event,Non-Event,condition_like,0.812483806688707,ML_Ensemble(RF+XGB),Dipelajari dari data (Confidence: 81%),False,,,"https://www.google.com/maps?q=-6.8651228,109.453021"
92,1775974001.21,-6.8379683,109.44918,36.741549838494386,3.7465954060249307,4.636430446171657,6.348069,0.0,48.06549574973603,0,6,0.0,0.0,0.47142935067525765,33210.2209980574,730.6783543630468,45.45121769969015,0.0,0.0,0.0,4806.554158860855,73.03443385584501,1.7561008292876734,0.31343283582089554,0.11308025307595226,0.031332726021756505,91.03592268713214,580.1036515134425,59.53878016247209,0.15693044215925292,0.4267553116085816,medium,candidate,Non-Event,Non-Event,condition_like,0.77591535937364,ML_Ensemble(RF+XGB),Dipelajari dari data (Confidence: 78%),True,,,"https://www.google.com/maps?q=-6.8379683,109.44918"
346,1776417907.7199998,-6.9758667,109.4969017,-40.24556287046301,-4.103905295943366,1.3765005352142112,7.1659627,0.4499995708465576,54.12911355267677,3,4,0.21000003814697266,0.029999971389770508,0.07409081745726202,21967.475268557406,591.9981709450592,37.10733632230897,0.4200000762939453,0.7458436685325814,0.4499995708465576,5412.916517427137,75.66946549846085,11.995426673303257,0.475,1.9402876410128505,-0.21655496802495772,54.30251751612722,514.2652549463528,23.4303984825792,0.10559242898142035,0.42564949188772633,medium,normal,Non-Event,Non-Event,condition_like,0.893941815318642,ML_Ensemble(RF+XGB),Dipelajari dari data (Confidence: 89%),False,,,"https://www.google.com/maps?q=-6.9758667,109.4969017"
216,1776412856.91,-6.8734816,109.4493523,-39.220336078039566,-3.9993612577220117,1.5694018582926745,7.1657796,0.3399996757507324,58.684068203049634,3,4,0.23500001430511475,0.07500016689300537,0.3452495463057036,14815.9940562868,216.6514665586822,68.38630831002214,0.4700000286102295,0.6669788005237184,0.3399996757507324,5868.412416859163,69.14828544247779,9.224600423533989,0.472636815920398,3.2228365531313674,-0.3044158048595081,49.48518851423299,116.41372643948907,50.752551604960146,0.4250803543762053,0.42333112029286124,medium,normal,Non-Event,Non-Event,condition_like,0.7074089384579858,ML_Ensemble(RF+XGB),Dipelajari dari data (Confidence: 71%),True,,,"https://www.google.com/maps?q=-6.8734816,109.4493523"
75,1775973842.93,-6.8465309,109.4531269,-39.079848406169255,-3.985035502049044,2.9506363094383996,9.306911,0.1399998664855957,49.97059513479201,1,4,0.0,0.0,0.22761499407062324,18262.935960033643,344.18466243371483,53.061446079077925,0.1,0.0,0.1399998664855957,4997.064279051062,74.4484344850164,7.255980599448115,0.4577114427860697,2.9611276954070362,-0.30795406783237694,59.14446341154519,234.73852741709817,50.30167160507144,0.2519589085369641,0.42317850939102963,medium,normal,Non-Event,Non-Event,condition_like,0.7841690176849109,ML_Ensemble(RF+XGB),Dipelajari dari data (Confidence: 78%),True,,,"https://www.google.com/maps?q=-6.8465309,109.4531269"
70,1775973717.1966667,-6.8555021,109.4533306,-40.24067994488694,-4.103407376105698,3.053124783751272,5.874274,0.04999995231628418,45.35802947414238,2,4,0.5800001621246338,0.0,0.15829955143932561,24900.639305680877,704.8959898682931,35.32526731356238,0.5800001621246338,0.9893902698773384,0.04999995231628418,4535.807273097138,74.85661638554743,3.361587602390292,0.375,1.1742965283909506,0.46654377010251935,149.46366629614496,440.10428904184323,115.32803453030485,0.33960965543402133,0.4222253605450931,medium,normal,Non-Event,Non-Event,condition_like,0.8696121762145279,ML_Ensemble(RF+XGB),Dipelajari dari data (Confidence: 87%),False,,,"https://www.google.com/maps?q=-6.8555021,109.4533306"
243,1776413513.17,-6.8363089,109.4522048,-40.70127520485981,-4.15037502152721,1.8651087774927841,3.2867415,0.07999992370605469,54.393546421082334,1,4,0.0,0.0,0.12333503797985795,19994.79547254616,418.92822823464087,47.72845102626664,0.1,0.0,0.07999992370605469,5439.359829486,70.46061148114025,20.005026476618703,0.4975124378109453,1.963290413976451,-0.43011236273197107,48.23678863552817,305.311341392463,65.3800982066497,0.1579921278310129,0.4220383614937362,medium,normal,Non-Event,Non-Event,condition_like,0.8765887448944889,ML_Ensemble(RF+XGB),Dipelajari dari data (Confidence: 88%),False,,,"https://www.google.com/maps?q=-6.8363089,109.4522048"
79,1775973872.71,-6.8446046,109.4528489,-38.43630235735671,-3.91941206807184,2.6694978828176326,8.01516,0.1099998950958252,55.35695336457674,2,4,0.19000005722045898,0.0,0.5078710613557386,20227.783715834055,400.12959812764916,50.553080201849795,0.19000005722045898,0.9508397082077956,0.1099998950958252,5535.700615713175,68.92217356464485,9.823304712572806,0.5373134328358209,2.3786611842042156,-0.3031238587219197,91.02915177420809,263.67793497362527,45.422511379815845,0.34522855102792294,0.41966824298547317,medium,normal,Non-Event,Non-Event,condition_like,0.8197791583605011,ML_Ensemble(RF+XGB),Dipelajari dari data (Confidence: 82%),False,,,"https://www.google.com/maps?q=-6.8446046,109.4528489"
332,1776417728.6300004,-6.9719433,109.4828897,-39.23688812846296,-4.001049097139488,1.9438321990618816,2.5360343,0.059999942779541016,69.2237588261844,2,4,0.43000006675720215,0.0,0.2954124012903386,43776.61172806269,648.1947990366139,67.53619702840864,0.43000006675720215,0.8552652465916916,0.059999942779541016,6922.382484316823,74.24437591494468,18.197447028337532,0.47,-0.15541745565926668,-0.09977605852339966,106.78896451851055,462.5314228553375,78.87441166276571,0.23087937167250747,0.4194517669147848,medium,normal,Non-Event,Non-Event,condition_like,0.39549441904593735,ML_Ensemble(RF+XGB)_LOW_CONF,"ML ragu-ragu (Conf: 40%), pakai tebakan terbaik ML",True,,,"https://www.google.com/maps?q=-6.9719433,109.4828897"
125,1776326931.5349998,-6.8553305,109.4920588,-38.634221642407866,-3.9395942184546064,3.8996569976361415,5.442451,0.04999995231628418,42.488130914472194,1,5,0.0,0.0,0.2217519023229856,12808.040340620719,446.03962101291347,28.7150282363254,0.1,0.0,0.04999995231628418,4248.817143435004,68.87267934428368,4.581936680029189,0.5,3.6136488492689463,-0.6244991404983251,70.44756565850045,296.4485854689907,79.14346988542249,0.2376383928748112,0.4163047988280243,medium,normal,Non-Event,Normal,condition_like,0.92,R6,amplitudo rendah + tidak ada struktur event → Non-Event,False,,,"https://www.google.com/maps?q=-6.8553305,109.4920588"
1,1775972285.1633332,-6.8968191,109.4070534,-35.02120494418458,-3.57116904796078,5.1228357685014,11.824939,0.09999990463256836,45.52670951518661,2,5,0.4200000762939453,0.0,0.33539106447752753,24869.976248907056,452.3642301379657,54.97776910067412,0.4200000762939453,0.9353009563049122,0.09999990463256836,5934.064906739233,64.02676311414938,15.397586848879106,0.485,1.1116498085486555,-0.12812877632624012,111.04702199440752,285.6612113304951,55.655996813063055,0.38873678749893387,0.415692240708895,medium,candidate,Non-Event,Non-Event,condition_like,0.9435867838254051,ML_Ensemble(RF+XGB),Dipelajari dari data (Confidence: 94%),False,,,"https://www.google.com/maps?q=-6.8968191,109.4070534"
148,1776329095.35,-6.900615666666667,109.50114743333332,-37.440166908365214,-3.8178345213059726,3.911017843451299,19.270588,0.08999991416931152,45.99589322361993,2,4,0.14999985694885254,0.0,0.0039213294417092225,11566.448376088945,237.41748273844408,48.71776161536344,0.14999985694885254,0.805626605802406,0.08999991416931152,4599.593708876379,62.95429281208507,10.148978626970326,0.40298507462686567,3.2339496475153924,-0.8199420872929345,24.205590262648833,186.78947059237265,26.422421883422526,0.12958755146260204,0.413112077285704,medium,normal,Non-Event,Non-Event,condition_like,0.8192083964272323,ML_Ensemble(RF+XGB),Dipelajari dari data (Confidence: 82%),False,,,"https://www.google.com/maps?q=-6.900615666666667,109.50114743333332"
99,1775974029.73,-6.83849,109.4482283,-38.520383938003164,-3.9279860031716405,3.9215538121570845,6.7464643,0.0,42.911917406634466,0,4,0.0,0.0,0.2977911999580744,20150.300958651194,583.3205548731999,34.54412973410009,0.0,0.0,0.0,5183.236353194694,69.96066815672913,11.760785929671185,0.5024875621890548,1.7264009004810132,-0.25196004441961034,133.40432985566105,368.95805865315083,80.95816636438795,0.3615704451098628,0.4129560855697638,medium,normal,Non-Event,Normal,condition_like,0.92,R6,amplitudo rendah + tidak ada struktur event → Non-Event,False,,,"https://www.google.com/maps?q=-6.83849,109.4482283"
112,1776325492.9433334,-6.8950852,109.4072383,38.7743332414001,3.953881625366471,2.074674467922332,1.8249585999999998,0.0,62.2715140021006,0,0,0.0,0.0,0.060899197544951864,53671.35722771114,523.8527680747811,102.45504156159082,0.0,0.0,0.0,6227.157338890079,70.86809244333493,14.7912109146948,0.52,-0.7540957889762865,-0.0250909014709021,177.24289707937191,54.88757213359898,291.72229886181026,3.229199014646799,0.41223805940238173,medium,normal,Non-Event,Normal,condition_like,0.92,R6,amplitudo rendah + tidak ada struktur event → Non-Event,False,,,"https://www.google.com/maps?q=-6.8950852,109.4072383"
295,1776414069.31,-6.8217733,109.4781458,-37.49570875517746,-3.823498213475291,4.446312963705071,2.6272352,0.0,41.86687641947671,0,6,0.0,0.0,0.4516610611413291,25789.518115208244,841.4831755154802,30.647693067377457,0.0,0.0,0.0,4186.691634687953,63.09577550859022,6.629213026294099,0.43781094527363185,0.4877640341972058,-0.4895247210838941,83.04198728009649,687.3086574129887,71.13253082239503,0.12082197170604882,0.4112914188763851,medium,candidate,Non-Event,Non-Event,condition_like,0.7116373406719958,ML_Ensemble(RF+XGB),Dipelajari dari data (Confidence: 71%),True,,,"https://www.google.com/maps?q=-6.8217733,109.4781458"
219,1776412885.3,-6.8735509,109.4509692,-38.59814817845923,-3.9359157488499372,3.247642550151523,8.772349,0.2799997329711914,42.297915521749026,1,3,0.0,0.0,0.05778211401349098,16105.228341014308,465.9646026119958,34.56320118775583,0.1,0.0,0.2799997329711914,4229.7955860223165,64.37805667815518,15.082513408377908,0.4975124378109453,2.1036484155604205,-0.36292275228093135,61.82185122411602,351.17775755245214,52.96499383542764,0.17604147676932755,0.4106351457112108,medium,normal,Non-Event,Non-Event,condition_like,0.9160236352616613,ML_Ensemble(RF+XGB),Dipelajari dari data (Confidence: 92%),False,,,"https://www.google.com/maps?q=-6.8735509,109.4509692"
127,1776326949.66,-6.8556938,109.4925475,-37.31936776693063,-3.805516437002507,2.816401583205787,3.1011837,0.11999988555908203,56.05986267577503,1,5,0.0,0.0,0.2720411760509624,16220.89228623077,321.03919009338944,50.52620594696227,0.1,0.0,0.11999988555908203,5605.991613867723,67.37128738267003,15.209175752082603,0.5074626865671642,1.986326025119956,-0.15451258401253726,30.45203421816806,264.43333540412686,26.153820471094484,0.11515958854608625,0.4105737186600835,medium,normal,Non-Event,Non-Event,condition_like,0.8277637369306678,ML_Ensemble(RF+XGB),Dipelajari dari data (Confidence: 83%),False,,,"https://www.google.com/maps?q=-6.8556938,109.4925475"
98,1775974024.93,-6.83849,109.4482283,-35.1649628001176,-3.5858282696045642,4.824021335889572,6.7464643,0.009999990463256836,48.31652907036698,1,4,0.0,0.0,0.3316128949130234,29521.472324894123,956.259296665502,30.87182775316731,0.1,0.0,0.009999990463256836,4831.657514864376,65.041764946709,9.307786311662428,0.472636815920398,-0.102254911923783,-0.01495952023376089,170.41358701570377,713.7505205527555,72.09518909704283,0.23875791592413986,0.4104800478229713,medium,candidate,Non-Event,Non-Event,condition_like,0.8483762274134874,ML_Ensemble(RF+XGB),Dipelajari dari data (Confidence: 85%),False,,,"https://www.google.com/maps?q=-6.83849,109.4482283"
307,1776417375.0283334,-6.9523319,109.4963529,-41.04871503128321,-4.185804023931028,3.5859222810788163,2.097562,0.04999995231628418,32.720242827964626,1,5,0.0,0.0,0.07565308723659651,19457.339917896315,398.67313349146247,48.80524478459181,0.1,0.0,0.04999995231628418,3272.0274032449597,61.33625452961235,6.154776757460961,0.35,0.3701970129368868,0.0030856936957319916,65.70432345248167,293.31417092024736,39.6546391187334,0.2240066445556773,0.4102188188092181,medium,normal,Non-Event,Non-Event,condition_like,0.6654395143016354,ML_Ensemble(RF+XGB),Dipelajari dari data (Confidence: 67%),True,,,"https://www.google.com/maps?q=-6.9523319,109.4963529"
122,1776326904.095,-6.8541332,109.4908966,34.6109720883453,3.5293369385412245,3.767857469576041,4.2119246,0.2199997901916504,56.44426254576102,2,3,0.28999996185302734,0.0,0.24136285613574343,11515.117632475498,345.27352363412416,33.35071127934793,0.28999996185302734,0.738033519711749,0.2199997901916504,5644.431637525586,66.26631375003811,9.762647369729418,0.545,3.856336843440163,0.15464427461202482,50.85666486200942,252.42253437470964,41.99432439740505,0.20147434454104915,0.4096433158506289,medium,normal,Non-Event,Non-Event,condition_like,0.7155964336447663,ML_Ensemble(RF+XGB),Dipelajari dari data (Confidence: 72%),True,,,"https://www.google.com/maps?q=-6.8541332,109.4908966"
252,1776413699.165,-6.8321683,109.4609,-33.46159145159231,-3.4121327315232333,4.726660116991965,5.9769545,0.0,56.5666995370245,0,5,0.0,0.0,0.04617640656529507,24360.530215565304,765.0564793457315,31.841479474243133,0.0,0.0,0.0,5656.675348328446,62.95044605053347,7.646999145025315,0.48,0.5325995259002405,0.042224995110296114,66.98307116805915,635.7463724409931,62.32703573667919,0.1053613106835539,0.40793091208496557,medium,candidate,Non-Event,Non-Event,condition_like,0.8279596740911295,ML_Ensemble(RF+XGB),Dipelajari dari data (Confidence: 83%),False,,,"https://www.google.com/maps?q=-6.8321683,109.4609"
71,1775973720.875,-6.8548736,109.4533174,-37.74184486400536,-3.848597111552402,3.129780522013734,5.8136764,0.12999987602233887,49.3838369886362,2,4,0.38000011444091797,0.0,0.20209130842376127,15710.161907041493,498.9537617931487,31.486207898495106,0.38000011444091797,0.6803370272965604,0.12999987602233887,4938.388408477809,68.77030264719244,6.6989340193049545,0.425,2.478028672518011,-0.5852371638000815,152.18588928643203,285.3593160958606,61.40855641085614,0.5333131955712814,0.4059783647971142,medium,normal,Non-Event,Non-Event,condition_like,0.9015607822741927,ML_Ensemble(RF+XGB),Dipelajari dari data (Confidence: 90%),False,,,"https://www.google.com/maps?q=-6.8548736,109.4533174"
212,1776412820.04,-6.8732283,109.4469633,-31.81509949666595,-3.24423727742562,4.883426969392563,8.01371,0.08999991416931152,59.522285702121835,1,5,0.0,0.0,0.3790217634962365,18506.781003572447,420.99237172276463,43.95989619450822,0.1,0.0,0.08999991416931152,5952.234246705109,59.66718153571914,31.17711744565323,0.572139303482587,0.6581985356140234,-0.18796167794079435,46.31167577891627,330.40791197259006,44.27278397125836,0.14016515331688859,0.4045741031633662,medium,candidate,Non-Event,Normal,condition_like,0.92,R6,amplitudo rendah + tidak ada struktur event → Non-Event,False,,,"https://www.google.com/maps?q=-6.8732283,109.4469633"
29,1775973405.67,-6.8762668,109.4488726,36.40046318092977,3.7118142465500217,2.5283653492137965,5.8539505,0.19999980926513672,59.54349546088295,3,3,0.5349999666213989,0.24500000476837158,0.13450236778120586,27638.734463530585,760.0971492174614,36.362107732706576,1.0699999332427979,0.9785558228337896,0.19999980926513672,5954.3552246039435,74.01833948967061,16.191332393754813,0.4975124378109453,1.5343348344337109,0.23316250429711352,154.3472396430538,483.04070266680577,122.70920690760177,0.3195325745250657,0.40452928585412495,medium,normal,Pothole,Pothole,event,0.7478390589555104,ML_Ensemble(RF+XGB),Dipelajari dari data (Confidence: 75%),True,,,"https://www.google.com/maps?q=-6.8762668,109.4488726"
339,1776417758.0,-6.9726167,109.4839428,-37.978230937951025,-3.8727017827648615,4.678065184197819,5.696789,0.20999979972839355,30.073353232489268,2,4,1.6699998378753662,0.0,0.15451502740403186,17893.429210010963,560.4421079981262,31.92734614820099,1.6699998378753662,0.8923205702502771,0.20999979972839355,4178.349297799032,65.55661874375828,7.875100520924856,0.44776119402985076,3.0391502149321488,-0.5866863764013921,129.20383235295847,342.4123142521195,88.82596139304812,0.37733406947651754,0.4028352693092503,medium,candidate,Non-Event,Non-Event,condition_like,0.7351954911101577,ML_Ensemble(RF+XGB),Dipelajari dari data (Confidence: 74%),True,,,"https://www.google.com/maps?q=-6.9726167,109.4839428"
74,1775973763.38,-6.8529233,109.4531869,-39.127881192886456,-3.9899334831860482,3.49105418867729,3.3723972,0.08999991416931152,39.300984891095126,1,5,0.0,0.0,0.14246133145681744,25072.5127489483,446.93641060303503,56.09861290786369,0.1,0.0,0.08999991416931152,3960.5656352965975,71.02897983972878,9.795727885469546,0.43781094527363185,0.8068963194668695,-0.39483509259305327,90.61523875434875,296.7205933507935,59.60057849789281,0.3053891117757072,0.40261177196683234,medium,normal,Non-Event,Non-Event,condition_like,0.7130747744597503,ML_Ensemble(RF+XGB),Dipelajari dari data (Confidence: 71%),True,,,"https://www.google.com/maps?q=-6.8529233,109.4531869"
50,1775973592.6,-6.8645797,109.4530747,-39.8645625551395,-4.0650540760748575,3.0178396697700003,9.76029,0.0,42.52958127001895,0,4,0.0,0.0,0.25072945906186833,19627.74360748608,414.80827731447,47.31762752479619,0.0,0.0,0.0,4441.138332950267,70.09030399935753,9.31081893039154,0.4626865671641791,2.4617165501954004,-0.4214097370741607,113.91363110434672,244.16625084305323,56.72839536707005,0.4665412613106289,0.4021180379702918,medium,normal,Non-Event,Normal,condition_like,0.92,R6,amplitudo rendah + tidak ada struktur event → Non-Event,False,,,"https://www.google.com/maps?q=-6.8645797,109.4530747"
27,1775973393.88,-6.8769719,109.4488576,-41.78831484777472,-4.261222216330217,1.6837688572495633,11.390678,0.07999992370605469,45.16346799314558,2,5,0.3399999141693115,0.0,0.06654340779813835,15566.79931105861,520.3391824661617,29.916638618992142,0.3399999141693115,0.899279076374372,0.07999992370605469,4516.351106442612,61.596737718265196,4.8096835177294,0.40298507462686567,2.6465014793766146,-0.9157535612609622,92.38467420261216,339.9722530356784,87.98225522787104,0.27174180570899426,0.40185384861295737,medium,normal,Non-Event,Non-Event,condition_like,0.9543495833873749,ML_Ensemble(RF+XGB),Dipelajari dari data (Confidence: 95%),False,,,"https://www.google.com/maps?q=-6.8769719,109.4488576"
232,1776413121.94,-6.8561312,109.4534072,-39.70065997487432,-4.0483406642303255,1.6979656762303088,5.442369,0.07999992370605469,53.31031783234208,1,4,0.0,0.0,0.04862963354438851,24835.26602374688,766.9523892826193,32.381757118711334,0.1,0.0,0.07999992370605469,5331.036867307148,65.52570197617885,10.485534744807941,0.5223880597014925,1.4572054983207643,-0.7408780656447155,83.15394032686376,601.8834150869915,81.91503386876413,0.13815622445202136,0.39755100922798686,medium,normal,Non-Event,Non-Event,condition_like,0.8935562298455082,ML_Ensemble(RF+XGB),Dipelajari dari data (Confidence: 89%),False,,,"https://www.google.com/maps?q=-6.8561312,109.4534072"
335,1776417739.49,-6.9722923,109.4825775,-36.560710116034436,-3.7281548863306466,3.027271631431304,2.7314875,0.0,56.08998126826756,0,3,0.0,0.0,0.24307782686608762,17954.056395379266,373.17744108097435,48.111312128784796,0.0,0.0,0.0,5609.0034759893115,61.32644089185635,8.022177291680762,0.472636815920398,1.984522217388002,-0.5404177492850647,57.89098120507671,253.8909632105325,61.39549666536509,0.22801512997946677,0.397098891558199,medium,normal,Non-Event,Non-Event,condition_like,0.8204647414282564,ML_Ensemble(RF+XGB),Dipelajari dari data (Confidence: 82%),False,,,"https://www.google.com/maps?q=-6.9722923,109.4825775"
11,1775973066.455,-6.8910533,109.4538383,37.080412814198816,3.7811498130553063,3.1671792116391204,7.441339,0.20999979972839355,46.16161248003495,2,4,0.15999984741210938,0.0,0.13687007203474233,18194.05255494867,487.140029127704,37.348711725002545,0.15999984741210938,0.8817086336910362,0.20999979972839355,4616.165650322116,72.29859992223302,10.357043233678215,0.48,2.9442388962787547,0.35557264884394346,133.09615946369857,252.7856908872595,101.25817877674592,0.5265177727031262,0.3923671389260127,medium,normal,Non-Event,Non-Event,condition_like,0.9484744776104541,ML_Ensemble(RF+XGB),Dipelajari dari data (Confidence: 95%),False,,,"https://www.google.com/maps?q=-6.8910533,109.4538383"
96,1775974013.5549998,-6.8382233,109.448705,-36.30806489804652,-3.7023922438392844,3.783682033863633,6.9307346,0.1099998950958252,44.479385473775025,1,5,0.0,0.0,0.27181566967310605,21138.983550022072,418.2011654372453,50.54740456634799,0.1,0.0,0.1099998950958252,4447.942789266302,70.69490975701487,11.945871348959352,0.425,1.7695583566871527,0.4961186985271053,75.17375677692985,304.4091402130571,38.618268447258345,0.24694973507485915,0.38799618141611747,medium,normal,Non-Event,Non-Event,condition_like,0.7100092096002693,ML_Ensemble(RF+XGB),Dipelajari dari data (Confidence: 71%),True,,,"https://www.google.com/maps?q=-6.8382233,109.448705"
322,1776417581.51,-6.9653733,109.4861967,33.45454830677932,3.4114145306276176,4.500183531266116,5.0056734,0.06999993324279785,51.094733293272355,2,6,0.7599999904632568,0.0,0.04335893471344878,25101.079063659312,381.64178779357326,65.77130649923735,0.7599999904632568,0.8758075200248249,0.06999993324279785,5109.478202105367,64.74725024994625,17.42477510912513,0.5373134328358209,0.9120482243395198,0.11933752308168855,87.13953522825352,215.18818706334525,79.31406550197445,0.4049457175716454,0.3872840699404642,medium,candidate,Non-Event,Non-Event,condition_like,0.8017947630707598,ML_Ensemble(RF+XGB),Dipelajari dari data (Confidence: 80%),False,,,"https://www.google.com/maps?q=-6.9653733,109.4861967"
266,1776413841.37,-6.8284314,109.4678833,40.42356618031316,4.122056582045159,2.818434912142954,10.877279,0.08999991416931152,34.917440450640825,3,6,0.8249999284744263,0.5449999570846558,0.1318405597240887,17301.520003980502,339.50825509362835,50.960528038555715,1.6499998569488525,0.7957645514763156,0.08999991416931152,3816.8959001352246,68.14755158107216,4.711228378120252,0.47761194029850745,1.9495857260387783,0.5921074279700737,63.1442579909971,215.74434629727307,60.61965080535815,0.2926809382587945,0.38539777944304016,medium,normal,Non-Event,Non-Event,condition_like,0.8185703306727938,ML_Ensemble(RF+XGB),Dipelajari dari data (Confidence: 82%),False,,,"https://www.google.com/maps?q=-6.8284314,109.4678833"
255,1776413715.935,-6.8317417,109.46172,33.53332679760892,3.419447701060905,3.7865349391998553,5.8750396,0.19999980926513672,52.786467040911056,2,5,0.25,0.0,0.021995451113332076,23314.178492552623,385.7396427430291,60.440192940303525,0.25,0.9112817459132978,0.19999980926513672,5278.651738205694,66.13991395071031,6.390902751127491,0.475,0.4754602411824451,0.04384989858534734,42.43200359666237,307.7348031889971,35.572835957369634,0.13788496789788687,0.380089862297053,medium,normal,Non-Event,Non-Event,condition_like,0.8584023158375597,ML_Ensemble(RF+XGB),Dipelajari dari data (Confidence: 86%),False,,,"https://www.google.com/maps?q=-6.8317417,109.46172"
106,1775974077.19,-6.8398433,109.4456483,-36.207947214028884,-3.6921830812794263,3.1303743138301368,6.050045,0.07999992370605469,49.53405065112376,2,3,0.16000008583068848,0.0,0.26153941065508,16010.256862206596,578.4714009282202,27.676833822449243,0.16000008583068848,0.9167828466561863,0.07999992370605469,4953.409789052071,62.48916195137001,11.05108570100287,0.47761194029850745,1.4696950611329749,0.2688599239931643,271.7965886604659,214.9582472505138,91.71656501724044,1.264415721995056,0.37928676910128517,medium,normal,Non-Event,Non-Event,condition_like,0.8794369704994089,ML_Ensemble(RF+XGB),Dipelajari dari data (Confidence: 88%),False,,,"https://www.google.com/maps?q=-6.8398433,109.4456483"
189,1776412693.75,-6.8747548,109.4384443,-38.280898534497425,-3.9035652882990037,3.5147575233310904,8.720528,0.0,37.909705400971646,0,2,0.0,0.0,0.12300848653648111,19821.99222377398,266.08075062732485,74.49615239939207,0.0,0.0,0.0,4577.363671533537,54.993742640845376,7.633153354717626,0.5124378109452736,0.04485584229301809,-0.43645831820924713,43.01328836168803,175.37300843226095,47.69445383337586,0.24526743596939996,0.3790590620257924,medium,normal,Non-Event,Non-Event,condition_like,0.9112914292518498,ML_Ensemble(RF+XGB),Dipelajari dari data (Confidence: 91%),False,,,"https://www.google.com/maps?q=-6.8747548,109.4384443"
250,1776413693.1233337,-6.8323617,109.460395,-33.87429279485035,-3.4542165566070318,3.788480205038032,4.6551476,0.0,55.259157655528796,0,3,0.0,0.0,0.33509817220652066,37504.49334856319,692.241543717126,54.1783336102557,0.0,0.0,0.0,5525.921035481846,66.43065480912857,9.480357664027991,0.445,-0.13634588794250302,-0.14525260248296618,104.95162011673264,468.19991156995286,119.09001203044049,0.22415984561093233,0.3786123491774185,medium,normal,Non-Event,Non-Event,condition_like,0.7166159967974428,ML_Ensemble(RF+XGB),Dipelajari dari data (Confidence: 72%),True,,,"https://www.google.com/maps?q=-6.8323617,109.460395"
22,1775973197.84,-6.8847364,109.45266299999999,-33.561099346010785,-3.4222797128490146,3.648732408423678,7.58755,0.04999995231628418,56.725211241687155,1,3,0.0,0.0,0.012638966620209273,21431.9210488696,464.8603609744864,46.103997677577595,0.1,0.0,0.04999995231628418,5672.52653391158,61.77304533077447,13.413045545366458,0.5373134328358209,0.23175158927797268,-0.274933618656301,127.39558861024747,265.95051674680064,71.51425561743824,0.4790198932101159,0.37780040443748664,medium,normal,Non-Event,Non-Event,condition_like,0.873381528332702,ML_Ensemble(RF+XGB),Dipelajari dari data (Confidence: 87%),False,,,"https://www.google.com/maps?q=-6.8847364,109.45266299999999"
97,1775974017.55,-6.8382233,109.448705,-38.4456932500287,-3.9203696726230364,2.939022246800371,6.9307346,0.0,40.41105144069017,0,7,0.0,0.0,0.3838836543175337,20615.101223086225,525.0990280717587,39.25945408721946,0.0,0.0,0.0,4230.5670400499175,62.322612684960504,19.35476525429119,0.4427860696517413,1.0480603313228594,-1.3020783356760814,109.07671228743882,355.37252602725687,60.649789757063004,0.3069362541890378,0.3707263639224351,medium,normal,Non-Event,Normal,condition_like,0.92,R6,amplitudo rendah + tidak ada struktur event → Non-Event,False,,,"https://www.google.com/maps?q=-6.8382233,109.448705"
138,1776327895.0,-6.9003327,109.5175285,-31.09359831110443,-3.1706646317656317,6.2529645540791785,17.138735,0.039999961853027344,42.43507795890807,1,4,0.0,0.0,0.21393382871418365,15504.550287046895,438.7811563739898,35.335497038747675,0.1,0.0,0.039999961853027344,4243.511842819063,58.5967611931693,4.304237211380962,0.48756218905472637,0.5981411084397883,-0.5521019643079172,67.82258061970492,289.95453803052567,81.00403772375927,0.23390763547441737,0.3700499517668487,medium,candidate,Non-Event,Normal,condition_like,0.92,R6,amplitudo rendah + tidak ada struktur event → Non-Event,False,,,"https://www.google.com/maps?q=-6.9003327,109.5175285"
107,1775974083.42,-6.8400767,109.4451717,-36.81463879237187,-3.754048405150778,2.5708910808081704,5.0020704,0.1099998950958252,47.53877766073568,2,5,0.23000001907348633,0.0,0.16826301557436538,13294.90489889602,786.4818679670972,16.904273859938428,0.23000001907348633,0.5934069425201248,0.1099998950958252,4753.882299729021,65.15278887376358,3.6703809762861868,0.3681592039800995,2.6294010320589054,-0.03711229750361462,403.0201090657973,250.0274463847777,133.4343125165222,1.6119034661245524,0.36551621446752824,medium,normal,Non-Event,Non-Event,condition_like,0.8469254927990346,ML_Ensemble(RF+XGB),Dipelajari dari data (Confidence: 85%),False,,,"https://www.google.com/maps?q=-6.8400767,109.4451717"
313,1776417458.87,-6.9581412,109.4919207,-37.78009259686056,-3.8524972948826117,2.734143095966817,9.912414,0.07999992370605469,41.887502924198884,2,2,0.18999981880187988,0.0,0.6001433131102943,18505.76675167201,352.70949039397294,52.46744758280762,0.18999981880187988,0.9816164661604685,0.07999992370605469,4188.75428712727,67.08050966892672,11.514696191815332,0.5074626865671642,1.7595315787841095,0.2500907965278119,78.51181773941764,200.65882224152892,73.53885041302635,0.3912701991923603,0.36463770145656943,medium,normal,Speed Bump,Speed Bump,event,0.49060966544535567,ML_Ensemble(RF+XGB)_LOW_CONF,"ML ragu-ragu (Conf: 49%), pakai tebakan terbaik ML",True,,,"https://www.google.com/maps?q=-6.9581412,109.4919207"
145,1776329018.99,-6.9010308,109.4892958,-39.81556070206103,-4.060057277669849,1.0243122925437584,16.379683,0.23999977111816406,45.07296085040098,3,4,0.3999999761581421,0.2399998903274536,0.4639590076642945,14307.375050760722,274.8365375175964,52.05776178062544,0.7999999523162842,0.6578769739938879,0.23999977111816406,4507.30038353671,71.42196158709652,22.030816007055964,0.4527363184079602,3.6671913401103646,-0.1859787070916717,53.21860418274387,193.77554135158627,27.842391983266268,0.2746404604879601,0.36139552040380163,medium,normal,Non-Event,Non-Event,condition_like,0.7921165489355895,ML_Ensemble(RF+XGB),Dipelajari dari data (Confidence: 79%),True,,,"https://www.google.com/maps?q=-6.9010308,109.4892958"
39,1775973457.94,-6.8735797,109.4508969,-32.08724373649949,-3.2719882667883007,4.063521368794328,9.255978,0.15999984741210938,51.835029268288324,1,4,0.0,0.0,0.21510766825024014,23000.951882577883,520.041587280466,44.22906244600794,0.1,0.0,0.15999984741210938,5183.507870207157,61.077747208784345,13.275656286631076,0.4577114427860697,0.6028912688393104,-0.399559198052566,114.17032337325138,342.8707293847758,63.000534522438805,0.33298358026982167,0.36103237176159203,medium,candidate,Non-Event,Non-Event,condition_like,0.9382028293988061,ML_Ensemble(RF+XGB),Dipelajari dari data (Confidence: 94%),False,,,"https://www.google.com/maps?q=-6.8735797,109.4508969"
323,1776417608.4,-6.965757,109.4858782,-33.491371228798435,-3.4151694236868284,3.485418765595104,2.1340613,0.04999995231628418,53.479915492535085,1,5,0.0,0.0,0.1783386003006435,18644.694842276564,307.47163259816466,60.6387477897989,0.1,0.0,0.04999995231628418,5347.996649500557,60.33667550411826,14.26656803221425,0.43781094527363185,1.031224774290413,-0.3104248359575455,63.376248865507456,191.172948349329,52.92243538332819,0.33151263858832075,0.36047242047169936,medium,normal,Non-Event,Non-Event,condition_like,0.8065636300601075,ML_Ensemble(RF+XGB),Dipelajari dari data (Confidence: 81%),False,,,"https://www.google.com/maps?q=-6.965757,109.4858782"
6,1775972418.47,-6.8941433,109.4176217,-37.729136469666166,-3.847301215977543,2.112057825746463,9.365886,0.20999979972839355,43.60667736066933,2,4,0.1699998378753662,0.0,0.5811812960704145,10006.31211901256,214.31176700731635,46.690446409228244,0.1699998378753662,0.9363802581500579,0.20999979972839355,4360.671894727721,62.69917768418067,17.788466474485826,0.5422885572139303,5.427008147537514,-0.32188899921858083,53.10009097230847,132.5085410156356,28.703135019372347,0.4007295693136736,0.3586026861033742,medium,normal,Non-Event,Non-Event,condition_like,0.8735711251676472,ML_Ensemble(RF+XGB),Dipelajari dari data (Confidence: 87%),False,,,"https://www.google.com/maps?q=-6.8941433,109.4176217"
294,1776414064.51,-6.8222372,109.4777523,-32.973061413201904,-3.3623165314558903,5.671849024940522,2.5548666,0.039999961853027344,33.019685890482634,1,3,0.0,0.0,0.14100929199502568,15017.28706104814,658.0373745952209,22.821328419931177,0.1,0.0,0.039999961853027344,3582.618068680506,57.98804070361012,7.323853039595655,0.47761194029850745,2.002147939012894,0.24614283116819397,61.04964031681686,541.48249426518,55.505240013224096,0.11274536268604408,0.35647473065698676,medium,candidate,Non-Event,Normal,condition_like,0.92,R6,amplitudo rendah + tidak ada struktur event → Non-Event,False,,,"https://www.google.com/maps?q=-6.8222372,109.4777523"
19,1775973170.46,-6.8846582,109.4547392,-34.395284971111344,-3.5073429735038313,3.9681443754294263,7.8310566,0.20999979972839355,39.610497497387485,2,4,0.25999999046325684,0.0,0.1764342453086675,11105.220166347613,348.5931580622243,31.857252150967536,0.25999999046325684,0.8877024649365135,0.20999979972839355,3961.053527293763,56.22833821509319,10.807712616371337,0.43283582089552236,3.8039359711302545,-0.827532274408666,105.44265830446818,206.40775505075692,36.742744706999254,0.5108463960944336,0.3561579018441434,medium,normal,Pothole,Pothole,event,0.7926161052976918,ML_Ensemble(RF+XGB),Dipelajari dari data (Confidence: 79%),True,,,"https://www.google.com/maps?q=-6.8846582,109.4547392"
86,1775973948.21,-6.8391333,109.4515,35.100803990034585,3.5792858917198624,3.793970042895042,9.017419,0.04999995231628418,41.65409963076215,2,4,0.3299999237060547,0.0,0.5285057761998406,17908.247259133284,376.8971305143154,47.514947081663024,0.3299999237060547,0.9939627172750174,0.04999995231628418,4165.413935524502,68.19062308481676,11.499771601989528,0.4079601990049751,1.9460757276863205,0.41320229920743856,91.54558344843113,243.30117551862958,42.05037154725462,0.3762644503341376,0.3559555470474093,medium,normal,Non-Event,Non-Event,condition_like,0.7315731275270856,ML_Ensemble(RF+XGB),Dipelajari dari data (Confidence: 73%),True,,,"https://www.google.com/maps?q=-6.8391333,109.4515"
325,1776417628.42,-6.9673139,109.4849616,-32.52015827349035,-3.3161332640086427,3.155876638183072,7.6021647,0.019999980926513672,62.77633907544823,1,4,0.0,0.0,0.12115783479371714,22011.985580099183,871.3928205845739,25.260691888730218,0.1,0.0,0.019999980926513672,6277.639894368757,62.77633907544823,12.829853704542503,0.527363184079602,0.45938364124560493,0.021160763248466257,97.2986190809678,723.500995813296,50.59320569031014,0.134483047721462,0.35411587611022066,medium,normal,Non-Event,Normal,condition_like,0.92,R6,amplitudo rendah + tidak ada struktur event → Non-Event,False,,,"https://www.google.com/maps?q=-6.9673139,109.4849616"
197,1776412746.94,-6.8716767,109.44008,-37.906571195091075,-3.8653945226036495,2.3674301920373515,11.83192,0.0,43.44560459474087,0,6,0.0,0.0,0.08656592294872596,20049.256762318266,543.4122639234629,36.895112709946126,0.0,0.0,0.0,4344.564602773765,66.56608150069209,6.511129956172091,0.43781094527363185,1.0448328016798234,-0.02371449045702473,48.681010253573376,450.0136454390071,44.71760823088229,0.10817674228057302,0.3535422001075954,medium,normal,Non-Event,Non-Event,condition_like,0.7126927936077119,ML_Ensemble(RF+XGB),Dipelajari dari data (Confidence: 71%),True,,,"https://www.google.com/maps?q=-6.8716767,109.44008"
9,1775973032.32,-6.8934909,109.4529924,-38.79313580891263,-3.955798953660285,2.1151312822730413,9.682491,0.1099998950958252,39.35475707175135,1,4,0.0,0.0,0.05054305878630664,13263.624000700434,231.91381743487747,57.19203836240972,0.1,0.0,0.1099998950958252,3935.479460340819,59.492470449233586,10.413291429653642,0.4427860696517413,2.5976677787980353,-0.986246732878094,53.92073295893387,150.83692717453886,27.156157301404757,0.35747700255828757,0.35330673482950226,medium,normal,Non-Event,Non-Event,condition_like,0.9506133875960567,ML_Ensemble(RF+XGB),Dipelajari dari data (Confidence: 95%),False,,,"https://www.google.com/maps?q=-6.8934909,109.4529924"
198,1776412750.39,-6.8718517,109.4410333,32.65354221084206,3.3297346403554795,3.200307064397104,10.698502,0.059999942779541016,57.22925214117969,2,5,0.8599998950958252,0.0,0.0010701476037657327,22125.33796455583,357.9341109604369,61.81399655756025,0.8599998950958252,0.9703737153969185,0.059999942779541016,5722.930671929966,63.955085272579936,15.462400793480242,0.417910447761194,0.3638251349122772,0.00817043736118368,35.426687235940136,284.63339713634343,37.874026588153356,0.12446426690577699,0.35140126771228997,medium,normal,Non-Event,Non-Event,condition_like,0.7769606432649824,ML_Ensemble(RF+XGB),Dipelajari dari data (Confidence: 78%),True,,,"https://www.google.com/maps?q=-6.8718517,109.4410333"
230,1776413104.21,-6.8573752,109.4534641,-33.06916937605537,-3.3721168162476864,2.9609840550033995,6.420327,0.059999942779541016,56.89878248246987,1,3,0.0,0.0,0.027823185052835122,18948.162993087593,331.69494112253074,57.12526959813572,0.1,0.0,0.059999942779541016,5689.883674542911,57.24559678154472,9.814722676631455,0.5323383084577115,0.5469263755556382,-0.22101019080824574,43.273051577342144,245.53387501037116,42.88801453481743,0.17624065681068923,0.34867959492063144,medium,normal,Non-Event,Non-Event,condition_like,0.6782375416959623,ML_Ensemble(RF+XGB),Dipelajari dari data (Confidence: 68%),True,,,"https://www.google.com/maps?q=-6.8573752,109.4534641"
83,1775973928.44,-6.8407533,109.4519967,-32.344074056387626,-3.298177670905725,3.4566001015235255,10.214148,0.28999972343444824,49.58833767431895,2,4,0.15000009536743164,0.0,0.23228279552203698,13716.43466837076,351.85193267945357,38.983542096621804,0.15000009536743164,0.9823595750807338,0.28999972343444824,4958.8384965488085,56.925783766583876,6.520644062185167,0.4975124378109453,2.4197198398516644,-0.3776962606043861,95.74864764137445,198.79429768255596,57.308987355523044,0.4816468494112619,0.3469910921919564,medium,normal,Non-Event,Non-Event,condition_like,0.7735414885263594,ML_Ensemble(RF+XGB),Dipelajari dari data (Confidence: 77%),True,,,"https://www.google.com/maps?q=-6.8407533,109.4519967"
53,1775973604.495,-6.8637375,109.4531423,33.74387607751891,3.4409177524964094,3.636723153435444,9.3108,0.04999995231628418,46.538423609996414,1,3,0.0,0.0,0.005310201692872186,21843.507692117273,852.6990156055895,25.61690264294142,0.1,0.0,0.04999995231628418,4653.846799253806,67.39892287802127,16.392585159214477,0.515,1.1258579292681619,0.22327391069187652,289.3859829312986,409.01695494374803,154.296077730543,0.7075158590029157,0.3462398431126856,medium,normal,Non-Event,Non-Event,condition_like,0.8822755810949536,ML_Ensemble(RF+XGB),Dipelajari dari data (Confidence: 88%),False,,,"https://www.google.com/maps?q=-6.8637375,109.4531423"
153,1776329411.27,-6.8855867,109.5239067,-36.059191073315844,-3.677014176432915,0.9341279469585859,11.8597145,0.17999982833862305,63.26059926144696,1,3,0.0,0.0,0.028432616570251257,16930.066772323342,308.52162510352275,54.874813756629656,0.1,0.0,0.17999982833862305,6326.065959151326,69.65396288988221,15.087957644934354,0.4975124378109453,3.9245457629591654,-0.08461079922203987,51.83655118407217,210.2893202574498,46.39575366200088,0.24650111034697056,0.3461897118222869,medium,normal,Non-Event,Non-Event,condition_like,0.6689077872359734,ML_Ensemble(RF+XGB),Dipelajari dari data (Confidence: 67%),True,,,"https://www.google.com/maps?q=-6.8855867,109.5239067"
143,1776328038.22,-6.8900317,109.520653,-34.82151697859484,-3.5508065423559367,2.0799136377053014,8.720802,0.22999978065490723,52.47018120779323,2,3,0.20000004768371582,0.0,0.41643163308236,15322.550384601074,145.1846127367561,105.53838998658227,0.20000004768371582,0.5835887635385963,0.22999978065490723,5247.023124730515,63.70814023910994,18.33651949477172,0.5572139303482587,2.581020578804501,-0.5378902181752526,22.90511589106444,95.79642720844721,26.483069637244462,0.2391019823956724,0.34410202351866276,medium,normal,Non-Event,Non-Event,condition_like,0.8471518577848162,ML_Ensemble(RF+XGB),Dipelajari dari data (Confidence: 85%),False,,,"https://www.google.com/maps?q=-6.8900317,109.520653"
195,1776412735.71,-6.871535,109.4391143,-35.477246507872344,-3.617672345589202,1.2693579422733772,7.858962,0.11999988555908203,64.40375858653628,2,5,0.15999984741210938,0.0,0.32319231719869984,18142.470746861603,397.8592950000695,45.60021829138921,0.15999984741210938,0.6426299762588034,0.11999988555908203,6440.38200068053,65.23347779117152,7.470418508745006,0.39800995024875624,1.9948707303109954,-0.23652153844204804,47.55001703146757,301.8234159581913,48.485862010410536,0.15754250452361096,0.343962774664424,medium,normal,Non-Event,Non-Event,condition_like,0.5469581050418673,ML_Ensemble(RF+XGB)_LOW_CONF,"ML ragu-ragu (Conf: 55%), pakai tebakan terbaik ML",True,,,"https://www.google.com/maps?q=-6.871535,109.4391143"
163,1776329883.61,-6.8718437,109.5321255,-35.06708882680544,-3.5758479018630664,2.5646989044768977,8.133464,0.059999942779541016,50.277762907184766,2,4,0.21000003814697266,0.0,0.0804782863140406,12535.603340860278,154.29865927251814,81.24246392496366,0.21000003814697266,0.9207199334402559,0.059999942779541016,5027.781085584166,56.20764493481677,19.888646353292405,0.5621890547263682,1.236950317127481,-0.5215110397613,41.11788946716429,72.22515612382554,40.955613681528305,0.5693014886304812,0.34395968749443806,medium,normal,Non-Event,Non-Event,condition_like,0.7877564317120447,ML_Ensemble(RF+XGB),Dipelajari dari data (Confidence: 79%),True,,,"https://www.google.com/maps?q=-6.8718437,109.5321255"
56,1775973612.61,-6.8628874,109.4531937,-34.45095313521828,-3.5130195464524867,2.615756723714239,9.207847,0.20999979972839355,49.17105579735543,2,4,0.6000001430511475,0.0,0.4131331413701321,14680.455415129323,320.88281032871373,45.75020816584221,0.6000001430511475,0.69519368780551,0.20999979972839355,4917.110269057317,61.03788165830829,5.783569477476341,0.4129353233830846,2.1245576628309015,-0.29708342118540637,70.5421274930638,199.518471832838,50.8222110028119,0.3535618857315829,0.34379832706249525,medium,normal,Non-Event,Non-Event,condition_like,0.8709337787741878,ML_Ensemble(RF+XGB),Dipelajari dari data (Confidence: 87%),False,,,"https://www.google.com/maps?q=-6.8628874,109.4531937"
34,1775973437.5149999,-6.8735337,109.4494394,-35.53514956029048,-3.62357681372237,2.6061986328232334,7.445923,0.17999982833862305,44.725543225705565,2,3,0.2799999713897705,0.0,0.24464137633657834,14557.27203330876,295.70777126512144,49.22857428399687,0.2799999713897705,0.7875518986268824,0.17999982833862305,4472.55858793481,59.956574514672866,5.324275576948512,0.455,2.4168860259277123,-0.5428725460045075,74.25256692887551,165.986314526812,55.46888980943396,0.44734149735904816,0.34299494103021183,medium,normal,Non-Event,Non-Event,condition_like,0.9187473492939857,ML_Ensemble(RF+XGB),Dipelajari dari data (Confidence: 92%),False,,,"https://www.google.com/maps?q=-6.8735337,109.4494394"
132,1776327160.6,-6.8717012,109.492014,-45.5094245203875,-4.640669802673441,0.749127813529174,11.583359,0.0,21.37425264926732,0,0,0.0,0.0,0.9284779728601469,20018.988320116132,6.729778825828532,2974.686964242773,0.0,0.0,0.0,2137.427303336254,37.80696517462647,0.023398758730309263,0.0,3.406180005351124,2.1302289468950555,3.9346353364316298,0.7602919213762094,2.034851568020693,5.175157134581142,0.3423189063495464,medium,normal,Non-Event,Normal,condition_like,0.92,R6,amplitudo rendah + tidak ada struktur event → Non-Event,False,,,"https://www.google.com/maps?q=-6.8717012,109.492014"
302,1776414102.985,-6.82129,109.4796033,-36.875164231608935,-3.760220282319542,2.356586454360417,3.9082859,0.0,44.76478548416031,0,3,0.0,0.0,0.4513568007372533,27811.432169349002,755.4378169559958,36.81498530825341,0.0,0.0,0.0,4587.758301930884,65.28109227797326,13.60032806055397,0.465,0.3759144908037255,0.24182729938607533,99.07937056824595,566.1033519930959,90.2550943946541,0.17501993239290053,0.34180187577381294,medium,normal,Non-Event,Non-Event,condition_like,0.7905388747903453,ML_Ensemble(RF+XGB),Dipelajari dari data (Confidence: 79%),True,,,"https://www.google.com/maps?q=-6.82129,109.4796033"
90,1775973988.7024999,-6.8374517,109.45016,-37.878579187160234,-3.862540132171561,1.5598827293161335,6.5472665,0.09999990463256836,45.865680728459765,2,5,0.19000005722045898,0.0,0.2477181621612893,22278.69932798023,464.13576131080265,48.00039371467692,0.19000005722045898,0.9201424472403892,0.09999990463256836,4878.808333763909,71.87723440167551,16.448958215041326,0.48,2.1486671447137615,-0.6006131674656497,137.85635219006008,244.00827469364174,82.27113442710085,0.5649658881370977,0.34176270607858045,medium,normal,Non-Event,Non-Event,condition_like,0.8451912854981218,ML_Ensemble(RF+XGB),Dipelajari dari data (Confidence: 85%),False,,,"https://www.google.com/maps?q=-6.8374517,109.45016"
13,1775973087.16,-6.8897539,109.4541563,-29.875341140164068,-3.0464369728871805,5.422519734533591,8.796218,0.3599996566772461,38.08702210562778,2,3,0.15999984741210938,0.0,0.24295306733436534,11495.4652763383,326.68460016577694,35.188267935851975,0.15999984741210938,0.8583339968516813,0.3599996566772461,3808.705842827719,49.74944072390503,5.1704867495437,0.43781094527363185,2.7073222574950657,-0.5566564359703722,108.81309467092896,178.46752293853743,39.403982556310574,0.6097080985356371,0.3416729183537496,medium,candidate,Non-Event,Non-Event,condition_like,0.8873343270515082,ML_Ensemble(RF+XGB),Dipelajari dari data (Confidence: 89%),False,,,"https://www.google.com/maps?q=-6.8897539,109.4541563"
45,1775973499.652,-6.8722733,109.4524,-36.17188002802607,-3.68850525184707,2.891146252175338,6.5369720000000004,0.0,42.53509705827863,0,5,0.0,0.0,0.5688680519867121,20120.333171812883,392.58884871464005,51.250393857180846,0.0,0.0,0.0,4254.256139771417,66.25492147782943,5.111387712427443,0.46,0.8326000014907846,-0.6255153309061181,89.7158752546564,235.44608061967884,67.42689284030484,0.38104637222027077,0.34143098637716723,medium,normal,Non-Event,Non-Event,condition_like,0.6564862103590308,ML_Ensemble(RF+XGB),Dipelajari dari data (Confidence: 66%),True,,,"https://www.google.com/maps?q=-6.8722733,109.4524"
7,1775972955.07,-6.8921375,109.4433722,-38.39129633159932,-3.914822730657189,2.3548094723883715,14.374064,0.04999995231628418,36.14954933603177,2,4,0.8899998664855957,0.0,0.00023389732635972633,9694.685811583662,198.68283557060312,48.7947825736754,0.8899998664855957,0.9734656182203657,0.04999995231628418,3614.95838109614,61.06019999365595,8.219686343711977,0.5223880597014925,4.269856381217197,-1.6855643274115009,54.10501614701201,121.18176066385347,23.39605875973764,0.4464782109464138,0.33996555288868463,medium,normal,Speed Bump,Speed Bump,event,0.7426057629925864,ML_Ensemble(RF+XGB),Dipelajari dari data (Confidence: 74%),True,,,"https://www.google.com/maps?q=-6.8921375,109.4433722"
16,1775973131.12,-6.8858567,109.4550333,-34.284486543404086,-3.4960446781932757,1.357348694203612,8.969035,0.22999978065490723,64.2255370572402,2,3,0.18000006675720215,0.0,0.012455604392168425,13148.674641182228,230.17576137747753,57.12449697296544,0.18000006675720215,0.5295763666799415,0.22999978065490723,6422.559830754377,66.30294314498781,13.209966050414845,0.4925373134328358,3.2791994026852285,0.07668148308816308,82.19630230869632,92.51113632701282,55.468322741768375,0.8885016948623696,0.3369016417515632,medium,normal,Pothole,Pothole,event,0.773473121982774,ML_Ensemble(RF+XGB),Dipelajari dari data (Confidence: 77%),True,,,"https://www.google.com/maps?q=-6.8858567,109.4550333"
68,1775973698.56,-6.8560238,109.4533981,-36.01869693238088,-3.672884923228715,2.5845424721432804,6.6951985,0.059999942779541016,43.41879783918901,1,6,0.0,0.0,0.02619000794132673,13692.724411469986,398.5291238365825,34.35815241128163,0.1,0.0,0.059999942779541016,4341.883924662085,59.30839847516036,8.886408334603226,0.4626865671641791,2.1988721129872157,-0.5085804856742185,74.96220982964053,268.4843256486507,55.082588358291275,0.27920516167686416,0.3363134760615123,medium,normal,Non-Event,Non-Event,condition_like,0.7383716250880734,ML_Ensemble(RF+XGB),Dipelajari dari data (Confidence: 74%),True,,,"https://www.google.com/maps?q=-6.8560238,109.4533981"
340,1776417782.09,-6.972912,109.4854012,-36.48223766983612,-3.7201529237646005,2.6947513154196514,4.6272063,0.029999971389770508,40.69125542110013,1,4,0.0,0.0,0.13519132828769262,16263.845868312092,369.05853905673507,44.06847180886768,0.1,0.0,0.029999971389770508,4069.1294227342337,60.91895510943577,6.330160723023771,0.4577114427860697,1.9528458443758945,-0.5704800486106452,50.57370328691962,272.7532071080404,45.73162866177512,0.18541927934679633,0.3357354983365784,medium,normal,Non-Event,Non-Event,condition_like,0.8416195022157407,ML_Ensemble(RF+XGB),Dipelajari dari data (Confidence: 84%),False,,,"https://www.google.com/maps?q=-6.972912,109.4854012"
5,1775972312.12,-6.8940283,109.4072067,-37.77345440058068,-3.8518203872454593,1.1466919319830415,5.6856217,0.18999981880187988,46.46273982870768,2,4,0.3399999141693115,0.0,0.1325589737305759,8438.032108606505,245.0904952311633,34.42823054488397,0.3399999141693115,0.5781787250290124,0.18999981880187988,4646.278413907158,59.4078667575658,5.779222816576161,0.35323383084577115,6.31186155249242,-0.9644247557767649,66.50006541476353,131.49523879509422,47.095191021305524,0.5057222262827835,0.3351219083254202,medium,normal,Non-Event,Non-Event,condition_like,0.8733526311267136,ML_Ensemble(RF+XGB),Dipelajari dari data (Confidence: 87%),False,,,"https://www.google.com/maps?q=-6.8940283,109.4072067"
176,1776330657.32,-6.9136273,109.5227905,-37.31153369176873,-3.804717583656879,1.6772639003932865,13.218589,0.42999958992004395,37.8302453418154,2,3,0.2200000286102295,0.0,0.4229519236452795,9801.399559143778,299.07820654323893,32.772028559542406,0.2200000286102295,0.5305179892812448,0.42999958992004395,3783.028141958317,60.04291283159203,12.43510268754885,0.48258706467661694,5.514328377291308,-0.35813278168127427,16.111479131761463,270.832523598732,12.134203812745481,0.059488715971733386,0.3349672212783627,medium,normal,Non-Event,Non-Event,condition_like,0.8049262313767256,ML_Ensemble(RF+XGB),Dipelajari dari data (Confidence: 80%),False,,,"https://www.google.com/maps?q=-6.9136273,109.5227905"
292,1776414056.05,-6.8222372,109.4777523,33.09668568554073,3.37492269893804,2.358300401878239,2.5548666,0.0,64.75099264806477,0,6,0.0,0.0,0.3825968424496739,54205.84835812776,913.7789658476788,59.32052534008866,0.0,0.0,0.0,6475.105439948231,103.48746610892222,14.51709961970355,0.39800995024875624,0.6436151486382142,-0.16074669290070398,125.46796794982367,695.3275330148375,92.98346488301769,0.1804444118951664,0.33484841823664735,medium,normal,Non-Event,Normal,condition_like,0.92,R6,amplitudo rendah + tidak ada struktur event → Non-Event,False,,,"https://www.google.com/maps?q=-6.8222372,109.4777523"
351,1776418021.26,-6.9884738,109.4935925,-33.011417482017976,-3.3662277619796748,3.0160294521781856,13.368322,0.15999984741210938,49.78416719834284,1,4,0.0,0.0,0.1766123488209194,15893.544517402828,401.70688988793154,39.56502832767392,0.1,0.0,0.15999984741210938,4978.421467626974,53.67170553250803,11.624977502360915,0.5621890547263682,0.9172108996724528,-0.4731085685791036,38.97738282143072,335.6615054893654,27.068001577135337,0.1161210983919171,0.3334156919199418,medium,normal,Non-Event,Non-Event,condition_like,0.819328375456825,ML_Ensemble(RF+XGB),Dipelajari dari data (Confidence: 82%),False,,,"https://www.google.com/maps?q=-6.9884738,109.4935925"
320,1776417566.83,-6.9650522,109.4875557,-35.110711280904404,-3.5802961542325265,1.1620672077832894,9.9000635,0.15999984741210938,58.53489637855387,2,4,0.20000004768371582,0.0,0.33533890847067277,14403.794884000543,371.0967497285911,38.81412288229665,0.20000004768371582,0.7538712016729638,0.15999984741210938,5853.495220183439,64.3500784549351,16.236442281560883,0.5422885572139303,2.707737221931394,-0.391420145481205,80.39497816524057,223.54992088624667,67.15185067710378,0.35962874639763703,0.33289630654540975,medium,normal,Non-Event,Non-Event,condition_like,0.8050666681462592,ML_Ensemble(RF+XGB),Dipelajari dari data (Confidence: 81%),False,,,"https://www.google.com/maps?q=-6.9650522,109.4875557"
238,1776413484.07,-6.8368948,109.4510861,39.711056723660334,4.0494008375602615,0.6829204763596198,2.4950926,0.09999990463256836,42.91215743515426,2,5,0.7100000381469727,0.0,0.2819561721338381,13596.75545022382,244.63261574006626,55.580304995351526,0.7100000381469727,0.7847442230688672,0.09999990463256836,4291.21983594157,62.02709796431477,3.347415101159898,0.4079601990049751,2.7928975001424883,1.2368844120003668,36.37860613491691,167.16567946557112,41.08833013957819,0.21762006431941827,0.3307146591439834,medium,normal,Non-Event,Non-Event,condition_like,0.8034956224887508,ML_Ensemble(RF+XGB),Dipelajari dari data (Confidence: 80%),False,,,"https://www.google.com/maps?q=-6.8368948,109.4510861"
303,1776414106.055,-6.8212958,109.4795995,-38.999649898329224,-3.976857530178932,1.4499316844247525,2.9549656,0.0,40.07785580789139,0,4,0.0,0.0,0.09206096387538247,24573.191747643425,655.873599956241,37.46635283355903,0.0,0.0,0.0,4007.789402914958,65.43138527979303,6.265353247272254,0.36,0.8763205360404775,-0.43875047634949055,102.71398198227573,453.40251615396255,99.75710182000283,0.22654038761632414,0.3284525383673029,medium,normal,Non-Event,Non-Event,condition_like,0.8099572664040785,ML_Ensemble(RF+XGB),Dipelajari dari data (Confidence: 81%),False,,,"https://www.google.com/maps?q=-6.8212958,109.4795995"
343,1776417859.82,-6.9742218,109.4924831,-32.34621658710526,-3.2983961482366824,2.8258024255612417,14.532254,0.4399995803833008,46.69006536738503,2,3,0.25999999046325684,0.0,0.2952324956301689,11104.57526220964,295.50566911217084,37.57821383932992,0.25999999046325684,0.8626870144699914,0.4399995803833008,4669.010989454367,59.19373301765475,35.512040896266974,0.4925373134328358,4.668186449555007,-0.2889633627905848,63.946702040084936,178.72115061438922,52.837816457696725,0.35780153307235324,0.32758635617424137,medium,normal,Non-Event,Non-Event,condition_like,0.8081232627620216,ML_Ensemble(RF+XGB),Dipelajari dari data (Confidence: 81%),False,,,"https://www.google.com/maps?q=-6.9742218,109.4924831"
54,1775973607.09,-6.8637375,109.4531423,-35.027248780968435,-3.5717853477964887,2.9695745025066302,9.3108,0.039999961853027344,40.85196317548315,1,5,0.0,0.0,0.4512359885555146,12604.460970695449,401.98232245520285,31.355759284027567,0.1,0.0,0.039999961853027344,4085.200213498836,56.34267290352595,9.514476961763583,0.5422885572139303,3.334015562190001,-0.895225231558646,141.75703728110443,211.67589830643976,48.54938686765869,0.6696890753532837,0.32392682664361516,medium,normal,Non-Event,Non-Event,condition_like,0.7322124943581838,ML_Ensemble(RF+XGB),Dipelajari dari data (Confidence: 73%),True,,,"https://www.google.com/maps?q=-6.8637375,109.4531423"
311,1776417409.43,-6.9546167,109.4945956,-32.888073797247685,-3.3536502064668046,2.9060323487316864,10.974259,0.1699998378753662,48.156658567945215,2,6,0.18000006675720215,0.0,0.5495876280620567,11798.280678311437,146.79888663601508,80.37036838838343,0.18000006675720215,0.8480655146632843,0.1699998378753662,4815.670449375745,61.496959176350394,5.606161359743606,0.417910447761194,3.29866553399357,-0.057702376680705623,19.885368121416754,111.22905248992154,15.68446602467679,0.1787785429929831,0.32318745899488005,medium,normal,Non-Event,Non-Event,condition_like,0.4887599972827094,ML_Ensemble(RF+XGB)_LOW_CONF,"ML ragu-ragu (Conf: 49%), pakai tebakan terbaik ML",True,,,"https://www.google.com/maps?q=-6.9546167,109.4945956"
215,1776412852.83,-6.8734816,109.4493523,-31.699503924798663,-3.2324498095474667,4.271578248886617,7.1657796,0.1699998378753662,39.56154548939131,2,4,0.8399999141693115,0.0,0.15808609880542776,9478.574183324396,253.5863324473633,37.37809547726221,0.8399999141693115,0.6654493780656333,0.1699998378753662,3956.1583218257138,53.50110271719407,12.623774255015972,0.4925373134328358,2.322026836455172,-0.4856184136560698,36.63666329847864,187.73669874241529,29.212970406469374,0.1951491815332116,0.32187521920029744,medium,candidate,Non-Event,Non-Event,condition_like,0.7017089081061072,ML_Ensemble(RF+XGB),Dipelajari dari data (Confidence: 70%),True,,,"https://www.google.com/maps?q=-6.8734816,109.4493523"
133,1776327186.58,-6.8742637,109.4905932,-32.71945231640757,-3.336455600679903,2.918531869993082,10.716585,0.25999975204467773,45.99826822986964,1,3,0.0,0.0,0.1481899529202873,9772.296348639129,196.27422257171827,49.788995064185535,0.1,0.0,0.25999975204467773,4599.831209727849,62.692959240860965,55.283445338709626,0.5472636815920398,6.62117692511638,-0.11822374536228486,22.02489746658273,163.8143244510881,10.435000654047426,0.13445037487371,0.32058027793800453,medium,normal,Non-Event,Normal,condition_like,0.92,R6,amplitudo rendah + tidak ada struktur event → Non-Event,False,,,"https://www.google.com/maps?q=-6.8742637,109.4905932"
136,1776327667.53,-6.9008338,109.4941083,-33.848904657896256,-3.4516276871200926,3.5742546709834313,16.671747,0.09999990463256836,37.847366048223996,2,2,0.6500000953674316,0.0,0.4566261032566202,9866.403930936998,352.70089405675554,27.973855664157945,0.6500000953674316,0.8734559110385155,0.09999990463256836,3784.740214231936,58.654170464991225,2.862163053233525,0.4925373134328358,3.1215213090743124,-0.199938612887193,61.49632930259183,261.4811894513419,29.723375302821843,0.2351845239668796,0.3205438551089842,medium,normal,Pothole,Pothole,event,0.7105166767499386,ML_Ensemble(RF+XGB),Dipelajari dari data (Confidence: 71%),True,,,"https://www.google.com/maps?q=-6.9008338,109.4941083"
120,1776326871.86,-6.8528256,109.4906156,-40.29886545109384,-4.109340646509648,0.9969126837704996,4.9164066,0.34999966621398926,28.388351364260487,2,3,0.3400001525878906,0.0,0.14778920873037676,13790.455572535517,228.91205978698926,60.24346434663406,0.3400001525878906,0.953772605517094,0.34999966621398926,2838.8378437527886,66.46165775553973,0.6203264509103706,0.373134328358209,3.5421776528088005,-0.11242358362085375,51.44539884826198,116.23732204309532,61.229338895631955,0.44258932932573175,0.3205093326157147,medium,normal,Non-Event,Non-Event,condition_like,0.6877152810035607,ML_Ensemble(RF+XGB),Dipelajari dari data (Confidence: 69%),True,,,"https://www.google.com/maps?q=-6.8528256,109.4906156"
191,1776412699.71,-6.8738975,109.4385554,-34.64775151564126,-3.533087396372998,2.5144460182923494,10.212739,0.0,46.576339322384875,0,5,0.0,0.0,0.3766328140281288,12623.603847448318,338.4335432263438,37.30009646740476,0.0,0.0,0.0,4657.63837410858,62.06459668004768,9.844841336752788,0.5223880597014925,1.854858115701857,-0.5830165517779432,41.26995494917533,263.72130391527634,33.44228436189215,0.15649078849520254,0.31903244114031093,medium,normal,Non-Event,Normal,condition_like,0.92,R6,amplitudo rendah + tidak ada struktur event → Non-Event,False,,,"https://www.google.com/maps?q=-6.8738975,109.4385554"
309,1776417387.29,-6.9524284,109.4960915,32.25535019067398,3.289130354471097,2.6579300995090636,1.9180521,0.08999991416931152,53.66159795178342,2,5,0.18000006675720215,0.0,0.0387162916092302,13257.357069641399,329.4698407341799,40.238453995851884,0.18000006675720215,0.6441020254243719,0.08999991416931152,5366.164912751997,56.39074854009422,11.354864057421475,0.5373134328358209,1.1220888038620034,0.2934607015759948,38.47440608841994,247.38612573160964,43.60930891415029,0.15552370133577054,0.31758920988960976,medium,normal,Non-Event,Non-Event,condition_like,0.8829038401005178,ML_Ensemble(RF+XGB),Dipelajari dari data (Confidence: 88%),False,,,"https://www.google.com/maps?q=-6.9524284,109.4960915"
236,1776413437.37,-6.8382885,109.4512137,-37.14934088945043,-3.788178520641649,1.192370810643653,7.591617,0.0,47.51077672036689,0,4,0.0,0.0,0.7965530797672185,24967.050143933557,561.6296553577031,44.454650607039866,0.0,0.0,0.0,5424.489117865695,67.04363010119158,19.56087963953663,0.43781094527363185,0.8597688069968381,0.08802102416480888,52.182622906512066,446.60128318812497,62.845749263066,0.11684387115315777,0.3163417275189255,medium,normal,Non-Event,Non-Event,condition_like,0.8502167906094529,ML_Ensemble(RF+XGB),Dipelajari dari data (Confidence: 85%),False,,,"https://www.google.com/maps?q=-6.8382885,109.4512137"
158,1776329626.39,-6.8728765,109.5223587,37.51511192191147,3.8254767858454692,0.428979925411726,7.925517,0.04999995231628418,52.03465285288385,1,4,0.0,0.0,0.027098094303160375,11166.667833369938,199.5728656219879,55.95283578564209,0.1,0.0,0.04999995231628418,5203.4702477043165,54.57028421937082,3.4551683875070536,0.4427860696517413,3.1638888822863533,1.2358744512399797,38.576021001290044,114.00913757818027,46.987707042517556,0.3383590252709176,0.31531968799054544,medium,normal,Non-Event,Non-Event,condition_like,0.7224884103404151,ML_Ensemble(RF+XGB),Dipelajari dari data (Confidence: 72%),True,,,"https://www.google.com/maps?q=-6.8728765,109.5223587"
155,1776329476.92,-6.8822098,109.52279,-30.593932282052375,-3.1197128766757634,4.3940695951977435,3.3330586,0.14999985694885254,41.23712938777163,2,4,0.2799999713897705,0.0,0.41207243637147734,11401.504328009127,231.97573795974333,49.149554945432136,0.2799999713897705,0.8529290267354115,0.14999985694885254,4123.716871460031,56.06773801917919,4.5766351322195575,0.4228855721393035,2.501115122989848,-0.41977374602963324,38.38384949283699,150.3290042691178,43.26288419778854,0.25533229215561243,0.3131330052383587,medium,candidate,Non-Event,Non-Event,condition_like,0.7489885354624273,ML_Ensemble(RF+XGB),Dipelajari dari data (Confidence: 75%),True,,,"https://www.google.com/maps?q=-6.8822098,109.52279"
82,1775973921.39,-6.8407533,109.4519967,-33.455944711810744,-3.4115569243126598,2.730811273702034,10.214148,0.12999987602233887,44.91167516861162,1,2,0.0,0.0,0.20635652853615233,15422.561419870837,425.5376169061792,36.24253361137896,0.1,0.0,0.12999987602233887,4491.171799976359,59.40799218529275,10.083905804274396,0.43283582089552236,1.538280199652955,-0.4432923820811192,136.95728540437312,225.4446449912552,63.13568651055091,0.6074985050196561,0.31221615570068095,medium,normal,Non-Event,Normal,condition_like,0.92,R6,amplitudo rendah + tidak ada struktur event → Non-Event,False,,,"https://www.google.com/maps?q=-6.8407533,109.4519967"
69,1775973702.86,-6.8560238,109.4533981,-37.13133648470453,-3.7863425822992087,2.471948261619769,6.6951985,0.0,33.45524096972335,0,6,0.0,0.0,0.16942160280450524,11835.905956910745,242.1810259807542,48.872143720206985,0.0,0.0,0.0,3345.527287515784,60.51492519241984,5.1458235536715,0.373134328358209,2.528553930917477,-1.7195368286715789,53.03442324334613,154.1964407439786,34.950161993429504,0.3439406424916231,0.3118671326312848,medium,normal,Non-Event,Non-Event,condition_like,0.8615148151625525,ML_Ensemble(RF+XGB),Dipelajari dari data (Confidence: 86%),False,,,"https://www.google.com/maps?q=-6.8560238,109.4533981"
218,1776412878.7,-6.8735207,109.4502335,36.94722615080776,3.7675685530540766,1.4550830473017717,5.2128153,0.04999995231628418,42.98522829041289,2,5,0.18000006675720215,0.0,0.12278346153629648,22037.592261978345,376.64971738238705,58.50951477310031,0.18000006675720215,0.9923310650148764,0.04999995231628418,4298.526928436019,71.90294010762292,6.942610288711857,0.5074626865671642,0.6983118234607217,-0.04510606797480444,62.98315150496128,279.8869126694424,33.779653207983365,0.2250307121516474,0.31067214192660153,medium,normal,Non-Event,Non-Event,condition_like,0.7172341230989812,ML_Ensemble(RF+XGB),Dipelajari dari data (Confidence: 72%),True,,,"https://www.google.com/maps?q=-6.8735207,109.4502335"
334,1776417733.955,-6.9722923,109.4825775,-36.06945912066643,-3.6780612258688166,2.0550714350798733,2.7314875,0.09999990463256836,39.80600609133836,2,4,0.7699999809265137,0.0,0.16819162467080576,14720.354328972873,293.1028646459716,50.2224851897322,0.7699999809265137,0.7090336075769545,0.09999990463256836,3980.604405334021,65.83563153888693,10.388801096042254,0.4,3.2180653458546145,-0.5368142307995806,57.47169146282543,159.02274540659855,76.6084277765476,0.3614054766472118,0.3103982448682221,medium,normal,Non-Event,Non-Event,condition_like,0.9131423738689796,ML_Ensemble(RF+XGB),Dipelajari dari data (Confidence: 91%),False,,,"https://www.google.com/maps?q=-6.9722923,109.4825775"
174,1776330465.76,-6.8993255,109.5257563,-31.56497007854604,-3.218731175125659,4.471934682997901,13.707379,0.2199997901916504,33.04729771959533,2,4,0.40000009536743164,0.0,0.03448472832651395,6917.799083125754,185.43143357983587,37.30650684335485,0.40000009536743164,0.5634587786125028,0.2199997901916504,3304.7329235984444,49.49415476114294,7.600872677511201,0.47761194029850745,6.080055375435517,-0.9454831643013868,18.495969631100262,155.4432685953962,11.492195353339426,0.1189885524104291,0.3085318090318037,medium,candidate,Non-Event,Non-Event,condition_like,0.4638479958640205,ML_Ensemble(RF+XGB)_LOW_CONF,"ML ragu-ragu (Conf: 46%), pakai tebakan terbaik ML",True,,,"https://www.google.com/maps?q=-6.8993255,109.5257563"
167,1776330141.77,-6.8930405,109.531108,31.92332088014022,3.255272787357581,3.5106302355310794,7.9686937,0.029999971389770508,44.04238760453081,1,5,0.0,0.0,0.11750024568929833,17895.337437104623,438.22106771267573,40.8363237524709,0.1,0.0,0.029999971389770508,4404.2429606664755,61.07568835226552,41.95185623412748,0.5124378109452736,1.0480165066876017,0.11084428525102268,30.86919100739496,379.41386857278957,27.938008132491177,0.0813602071061685,0.3043698824906753,medium,normal,Non-Event,Non-Event,condition_like,0.8661382505061134,ML_Ensemble(RF+XGB),Dipelajari dari data (Confidence: 87%),False,,,"https://www.google.com/maps?q=-6.8930405,109.531108"
213,1776412823.1766665,-6.8732283,109.4469633,-35.317191310274794,-3.601351257593041,2.6201388193260033,8.01371,0.19999980926513672,33.50573622276425,2,4,1.130000114440918,0.0,0.28631242130798246,18502.544594031493,353.40595237713023,52.35493182053689,1.130000114440918,0.8142336667094743,0.19999980926513672,4004.1756064879523,62.14202648114765,7.099481918487716,0.465,1.37541507185656,-0.4345301182375471,43.572036500886554,279.26185051080915,30.57206536543456,0.15602573808474535,0.30422642238725567,medium,normal,Non-Event,Non-Event,condition_like,0.7880609976517559,ML_Ensemble(RF+XGB),Dipelajari dari data (Confidence: 79%),True,,,"https://www.google.com/maps?q=-6.8732283,109.4469633"
290,1776414051.23,-6.8223926,109.4776971,-32.38634831474699,-3.302488445569791,2.4106853943043873,1.9771558,0.0,53.104482680150255,0,5,0.0,0.0,0.1930910210596252,19060.46545693806,492.89550752734345,38.67039793867522,0.0,0.0,0.0,5310.453332457977,62.93444328656649,11.775864279345862,0.4577114427860697,1.1533139906779901,-0.0816330983607336,90.80304508669755,328.08760572345886,74.00485671718695,0.2767646300130878,0.30274438891278244,medium,normal,Non-Event,Non-Event,condition_like,0.7894736546235789,ML_Ensemble(RF+XGB),Dipelajari dari data (Confidence: 79%),True,,,"https://www.google.com/maps?q=-6.8223926,109.4776971"
326,1776417630.1950002,-6.9681225,109.484541,35.97562381454121,3.668492687568253,1.55778014729444,8.9760275,0.059999942779541016,43.674329319521306,2,4,1.5,0.0,0.20535217000166228,21196.858819716646,479.16917416080867,44.2366911698838,1.5,0.9192190711289804,0.059999942779541016,5466.448609082457,65.70350833841529,7.870235529338054,0.47,0.7609091460718007,-0.4250799079606354,104.4426930600766,292.83439778026786,81.89208332046417,0.35666128533774666,0.30228100148525594,medium,normal,Non-Event,Non-Event,condition_like,0.8366397178551508,ML_Ensemble(RF+XGB),Dipelajari dari data (Confidence: 84%),False,,,"https://www.google.com/maps?q=-6.9681225,109.484541"
77,1775973865.1500003,-6.8453433,109.4529475,-36.355167590533455,-3.707195381759669,1.6392786401802815,7.146892,0.0,42.24224661798288,0,3,0.0,0.0,0.09913504761531959,17485.16380669647,392.15456026375455,44.58742938077503,0.0,0.0,0.0,4224.228690336697,59.789859314816724,7.59544457502829,0.43,0.835765660082997,0.5329652610624883,74.22662496302698,255.31978703168556,62.60814826904203,0.29072022006306597,0.3015294173299027,medium,normal,Non-Event,Non-Event,condition_like,0.8485201345564245,ML_Ensemble(RF+XGB),Dipelajari dari data (Confidence: 85%),False,,,"https://www.google.com/maps?q=-6.8453433,109.4529475"
233,1776413341.95,-6.8448649,109.4528856,-38.953594183449574,-3.9721611542626256,0.9666850150288097,7.3813105,0.09999990463256836,34.49974663066307,1,2,0.0,0.0,0.04991866666730912,15611.000057929554,234.7436756737275,66.50232406314157,0.1,0.0,0.09999990463256836,3449.977953221673,68.53895597809488,11.974951005075111,0.42786069651741293,2.511391725854015,-0.7344535494509408,34.82087559759174,160.96584990162626,38.95695017450948,0.21632461421194488,0.3005461552566737,medium,normal,Non-Event,Non-Event,condition_like,0.9339996038141294,ML_Ensemble(RF+XGB),Dipelajari dari data (Confidence: 93%),False,,,"https://www.google.com/maps?q=-6.8448649,109.4528856"
55,1775973607.96,-6.8628874,109.4531937,-36.28881481935096,-3.7004292821045883,2.01609637926086,9.207847,0.11999988555908203,35.683689947364314,2,4,1.0400002002716064,0.0,0.15517442442617593,13125.459256405908,280.74401649323215,46.75240944973056,1.0400002002716064,0.8888901967028525,0.11999988555908203,4085.200213498836,57.29280042026191,6.8801375129754305,0.5024875621890548,3.276180884790821,-1.0030962465390512,84.1835491893807,164.91554139106304,31.644925912788437,0.5104646170326194,0.3002132295325291,medium,normal,Non-Event,Non-Event,condition_like,0.9242210551292349,ML_Ensemble(RF+XGB),Dipelajari dari data (Confidence: 92%),False,,,"https://www.google.com/maps?q=-6.8628874,109.4531937"
