event_id,time_s,lat,lon,peak_mag,peak_vertical,peak_mag_g,peak_vertical_g,peak_gyro_mag,speed_mean,event_duration,vert_jrk,level,num_peaks_accel,num_peaks_gyro,peak_interval_mean,peak_interval_std,asymmetry_score,vertical_energy,gyro_energy,accel_to_gyro_ratio,local_duration,top2_peak_ratio,duration_above_threshold,max_jerk,peak_to_peak,fft_high_low_ratio,zcr,kurtosis,skewness,gyro_pitch_energy,gyro_roll_energy,gyro_yaw_energy,gyro_pitch_roll_ratio,trip_id,suggested_label,suggested_raw_label,suggested_kind,suggestion_confidence,suggestion_rule,suggestion_reason,needs_review,speed_factor,score,priority
0,1775972258.19,-6.8990167,109.406905,46.271187,29.46810841864562,4.7183479577633545,3.004910792028432,2.1066149476927456,9.420446,0.1099998950958252,39.28185869349889,normal,1,2,0.0,0.0,0.7005397943135698,5808.579135407955,118.40735804559331,49.05589637525261,0.1,0.0,0.1099998950958252,3169.025043419136,53.595458464027324,13.3366087707537,0.43564356435643564,2.76373680040689,0.4802594475979467,30.453168070939622,69.74820266220944,18.20598731244425,0.43661580473705563,178e7720-4939-4df4-b9af-2a0a7e15ece3,Non-Event,Normal,condition_like,0.92,R6,amplitudo rendah + tidak ada struktur event → Non-Event,False,1.0,0.21014663817120618,low
1,1775972269.39,-6.8979053,109.4069794,55.087761,-31.093065158784608,5.617388302835321,-3.170610265359181,1.9913204712302401,12.110078,0.08999991416931152,38.18633036521142,normal,0,2,0.0,0.0,0.5626205284087805,6925.149157291352,145.46291804063736,47.60765975936934,0.0,0.0,0.08999991416931152,3818.6366782568657,52.9803746952376,7.013083651075611,0.4752475247524752,2.0831458607236764,0.06789483143431993,54.16175189002151,70.6331213431449,20.668044807470967,0.7668038746311777,178e7720-4939-4df4-b9af-2a0a7e15ece3,Non-Event,Normal,condition_like,0.92,R6,amplitudo rendah + tidak ada struktur event → Non-Event,False,1.0,0.22600665029162156,low
2,1775972285.1633332,-6.8968191,109.4070534,79.840688,-52.36957536167057,8.141484400891233,-5.3402105063064935,5.1228357685014,11.824939,0.039999961853027344,69.24410506767455,candidate,1,2,0.0,0.0,0.319551271957197,28317.255639197254,332.5058098668911,85.16319027739708,0.1,0.0,0.039999961853027344,6924.41711040621,94.04761062795306,19.395956160060376,0.47,0.9677699670076034,-0.20816478231576824,75.82259228027999,219.10700804919256,37.57620953741856,0.34605279223749874,178e7720-4939-4df4-b9af-2a0a7e15ece3,Non-Event,Crack,condition_like,0.76,R4,spike kecil/rapat + durasi sangat singkat → Non-Event,True,1.0,0.7247927653683311,high
3,1775972287.46,-6.8957427,109.4071277,40.955437,29.762089835404005,4.176292311849613,3.0348885537267067,2.192746018979398,9.986261,0.019999980926513672,37.67846554762809,normal,0,2,0.0,0.0,0.2793335475932689,6385.752111187294,114.00734944468607,56.01175789350113,0.0,0.0,0.019999980926513672,3688.079847777411,49.027739753655254,30.313903434996877,0.6336633663366337,1.0313042456364299,0.6790878144243662,36.612583887389164,59.43177843454269,17.962987122754186,0.6160438781361702,178e7720-4939-4df4-b9af-2a0a7e15ece3,Non-Event,Normal,condition_like,0.92,R6,amplitudo rendah + tidak ada struktur event → Non-Event,False,1.0,0.2054197007532348,low
4,1775972289.52,-6.8957427,109.4071277,62.54884,-44.68916294908641,6.378206625096236,-4.557026400359594,5.861345685907909,9.986261,0.1099998950958252,53.742337982876606,candidate,0,4,0.0,0.0,0.7569634425637153,10364.10344523423,321.43501759354285,32.2432306553995,0.0,0.0,0.1099998950958252,5374.238923561292,76.07125568992187,11.98215763929391,0.5544554455445545,3.4131439635012306,-0.3700347136725592,73.3724350792076,215.9682573249512,32.09432518938407,0.33973712455841365,178e7720-4939-4df4-b9af-2a0a7e15ece3,Non-Event,Maneuver,condition_like,0.88,R5,gyro dominan + asimetri tinggi → maneuver (Non-Event),False,1.0,0.6163232683259784,high
5,1775972291.63,-6.8957427,109.4071277,53.88337,-31.089510077072486,5.4945745998888516,-3.1702477479131494,2.1896480282941595,9.986261,0.029999971389770508,39.47356322918917,normal,0,1,0.0,0.0,0.6033407727001057,6974.386793710865,124.77630429634425,55.895121891505504,0.0,0.0,0.029999971389770508,3947.3600874148497,51.67054403378647,19.42329075840796,0.6336633663366337,1.4649445301008663,-0.6749484471653735,31.812656303762886,76.0582734518525,16.90537454072888,0.41826686883228453,178e7720-4939-4df4-b9af-2a0a7e15ece3,Non-Event,Normal,condition_like,0.92,R6,amplitudo rendah + tidak ada struktur event → Non-Event,False,1.0,0.23235397174830777,low
6,1775972295.4,-6.8957427,109.4071277,36.708763,-36.88367310269328,3.743252078946429,-3.7610879456994266,1.474594439371382,9.986261,0.009999990463256836,36.26161756118619,normal,0,3,0.0,0.0,0.3245165894291558,8422.437339542032,162.96561600675417,51.68229651284639,0.0,0.0,0.009999990463256836,4134.123297367498,64.3317317053316,11.36295672049365,0.5148514851485149,2.2658960786758753,-1.556136687471041,48.485049897261256,91.07822162963488,23.402344479858037,0.5323451479111898,178e7720-4939-4df4-b9af-2a0a7e15ece3,Non-Event,Normal,condition_like,0.92,R6,amplitudo rendah + tidak ada struktur event → Non-Event,False,1.0,0.28493839765599166,low
7,1775972312.12,-6.8940283,109.4072067,86.163445,-34.17794718628809,8.7862261832532,-3.4851806872161326,1.1466919319830415,5.6856217,0.07999992370605469,41.180028861655146,normal,1,3,0.0,0.0,0.6976429633147216,7981.250125165439,163.92804073988364,48.687521917878215,0.1,0.0,0.07999992370605469,3883.638044680428,65.370318841579,2.6897455682189513,0.3069306930693069,2.9518754473830855,-0.9439314288715178,38.76804157032932,92.31239146737019,32.847607702184185,0.4199657330301858,178e7720-4939-4df4-b9af-2a0a7e15ece3,Non-Event,Maneuver,condition_like,0.88,R5,gyro dominan + asimetri tinggi → maneuver (Non-Event),False,1.0,0.2542669246319926,low
8,1775972966.12,-6.8922577,109.4448662,50.24565,-35.15326386218453,5.123630393661444,-3.584635309936067,1.897592157635236,18.682701,0.039999961853027344,44.59410092624506,normal,0,3,0.0,0.0,0.5766912873729741,4884.307961146104,80.81721313419452,60.436480191408975,0.0,0.0,0.039999961853027344,4459.414345453433,48.285646297049794,4.716381803731814,0.46534653465346537,4.5910313453583065,-1.9472117666482625,17.979222726985462,47.15074650302409,15.687243904184964,0.3813136308354886,178e7720-4939-4df4-b9af-2a0a7e15ece3,Non-Event,Maneuver,condition_like,0.88,R5,gyro dominan + asimetri tinggi → maneuver (Non-Event),False,1.0,0.30259536863804515,medium
9,1775973053.85,-6.8917017,109.4536683,51.3686335,35.147706346447315,5.2381428418471145,3.584068601045955,1.8365648113819044,9.072494,0.11999988555908203,27.930454379565212,normal,1,1,0.0,0.0,0.1814526425482469,4399.6516699230815,61.998258775800736,70.96411553861647,0.1,0.0,0.11999988555908203,2524.4668643273244,56.477192695256264,4.404881276693929,0.48514851485148514,7.630677545378418,-0.0589781235361877,27.51501436314849,24.581697556240776,9.901546856411468,1.119329256283757,178e7720-4939-4df4-b9af-2a0a7e15ece3,Non-Event,Normal,condition_like,0.92,R6,amplitudo rendah + tidak ada struktur event → Non-Event,False,1.0,0.2509306232184386,low
10,1775973066.45,-6.8910533,109.4538383,69.74766,40.77958327024933,7.112281971927213,4.1583602219156734,4.65887730209087,7.441339,0.1099998950958252,53.13193768171509,candidate,1,2,0.0,0.0,0.5649007705445963,8656.58844705232,332.64472912304467,26.023524989709784,0.1,0.0,0.1099998950958252,5313.198835232776,62.06831384508407,7.392581471038161,0.49504950495049505,3.75543401815655,0.3334115102458313,100.90378898814215,166.5820405134485,65.15889962145397,0.6057302940425063,178e7720-4939-4df4-b9af-2a0a7e15ece3,Non-Event,Normal,condition_like,0.92,R6,amplitudo rendah + tidak ada struktur event → Non-Event,False,1.0,0.5144063944282838,high
11,1775973074.27,-6.8903863,109.4539875,50.262844,-44.27603646210895,5.125383693718039,-4.514899222681441,3.1037679757924903,8.041139,0.0,42.48093718391631,normal,0,1,0.0,0.0,0.47929624234798723,10867.826242109892,302.35859297508256,35.94350039544605,0.0,0.0,0.0,4857.540352295032,73.44003517729041,2.710780971283487,0.32673267326732675,2.955621496244202,0.9228149314963255,87.96778308873031,183.28090387137837,31.109906014973813,0.4799615276368466,178e7720-4939-4df4-b9af-2a0a7e15ece3,Non-Event,Normal,condition_like,0.92,R6,amplitudo rendah + tidak ada struktur event → Non-Event,False,1.0,0.4722969398750202,medium
12,1775973087.14,-6.8897539,109.4541563,64.58084,35.923203435976546,6.58541295957335,3.6631472965769705,2.347986339022495,8.796218,0.17999982833862305,52.14616261817083,normal,1,2,0.0,0.0,0.6056398553993154,6154.241992685196,113.16115956087037,54.38475500058853,0.1,0.0,0.17999982833862305,3507.8976798457484,51.70793624914719,1.4127586669853593,0.40594059405940597,4.174415859076245,-0.687419052974488,59.3812930631221,37.117512357007854,16.662354140740433,1.5998187295569684,178e7720-4939-4df4-b9af-2a0a7e15ece3,Non-Event,Normal,condition_like,0.92,R6,amplitudo rendah + tidak ada struktur event → Non-Event,False,1.0,0.3650588349732616,medium
13,1775973100.2649999,-6.8890621,109.454337,82.30194,41.741711307729744,8.392462257753667,4.256469977793614,3.4452133200245383,7.7601833,0.08999991416931152,49.76152235002563,normal,1,1,0.0,0.0,0.5590615403772673,7909.653757865119,148.16843996424387,53.382850669083325,0.1,0.0,0.08999991416931152,4976.15698063567,64.7300551943932,12.755983434029455,0.48,4.014924444415105,1.3528124315861083,47.794046403070716,74.10747905033548,26.266914510837694,0.6449287760237956,178e7720-4939-4df4-b9af-2a0a7e15ece3,Non-Event,Normal,condition_like,0.92,R6,amplitudo rendah + tidak ada struktur event → Non-Event,False,1.0,0.4759326753993105,medium
14,1775973105.37,-6.888273,109.4544477,38.387764,-33.71752722524922,3.9144625330770446,-3.438230917311133,0.9051162020333359,8.49295,0.04999995231628418,40.75508783700259,normal,0,2,0.0,0.0,0.8790018600290678,3542.845347004504,44.68496428157183,79.28495243713618,0.0,0.0,0.04999995231628418,4075.512670412019,46.74148680294654,2.3272505045220084,0.4752475247524752,8.970395410997197,-2.1096522077538165,15.007899613976452,20.233253995347848,9.443810672247535,0.7417442036601208,178e7720-4939-4df4-b9af-2a0a7e15ece3,Non-Event,Normal,condition_like,0.92,R6,amplitudo rendah + tidak ada struktur event → Non-Event,False,1.0,0.2355054668781778,low
15,1775973117.81,-6.8875668,109.4546063,57.98905,-35.10884720013861,5.9132374460187735,-3.5801060708946086,2.421781699589942,8.748815,0.029999971389770508,42.669862880748425,normal,0,2,0.0,0.0,0.45851276649529804,8979.030217312227,134.73508515905613,66.64210840161108,0.0,0.0,0.029999971389770508,3623.1109404395866,59.57657925064277,16.534488906642306,0.6039603960396039,1.160295932642156,-0.3439673319493319,40.63154846054149,70.237357687327,23.866179011187622,0.578489129145921,178e7720-4939-4df4-b9af-2a0a7e15ece3,Non-Event,Normal,condition_like,0.92,R6,amplitudo rendah + tidak ada struktur event → Non-Event,False,1.0,0.3122248414105836,medium
16,1775973131.14,-6.8858567,109.4550333,75.53345,40.033677879232016,7.70226835871577,4.082299039858873,2.3195784990324215,8.969035,0.14999985694885254,64.86844942363591,normal,1,1,0.0,0.0,0.4848577687806916,8194.317897369194,154.52021084468544,53.03071876192894,0.1,0.0,0.14999985694885254,6423.385256139022,74.54491846431131,18.835411106311522,0.46534653465346537,5.554603752411934,-0.698164477741452,56.38153326680601,61.72931895652169,36.409358621357704,0.9133671536721557,178e7720-4939-4df4-b9af-2a0a7e15ece3,Non-Event,Normal,condition_like,0.92,R6,amplitudo rendah + tidak ada struktur event → Non-Event,False,1.0,0.4509141285510757,medium
17,1775973135.72,-6.8858567,109.4550333,22.550709,-30.253038178633403,2.2995323581447287,-3.0849513522592735,0.42572675747625965,8.969035,0.059999942779541016,35.098240931909956,normal,0,2,0.0,0.0,0.7510387884201045,6351.694901812567,135.51131710249288,46.87206198532077,0.0,0.0,0.059999942779541016,3509.8274404232807,57.221081533313495,5.329411419690915,0.3465346534653465,2.440814545106779,-0.542045035848584,27.878743018319117,82.4716061125231,25.160967971650653,0.3380404965345437,178e7720-4939-4df4-b9af-2a0a7e15ece3,Non-Event,Normal,condition_like,0.92,R6,amplitudo rendah + tidak ada struktur event → Non-Event,False,1.0,0.1484277269029318,low
18,1775973146.67,-6.8854233,109.4551017,84.95606,-30.288908890546367,8.663107177272565,-3.0886091469101444,2.604351609356204,5.1693554,0.029999971389770508,42.28541362576932,normal,0,2,0.0,0.0,0.38972612969709924,5977.14452165266,157.25500376619075,38.009248294129485,0.0,0.0,0.029999971389770508,2934.332878411006,55.57183131403177,4.087180047910631,0.45544554455445546,2.2604296075829033,-0.4146151485135639,55.549035130217064,83.29283900565032,18.413129630323375,0.6669124876333764,178e7720-4939-4df4-b9af-2a0a7e15ece3,Non-Event,Normal,condition_like,0.92,R6,amplitudo rendah + tidak ada struktur event → Non-Event,False,1.0,0.24330446895519237,low
19,1775973193.71,-6.8847364,109.452663,69.46726,-58.14739762070931,7.083689129315312,-5.92938440963115,3.7625887292261972,7.58755,0.029999971389770508,60.098464732518444,candidate,0,2,0.0,0.0,0.5380914003993221,10381.992073018464,284.3066985812883,36.51687451723265,0.0,0.0,0.029999971389770508,6009.852204693538,89.09262962517342,3.8965508946015754,0.504950495049505,10.049996862381676,-1.127101358949608,64.29128714022991,176.5831528874205,43.432258553637894,0.3640850541225378,178e7720-4939-4df4-b9af-2a0a7e15ece3,Non-Event,Normal,condition_like,0.92,R6,amplitudo rendah + tidak ada struktur event → Non-Event,False,1.0,0.7670772836064452,high
20,1775973198.185,-6.8847364,109.452663,86.29254,34.152086648954615,8.79939020970464,3.4825436462966066,3.789809047702801,7.58755,0.04999995231628418,65.32403118806845,normal,1,2,0.0,0.0,0.3497937582559267,15797.952422052796,277.751241833729,56.87806204168803,0.1,0.0,0.04999995231628418,6532.409348597865,68.02273783168836,15.76993521855596,0.54,0.2572099604136979,-0.34329187342745615,71.47665208099089,162.38781499367948,43.8867747590587,0.44016019085922636,178e7720-4939-4df4-b9af-2a0a7e15ece3,Non-Event,Normal,condition_like,0.92,R6,amplitudo rendah + tidak ada struktur event → Non-Event,False,1.0,0.40245851162497237,medium
21,1775973212.92,-6.884681,109.4522062,80.133117,-34.892887494019874,8.171303860135724,-3.558084309526686,3.1279107910859905,2.4447591,0.029999971389770508,28.718105855737,normal,0,1,0.0,0.0,0.6707023515861038,6033.5958453550065,181.72886604130633,33.20108656146297,0.0,0.0,0.029999971389770508,3200.707602769897,54.13668773063118,3.9069434783406054,0.49504950495049505,3.0990351951145128,-1.4048304033953705,49.64260566523127,75.05231561694067,57.03394475913441,0.6614400181489672,178e7720-4939-4df4-b9af-2a0a7e15ece3,Non-Event,Normal,condition_like,0.92,R6,amplitudo rendah + tidak ada struktur event → Non-Event,False,1.0,0.28595335683855877,low
22,1775973269.33,-6.8833,109.448115,54.127433499999995,35.91138511137426,5.519462150683465,3.661942162856252,1.1308770673443302,7.2416267,0.04999995231628418,48.41920618161828,normal,0,2,0.0,0.0,0.7503161083914556,6723.959740382172,170.9000564130049,39.34439720012933,0.0,0.0,0.04999995231628418,3650.0536640512605,55.350043366699616,11.536019618518662,0.45544554455445546,2.9450140557047577,1.3049034744677732,44.823535348242864,112.7221141417781,13.354406922983951,0.3976463295766347,178e7720-4939-4df4-b9af-2a0a7e15ece3,Non-Event,Normal,condition_like,0.92,R6,amplitudo rendah + tidak ada struktur event → Non-Event,False,1.0,0.3021345770356977,medium
23,1775973350.05,-6.8806217,109.4482833,54.661913,29.923529011960166,5.573963891848899,3.051350768301119,1.6354473163896932,8.603067,0.009999990463256836,40.65777874008326,normal,0,2,0.0,0.0,0.22077771490450376,5785.021387350786,102.23758217228206,56.584097626822434,0.0,0.0,0.009999990463256836,2709.233354902101,48.719316944272755,4.880636574209694,0.46534653465346537,2.2961811196367643,0.9556057945264063,27.60860365806926,59.91419004539851,14.714788468814287,0.46080241051989695,cc249e1a-62c0-4274-812f-0019a041760e,Non-Event,Normal,condition_like,0.92,R6,amplitudo rendah + tidak ada struktur event → Non-Event,False,1.0,0.19849345420984607,low
24,1775973391.11,-6.8769719,109.4488576,53.5199615,35.593653874332716,5.457517245950452,3.629542593478172,0.7136453062016522,11.390678,0.06999993324279785,33.389184589159946,normal,1,2,0.0,0.0,0.4943183588731932,10761.39185794166,109.30680897030825,98.45124801341152,0.1,0.0,0.06999993324279785,3338.92164315981,54.18721094999683,0.4955536749648609,0.297029702970297,1.5397575839736541,1.031039960746693,22.709518242806435,65.96696031187443,20.63033041562738,0.3442559395064722,cc249e1a-62c0-4274-812f-0019a041760e,Non-Event,Normal,condition_like,0.92,R6,amplitudo rendah + tidak ada struktur event → Non-Event,False,1.0,0.23476684285219057,low
25,1775973393.6,-6.8769719,109.4488576,61.2724125,-37.263864674996995,6.248047243452148,-3.7998566967309935,5.467009185967509,11.390678,0.0,50.458895083528255,candidate,0,2,0.0,0.0,0.5861980914037475,9021.408160215682,315.7767838490107,28.568940444843932,0.0,0.0,0.0,5045.894320492642,58.37748758601458,3.9884480763098997,0.4158415841584158,1.819453574885979,-0.591501877733304,49.954082210086234,228.5844757681654,37.238225870759166,0.21853663431725764,cc249e1a-62c0-4274-812f-0019a041760e,Non-Event,Normal,condition_like,0.92,R6,amplitudo rendah + tidak ada struktur event → Non-Event,False,1.0,0.4704084609869935,medium
26,1775973405.7649999,-6.8762668,109.4488726,68.18801,53.18242485883016,6.953241932770111,5.423098087402952,2.080033394990631,5.8539505,0.14999985694885254,63.36460158546614,candidate,1,2,0.0,0.0,0.7805591711538981,17150.825993237668,479.3208835621861,35.78151202174992,0.1,0.0,0.14999985694885254,6336.466201471687,89.88724081241747,1.706144449887329,0.52,4.711634984156296,1.9207841208675227,86.38531865917055,301.34595483097723,91.58961007203837,0.2866649343972728,cc249e1a-62c0-4274-812f-0019a041760e,Non-Event,Crack,condition_like,0.76,R4,spike kecil/rapat + durasi sangat singkat → Non-Event,True,1.0,0.6440491488812945,high
27,1775973406.54,-6.8754347,109.4488971,55.362736,-44.3528531175511,5.6454279494016815,-4.522732341579551,3.6839841454259816,9.097576,0.08999991416931152,62.72966243699064,normal,0,2,0.0,0.0,0.5545582627158536,20512.671146447887,550.4560288775025,37.26486773341867,0.0,0.0,0.08999991416931152,5536.59066379066,81.95563928403513,1.8814868905426878,0.45544554455445546,0.879064839980273,-0.42534543474036557,113.63095954580052,345.98029630739904,90.8447730243031,0.32843188016813823,cc249e1a-62c0-4274-812f-0019a041760e,Non-Event,Normal,condition_like,0.92,R6,amplitudo rendah + tidak ada struktur event → Non-Event,False,1.0,0.5579593163138304,high
28,1775973409.596667,-6.8754347,109.4488971,82.28855,39.390384356552914,8.39109685774449,4.016701356380917,2.7895752488058108,9.097576,0.06999993324279785,34.06694336468594,normal,1,2,0.0,0.0,0.9999999996816845,9938.009232122049,159.2705408968018,62.39703283336168,0.1,0.0,0.06999993324279785,5906.169626941746,75.55627439012818,10.715948731299562,0.48,3.0658967704594193,0.4577549085002384,56.22427583138466,69.83784295544305,33.20842210997407,0.8050688945560243,cc249e1a-62c0-4274-812f-0019a041760e,Non-Event,Normal,condition_like,0.92,R6,amplitudo rendah + tidak ada struktur event → Non-Event,False,1.0,0.3642975179594942,medium
29,1775973412.25,-6.8754347,109.4488971,85.29757,-38.45448002534834,8.697931505661973,-3.92126567434836,3.6257203574341608,9.097576,0.029999971389770508,56.14385170952507,normal,0,0,0.0,0.0,0.25476516767793617,12995.36389278753,268.1464988658045,48.463671535116575,0.0,0.0,0.029999971389770508,5614.390525252554,64.15422727121593,15.834912639975826,0.504950495049505,0.7883015914226306,-0.45041726855897296,69.56189627454647,170.23577791156484,28.348824679693223,0.40862089461630113,cc249e1a-62c0-4274-812f-0019a041760e,Non-Event,Normal,condition_like,0.92,R6,amplitudo rendah + tidak ada struktur event → Non-Event,False,1.0,0.4484433666193757,medium
30,1775973436.32,-6.873633,109.4489066,71.009466,-33.46542542990542,7.240950375510496,-3.4125236885078416,0.7409232017463923,8.892408,0.039999961853027344,49.89855357825981,normal,0,2,0.0,0.0,0.5319005349456872,6982.247319995726,163.5366001421953,42.69531879242526,0.0,0.0,0.039999961853027344,2778.4809988919865,54.546625678670324,16.29569320176991,0.5346534653465347,1.3684955758010426,-0.7377124731715031,50.52856217322261,94.65331416622675,18.354723802745937,0.5338277067684969,cc249e1a-62c0-4274-812f-0019a041760e,Non-Event,Normal,condition_like,0.92,R6,amplitudo rendah + tidak ada struktur event → Non-Event,False,1.0,0.255904502400899,low
31,1775973437.5149999,-6.8735337,109.4494394,59.475257,-34.50396294484639,6.064788383392902,-3.518425042684953,2.6061986328232334,7.445923,0.1399998664855957,51.779489937865435,normal,1,1,0.0,0.0,0.7320383179806513,7970.4681808837195,174.6379407537609,45.63995716418865,0.1,0.0,0.1399998664855957,5177.95393186822,59.714824405115635,4.90005952554998,0.43,2.7717734213184047,-0.8031692207610936,42.35548621358372,105.87804370453595,26.404410835641198,0.4000403136625846,cc249e1a-62c0-4274-812f-0019a041760e,Non-Event,Normal,condition_like,0.92,R6,amplitudo rendah + tidak ada struktur event → Non-Event,False,1.0,0.34773533394282186,medium
32,1775973440.2350001,-6.8735337,109.4494394,87.64115,60.65590240106246,8.936910157903055,6.1851807091170246,8.823631647934851,7.445923,0.019999980926513672,67.95577758870724,high_conf,0,3,0.0,0.0,0.25353487353154813,17653.059906008868,235.58520476560108,74.93280339332104,0.0,0.0,0.019999980926513672,4654.98457173512,91.64300167061452,2.5851854274500963,0.48,1.9182189158292084,-0.7935478008144211,59.16750780271871,129.25692754458572,47.16076941829668,0.4577511508971803,cc249e1a-62c0-4274-812f-0019a041760e,Non-Event,Non-Event,ambiguous,0.4,R9,fallback,True,1.0,0.8514999985694887,high
33,1775973443.54,-6.8735337,109.4494394,59.5283,34.91379846250178,6.0701972641014015,3.560216634885693,2.0453880565876124,7.445923,0.029999971389770508,45.04960792398342,normal,0,2,0.0,0.0,0.5855062431804279,9886.03682740767,254.04509566103496,38.91449572277446,0.0,0.0,0.029999971389770508,4035.7496375958854,65.94448630662183,6.76600776864848,0.42574257425742573,2.2420972773400134,0.36593571413696185,45.252600714985036,186.93254796154727,21.859946984502663,0.24207983556835608,cc249e1a-62c0-4274-812f-0019a041760e,Non-Event,Normal,condition_like,0.92,R6,amplitudo rendah + tidak ada struktur event → Non-Event,False,1.0,0.30462745471995195,medium
34,1775973445.77,-6.8735337,109.4494394,78.99120500000001,-33.47908339440138,8.05486124211632,-3.4139164132911217,1.5314140277580268,7.445923,0.0,31.372992273711276,normal,0,2,0.0,0.0,0.15062842833662146,8328.213264829694,195.16088075662304,42.67357879237018,0.0,0.0,0.0,3273.1033471862543,58.131783771172124,2.2539208758489875,0.44554455445544555,1.2809728279367416,-1.0210868855576218,33.7132827359614,112.88603678203513,48.561561238626496,0.29864882671368403,cc249e1a-62c0-4274-812f-0019a041760e,Non-Event,Normal,condition_like,0.92,R6,amplitudo rendah + tidak ada struktur event → Non-Event,False,1.0,0.21771123716464008,low
35,1775973448.93,-6.873567,109.4500879,70.57325,32.39098939558487,7.196468722754458,3.3029617041074038,2.19258862837543,6.680509,0.029999971389770508,34.04815566953448,normal,0,1,0.0,0.0,0.4255301321606923,4799.674520847709,117.91444165306999,40.70472126107061,0.0,0.0,0.029999971389770508,2312.4805270220572,46.19574337631584,8.675026857215402,0.4752475247524752,3.518015462424712,1.6448496738094345,36.523314956075126,68.08073621331553,13.310390483679353,0.5364706149059111,cc249e1a-62c0-4274-812f-0019a041760e,Non-Event,Normal,condition_like,0.92,R6,amplitudo rendah + tidak ada struktur event → Non-Event,False,1.0,0.23427439331463928,low
36,1775973456.18,-6.873567,109.45008790000001,36.19440533333333,-32.398705043513175,3.6908021937494793,-3.303748481236016,1.7806036114795565,6.680509,0.019999980926513672,50.19440194110561,normal,0,3,0.0,0.0,0.05930151617678949,8263.162126734755,156.16112660309733,52.9143344029674,0.0,0.0,0.019999980926513672,5019.444981026322,53.376833201153445,2.9592399221031918,0.4752475247524752,1.552101242006379,-0.7310029901053557,35.08805069080066,99.77555664257049,21.297519269726163,0.35166980290401206,cc249e1a-62c0-4274-812f-0019a041760e,Non-Event,Normal,condition_like,0.92,R6,amplitudo rendah + tidak ada struktur event → Non-Event,False,1.0,0.27373039760789486,low
37,1775973458.3266666,-6.8735797,109.4508969,72.861946,37.69338943018815,7.429850764532231,3.843656032405373,3.0510701110430096,9.255978,0.039999961853027344,35.238636869202686,normal,1,3,0.0,0.0,0.718312319363617,15321.967088666885,389.9469374712294,39.2924410401477,0.1,0.0,0.039999961853027344,4792.077436047601,63.84838711321552,16.798160419519213,0.47,0.046130244362496686,0.11924787942980569,79.60797754655997,270.30925137575815,40.02970854891129,0.2945070390557573,cc249e1a-62c0-4274-812f-0019a041760e,Non-Event,Maneuver,condition_like,0.88,R5,gyro dominan + asimetri tinggi → maneuver (Non-Event),False,1.0,0.3487128619318922,medium
38,1775973462.315,-6.8735797,109.4508969,59.44285,-42.927990028015884,6.061483789061505,-4.377436742212263,5.232340548983434,9.255978,0.12999987602233887,59.80681619705052,candidate,1,2,0.0,0.0,0.491671570523218,9259.585141687576,235.56039758559862,39.30875137453463,0.1,0.0,0.12999987602233887,5980.687323332947,67.96383507514935,13.7431662234799,0.45,3.7890135754986547,-0.5993688166459485,78.58365186660167,109.95636157019828,47.02038414879867,0.7146803516388817,cc249e1a-62c0-4274-812f-0019a041760e,Non-Event,Normal,condition_like,0.92,R6,amplitudo rendah + tidak ada struktur event → Non-Event,False,1.0,0.5901329076564643,high
39,1775973469.6959999,-6.8736433,109.451615,83.252914,-65.34020726545158,8.489434618345715,-6.66284687079192,4.449629758421621,8.667922,0.0,53.39710964628398,candidate,0,2,0.0,0.0,0.3725689597348955,13598.953284634292,316.83880457770664,42.920731442093086,0.0,0.0,0.0,5573.478768513893,81.53605622575257,10.067826714632108,0.5,2.154477345312242,-0.055303619577725026,82.71671766591824,190.4098206421365,43.71226626965186,0.4344141334336167,cc249e1a-62c0-4274-812f-0019a041760e,Non-Event,Non-Event,ambiguous,0.4,R9,fallback,True,1.0,0.7763113574350007,high
40,1775973483.94,-6.8736917,109.45215,47.11353,34.66891646033096,4.804243039162201,3.535245620097685,2.4398188806049212,4.4909515,0.019999980926513672,47.1183192917205,normal,0,4,0.0,0.0,0.7070617137921144,4764.334811952434,116.01258488779375,41.06739605442855,0.0,0.0,0.019999980926513672,3224.4450457835596,60.702804003859704,5.2071280882438336,0.4752475247524752,6.790222925017028,2.336269636967341,39.72048883658415,55.06805579258608,21.224040258623496,0.7212981744787443,cc249e1a-62c0-4274-812f-0019a041760e,Non-Event,Maneuver,condition_like,0.88,R5,gyro dominan + asimetri tinggi → maneuver (Non-Event),False,1.0,0.3201752019100403,medium
41,1775973487.073333,-6.8729683,109.4523,97.456395,39.83856272311438,9.93778660398811,4.062402831049786,4.222180224232583,8.617479,0.059999942779541016,59.532295508491146,candidate,2,2,0.2200000286102295,0.0,0.0133990185128126,14789.921419716275,515.5939362591472,28.685212045622993,0.2200000286102295,0.9187382911608524,0.059999942779541016,5953.235228296651,79.4936590674431,8.230257177886632,0.42,1.97599689886282,0.2428355824311056,121.91948871661437,282.9933448336481,110.68110270888472,0.4308210440689382,cc249e1a-62c0-4274-812f-0019a041760e,Non-Event,Non-Event,ambiguous,0.4,R9,fallback,True,1.0,0.5030407462019901,high
42,1775973494.632,-6.8729683,109.4523,78.24834200000001,-52.57641511157353,7.979110297604178,-5.361302290952929,4.295648334373442,8.617479,0.0,46.57152883909873,candidate,0,3,0.0,0.0,0.5574764042670359,19672.48593063405,259.4941283244305,75.81090940997235,0.0,0.0,0.0,5906.806343467443,77.34273360664923,19.21160836133424,0.36,1.0461159398000808,-0.5521276599384844,35.215283911320405,196.84744679596736,27.431397617142796,0.17889631948807938,cc249e1a-62c0-4274-812f-0019a041760e,Non-Event,Maneuver,condition_like,0.88,R5,gyro dominan + asimetri tinggi → maneuver (Non-Event),False,1.0,0.6526220509190499,high
43,1775973499.55,-6.8722733,109.4524,93.23358,-45.589542535159076,9.507179311997472,-4.64883956653486,3.384207045370821,6.536972,0.11999988555908203,51.648266387761396,normal,2,1,0.43000006675720215,0.0,0.2914887428309572,16688.769102185503,237.55525653874165,70.25215638287365,0.43000006675720215,0.8365275351455834,0.11999988555908203,5164.831564343351,62.00744331357648,3.137160968340258,0.46534653465346537,-0.18983141252763014,-0.20665912823443064,49.82416367659487,147.02292603262688,40.70816682951983,0.3388870340306723,cc249e1a-62c0-4274-812f-0019a041760e,Non-Event,Non-Event,ambiguous,0.4,R9,fallback,True,1.0,0.5412937158687255,high
44,1775973506.42,-6.8722733,109.4524,77.11035,-45.64202792480232,7.863067408340259,-4.654191586811227,2.3262708626818376,6.536972,0.039999961853027344,47.75074660556902,normal,0,2,0.0,0.0,0.5561181345542293,6672.23466493146,89.03607069863112,74.93855622376972,0.0,0.0,0.039999961853027344,4775.079214427307,64.78862197741668,1.6732099090123975,0.42574257425742573,8.078434825238606,-1.1846686395014279,32.37554900051663,40.44687867851926,16.213643019595246,0.8004461470908176,cc249e1a-62c0-4274-812f-0019a041760e,Non-Event,Normal,condition_like,0.92,R6,amplitudo rendah + tidak ada struktur event → Non-Event,False,1.0,0.4878402526019524,medium
45,1775973533.36,-6.8702833,109.4526067,57.91827,-31.846073872263993,5.906019894663316,-3.2473957847240387,0.9085924778365987,9.308237,0.12999987602233887,39.265393462869554,normal,1,2,0.0,0.0,0.9999999995480472,7980.084049634828,193.2434912131051,41.29548663317753,0.1,0.0,0.12999987602233887,3926.5430909302536,53.14178064826702,14.212698829630229,0.6336633663366337,1.919061507785182,-0.012415151823453468,63.9328488956391,111.47984433203645,17.83079798542959,0.5734924434566508,cc249e1a-62c0-4274-812f-0019a041760e,Non-Event,Normal,condition_like,0.92,R6,amplitudo rendah + tidak ada struktur event → Non-Event,False,1.0,0.2080304192143997,low
46,1775973586.0500002,-6.8655217,109.4530138,70.954315,-78.53922548548442,7.2353265386243,-8.008772158227776,8.156258648505574,10.531018,0.19999980926513672,75.82212441393739,high_conf,1,1,0.0,0.0,0.9660661774495966,10537.572076524648,200.5423027270232,52.54538259851805,0.1,0.0,0.19999980926513672,5271.277735513301,65.07089191404805,1.5686434059125407,0.4,2.0861951683589375,0.6844733712813956,73.89972354301807,101.92693914281246,24.715640041192675,0.7250264104806371,cc249e1a-62c0-4274-812f-0019a041760e,Non-Event,Crack,condition_like,0.76,R4,spike kecil/rapat + durasi sangat singkat → Non-Event,True,1.0,0.8649999856948853,high
47,1775973592.6,-6.8645797,109.4530747,108.83105499999999,-47.424115448835096,11.097679125899262,-4.835913940931419,3.0178396697700003,9.76029,0.019999980926513672,49.0528268655855,normal,0,1,0.0,0.0,0.5334784168462863,11017.90873120081,201.32376465604116,54.72731296922368,0.0,0.0,0.019999980926513672,4905.287364605124,86.33894533592778,2.9891169769341643,0.43564356435643564,6.306953142241619,-0.5713205222067126,50.44640687478612,129.4695550545591,21.407802726695937,0.3896391430702656,cc249e1a-62c0-4274-812f-0019a041760e,Non-Event,Normal,condition_like,0.92,R6,amplitudo rendah + tidak ada struktur event → Non-Event,False,1.0,0.5409911682534864,high
48,1775973595.725,-6.8645797,109.4530747,86.4954,-39.010869782812975,8.82007617280111,-3.9780016399905143,2.118619940440298,9.76029,0.0,63.10459892994986,normal,0,3,0.0,0.0,0.1765465824840777,13073.99055042396,334.36258669656894,39.10123629707188,0.0,0.0,0.0,4540.46049492392,65.6955672803725,7.147257480604604,0.5,0.7594424001654678,-0.41698078699750984,91.81956639838245,201.41686039063046,41.12615990755603,0.4558683208766043,cc249e1a-62c0-4274-812f-0019a041760e,Non-Event,Normal,condition_like,0.92,R6,amplitudo rendah + tidak ada struktur event → Non-Event,False,1.0,0.4173209106799204,medium
49,1775973604.39,-6.8637375,109.4531423,75.1163475,50.8366140475253,7.6597357405434074,5.183891955716305,3.636723153435444,9.3108,0.059999942779541016,77.6660468088494,candidate,1,2,0.0,0.0,0.6557685759230757,12226.077502331094,300.21156237043607,40.72487203714113,0.1,0.0,0.059999942779541016,4467.191393978383,86.2112292381455,10.152872727543334,0.4752475247524752,4.830903882146653,-1.263717261806786,74.51354216394904,164.24108527277102,61.45693493371607,0.4536839341174182,cc249e1a-62c0-4274-812f-0019a041760e,Non-Event,Crack,condition_like,0.76,R4,spike kecil/rapat + durasi sangat singkat → Non-Event,True,1.0,0.6533078941804261,high
50,1775973608.2150002,-6.8628874,109.4531937,42.1418,-30.404263618269933,4.297267670407326,-3.100372055520482,2.01609637926086,9.207847,0.0,33.17784923622448,normal,0,2,0.0,0.0,0.04537282115293211,4678.083300739984,106.85484604982855,43.77979502004715,0.0,0.0,0.0,3317.7880877117345,47.447939162487216,4.7132414562485545,0.43,3.407649554587854,-1.138959338203835,44.963138221102206,47.43466967117891,14.457038157547437,0.9478960765384128,cc249e1a-62c0-4274-812f-0019a041760e,Non-Event,Normal,condition_like,0.92,R6,amplitudo rendah + tidak ada struktur event → Non-Event,False,1.0,0.19285185175751596,low
51,1775973610.62,-6.8628874,109.4531937,51.25368,33.49243775915214,5.226420847078258,3.415278179516159,1.7329526953522858,9.207847,0.019999980926513672,38.767208549257134,normal,0,2,0.0,0.0,0.5222750785838784,6420.475582919449,359.09401920112623,17.879650514156104,0.0,0.0,0.019999980926513672,3876.7245520583506,53.25656709459807,12.20789239378534,0.504950495049505,2.827657935105025,0.9088235848637719,57.77219124034751,273.95144809913904,27.370379861639634,0.21088478060738636,cc249e1a-62c0-4274-812f-0019a041760e,Non-Event,Normal,condition_like,0.92,R6,amplitudo rendah + tidak ada struktur event → Non-Event,False,1.0,0.2507808438395124,low
52,1775973612.71,-6.862887400000001,109.4531937,35.79340833333333,-33.56662429652389,3.6499118795239287,-3.4228431010104257,0.6032706367660937,9.207847,0.19999980926513672,46.675422327835406,normal,1,1,0.0,0.0,0.751202735736336,7633.195940101749,131.0644030157756,58.24003853237663,0.1,0.0,0.19999980926513672,4667.546684102934,64.60072467639392,6.994618638915526,0.43564356435643564,3.7843046907406146,-0.219525768157095,24.533551291162773,84.30271634223257,22.228135382380255,0.2910173249999424,cc249e1a-62c0-4274-812f-0019a041760e,Non-Event,Normal,condition_like,0.92,R6,amplitudo rendah + tidak ada struktur event → Non-Event,False,1.0,0.2541202131647703,low
53,1775973615.8400002,-6.8628874,109.4531937,83.88738,45.29062713181957,8.55413214502404,4.618358678225446,4.440879426296806,9.207847,0.0,72.46560939119462,candidate,0,2,0.0,0.0,0.15052406451703595,9952.35946865234,226.98247352679655,43.8463784016832,0.0,0.0,0.0,5183.5008149036175,64.84292858866209,11.650258713350372,0.42,1.337789719892239,-0.20539637916866912,41.972470677316366,157.893165168683,27.11683768079719,0.26582829197607993,cc249e1a-62c0-4274-812f-0019a041760e,Non-Event,Normal,condition_like,0.92,R6,amplitudo rendah + tidak ada struktur event → Non-Event,False,1.0,0.5907831159437105,high
54,1775973619.9424999,-6.8620682,109.4532436,88.24466,-52.41939368866169,8.998451051072486,-5.345290561880121,5.323176233767034,8.713941,0.029999971389770508,60.30130907411845,candidate,1,2,0.0,0.0,0.11404398308413202,16688.347549837497,357.71366112046445,46.65281010211316,0.1,0.0,0.029999971389770508,5965.962042558136,93.26935062967772,24.333048747883588,0.51,3.3484450493037468,-0.12263901865696278,156.49180811087808,125.53927622978703,75.68257677979923,1.2465565483895176,cc249e1a-62c0-4274-812f-0019a041760e,Non-Event,Crack,condition_like,0.76,R4,spike kecil/rapat + durasi sangat singkat → Non-Event,True,1.0,0.7314827899284855,high
55,1775973624.322,-6.8620682,109.4532436,97.4669,-91.96026866061179,9.938857815869843,-9.377337690303191,5.610379544723446,8.713941,0.06999993324279785,64.79927472748666,high_conf,1,2,0.0,0.0,0.7106744294788787,9803.263781763391,253.46858957218083,38.67644412916595,0.1,0.0,0.06999993324279785,6479.933652494962,73.25682984746626,11.529805987387775,0.48,6.826365368888,-2.1718929910688733,117.15905162068361,103.8813203354978,32.42821761599943,1.127816339978038,cc249e1a-62c0-4274-812f-0019a041760e,Non-Event,Crack,condition_like,0.76,R4,spike kecil/rapat + durasi sangat singkat → Non-Event,True,1.0,0.8422626464839915,high
56,1775973628.493333,-6.8613509,109.4533128,47.933987,-36.587574271174944,4.887906369657325,-3.73089426778512,2.000137481837186,7.970974000000001,0.019999980926513672,45.89480195467811,normal,1,3,0.0,0.0,0.3432040118600673,9655.197345568133,175.85689402762077,54.9037178442827,0.1,0.0,0.019999980926513672,4403.9625879276055,63.304286173180294,8.732996686685407,0.49,1.873622390325452,0.6469445664761104,56.20732729107082,90.35968995240022,29.289876784149765,0.622039835446978,cc249e1a-62c0-4274-812f-0019a041760e,Non-Event,Normal,condition_like,0.92,R6,amplitudo rendah + tidak ada struktur event → Non-Event,False,1.0,0.3307880613140897,medium
57,1775973640.115,-6.8605233,109.4533667,67.81803,-45.79445505202015,6.915514472322353,-4.669734828103394,2.5259374318631687,9.797223,0.039999961853027344,58.21227307232485,normal,1,2,0.0,0.0,0.5804694660475567,9941.555793637232,259.77090612724805,38.27047417887866,0.1,0.0,0.039999961853027344,5821.232858792752,70.02798288662405,8.197351558946606,0.53,2.361806006076484,0.4180755458912634,76.48704183354013,146.6987145378728,36.58514975583514,0.5213886267040537,cc249e1a-62c0-4274-812f-0019a041760e,Non-Event,Normal,condition_like,0.92,R6,amplitudo rendah + tidak ada struktur event → Non-Event,False,1.0,0.5316990459910079,high
58,1775973654.38,-6.8597,109.4534417,90.485478,-39.2474859744805,9.226950895565764,-4.002129776680161,5.745161874745675,9.759648,0.1699998378753662,55.069572145366465,candidate,1,2,0.0,0.0,0.4188118719679285,10113.367119230923,444.2272620029285,22.766200910015403,0.1,0.0,0.1699998378753662,4793.857752012626,72.34630410954279,4.187708685714108,0.5544554455445545,2.2104894011697755,0.06273749735938497,71.39134143741248,319.8847469876293,52.95117357788664,0.22317832246310584,cc249e1a-62c0-4274-812f-0019a041760e,Non-Event,Normal,condition_like,0.92,R6,amplitudo rendah + tidak ada struktur event → Non-Event,False,1.0,0.5381400906520875,high
59,1775973669.07,-6.857991,109.4534988,62.448547,-44.910124600999126,6.367979585281416,-4.5795582182497725,3.0887544509528837,7.911533,0.14999985694885254,54.034263756899165,normal,0,2,0.0,0.0,0.7215889044442467,7277.994309442656,183.56573386464203,39.64789133881285,0.0,0.0,0.14999985694885254,5403.431528803786,61.671306508857526,11.637457896934189,0.49504950495049505,6.7110281672429775,-0.9072327107527376,49.86002863563551,101.722658793009,31.983046435997494,0.49015655643583744,cc249e1a-62c0-4274-812f-0019a041760e,Non-Event,Normal,condition_like,0.92,R6,amplitudo rendah + tidak ada struktur event → Non-Event,False,1.0,0.5312564162300565,high
60,1775973674.25,-6.857991000000001,109.45349879999999,88.432212,-44.772354380489986,9.017576032590132,-4.5655095654979005,2.6508547592690896,7.911533000000001,0.1399998664855957,39.79134201780046,normal,1,2,0.0,0.0,0.830721922785218,11931.708844750838,164.41302745421808,72.57155322136349,0.1,0.0,0.1399998664855957,3979.1379965817546,85.08463042627066,6.487174965525886,0.44554455445544555,3.8436902245767985,0.5579098821914154,45.331032366193355,84.99209295851838,34.089902129506356,0.5333558717628233,cc249e1a-62c0-4274-812f-0019a041760e,Non-Event,Normal,condition_like,0.92,R6,amplitudo rendah + tidak ada struktur event → Non-Event,False,1.0,0.466326056846076,medium
61,1775973684.1,-6.8573771,109.4534602,68.572754,-38.6850966766567,6.992474902234709,-3.944782028180541,3.311774069348066,7.2651057,0.059999942779541016,57.37635166631375,normal,1,1,0.0,0.0,0.6612041122359034,14251.447047937363,270.2790238223292,52.72864609936234,0.1,0.0,0.059999942779541016,5737.640638471888,76.8305475364583,10.389988659874627,0.5247524752475248,1.6064071352004667,0.18165742518803754,62.093991478994774,163.7812867648293,44.40374557850515,0.3791275079492259,cc249e1a-62c0-4274-812f-0019a041760e,Non-Event,Normal,condition_like,0.92,R6,amplitudo rendah + tidak ada struktur event → Non-Event,False,1.0,0.4478642744681948,medium
62,1775973687.5,-6.8573771,109.4534602,63.51609,-30.379676118865355,6.476838675796526,-3.0978648283425385,3.7233379033679244,7.2651057,0.06999993324279785,25.149780754746565,normal,1,1,0.0,0.0,0.7546914062223077,3822.1355430112894,174.8581754531264,21.858489094079484,0.1,0.0,0.06999993324279785,2514.980473946941,49.55984121665169,5.444204143804746,0.39603960396039606,6.001214827786313,0.8996102486639243,57.796664432884306,100.6489063412599,16.412604678982227,0.5742403564990437,cc249e1a-62c0-4274-812f-0019a041760e,Non-Event,Normal,condition_like,0.92,R6,amplitudo rendah + tidak ada struktur event → Non-Event,False,1.0,0.22787358520600998,low
63,1775973695.835,-6.8566759,109.4534206,72.04518300000001,-34.85671716833107,7.346564117206182,-3.55439596277333,4.294353845354565,7.029169,0.0,45.40710367992891,candidate,0,1,0.0,0.0,0.3092858257916226,10508.066284390456,276.21015225219026,38.04373648348906,0.0,0.0,0.0,4540.714698355877,58.42439618121126,12.750484325362525,0.43,1.0332120069387205,-0.7187802344986063,76.03817169498343,168.9620927483138,31.209887808892983,0.45003095077793015,cc249e1a-62c0-4274-812f-0019a041760e,Non-Event,Normal,condition_like,0.92,R6,amplitudo rendah + tidak ada struktur event → Non-Event,False,1.0,0.37766153486091475,medium
64,1775973702.86,-6.8560238,109.4533981,61.17487,-41.36030106962012,6.238100676581707,-4.217576957433999,2.471948261619769,6.6951985,0.019999980926513672,42.57823021645147,normal,0,3,0.0,0.0,0.8896148099771475,7292.166121155893,140.34671561680855,51.95822386829212,0.0,0.0,0.019999980926513672,4257.827082225479,63.98072415623144,3.569611026818764,0.3465346534653465,4.555121890025319,-1.965083565683277,22.796675525006183,96.45353555013479,21.096504541667564,0.23634877828618434,cc249e1a-62c0-4274-812f-0019a041760e,Non-Event,Maneuver,condition_like,0.88,R5,gyro dominan + asimetri tinggi → maneuver (Non-Event),False,1.0,0.40846225162675226,medium
65,1775973717.17,-6.8555021,109.4533306,88.831685,38.34407922778109,9.058310942064823,3.9100079260278577,5.223244689597944,5.874274,0.0,53.86470513175504,candidate,0,3,0.0,0.0,0.5352567809788774,13899.006416926768,521.2061573154109,26.667003440346353,0.0,0.0,0.0,5386.475650118988,73.22360214954841,6.1154611731216315,0.45544554455445546,1.0630979921315307,0.002281130716963917,119.91537640548512,314.2518548786594,87.03892603126624,0.3815900341151445,cc249e1a-62c0-4274-812f-0019a041760e,Non-Event,Normal,condition_like,0.92,R6,amplitudo rendah + tidak ada struktur event → Non-Event,False,1.0,0.4901583623299603,medium
66,1775973721.1033332,-6.8548736,109.4533174,93.28067,56.791169672781464,9.511981155644385,5.791087646931569,4.06894021829762,5.813676400000001,0.12999987602233887,56.080494666070756,candidate,1,2,0.0,0.0,0.7047110163821444,12529.94974371118,277.27087919041264,45.19028372220833,0.1,0.0,0.12999987602233887,5608.054814864918,106.71028756321653,5.82804040286015,0.32,10.131929601166057,-1.7173140986874305,70.25450120588478,179.56895566147782,27.44742232305006,0.3912396803548182,cc249e1a-62c0-4274-812f-0019a041760e,Non-Event,Crack,condition_like,0.76,R4,spike kecil/rapat + durasi sangat singkat → Non-Event,True,1.0,0.7509794605715673,high
67,1775973729.36,-6.8542402,109.4532952,25.1334815,-30.458588644490447,2.562901857413082,-3.105911666521233,1.6846446634309862,6.7719517,0.1699998378753662,23.972368636751042,normal,2,1,0.15999984741210938,0.0,0.5937700136671387,5111.544610671214,74.64130737199619,68.48144441944102,0.15999984741210938,0.9696598733039673,0.1699998378753662,2397.2391498605116,49.55677366183033,1.2920017526631384,0.39603960396039606,3.798432137139363,0.7916113590561397,23.117186520345857,39.439105270488696,12.085015581161633,0.586148843277513,cc249e1a-62c0-4274-812f-0019a041760e,Non-Event,Non-Event,ambiguous,0.4,R9,fallback,True,1.0,0.16469945538904046,low
68,1775973732.605,-6.8542402,109.4532952,83.5189475,-57.693617628951486,8.516562485660241,-5.883111728159105,3.68256581816113,6.7719517,0.029999971389770508,61.842400010989785,candidate,1,1,0.0,0.0,0.7670767338057062,16205.939981638636,283.1688582815237,57.230657434428025,0.1,0.0,0.029999971389770508,6184.245898855458,88.86752346491767,4.340246995260543,0.5,3.3593515995583143,-1.1179456362936042,47.33374944418405,176.54666501226055,59.28844382507901,0.2681089964105971,cc249e1a-62c0-4274-812f-0019a041760e,Non-Event,Crack,condition_like,0.76,R4,spike kecil/rapat + durasi sangat singkat → Non-Event,True,1.0,0.7574689510168029,high
69,1775973758.22,-6.8533347,109.4532179,64.62534,33.205771159885956,6.589950696721102,3.3860463216170618,2.4613832446474584,5.35019,0.06999993324279785,49.622802665677014,normal,0,1,0.0,0.0,0.6432325986117321,5623.496598846981,81.39655576191818,69.08764722438437,0.0,0.0,0.06999993324279785,3425.722273208005,46.24140382355986,0.8202760161540432,0.27722772277227725,3.284360442662762,1.1633742448726019,23.688702949198415,45.041216734013034,12.666636078706725,0.5259338921316465,cc249e1a-62c0-4274-812f-0019a041760e,Non-Event,Normal,condition_like,0.92,R6,amplitudo rendah + tidak ada struktur event → Non-Event,False,1.0,0.31061239360960774,medium
70,1775973761.7385716,-6.8529233,109.4531869,91.82849,47.45988041038899,9.363900006628157,4.839560952046723,9.175946760829985,3.372397200000001,0.0,22.702653970148823,high_conf,0,1,0.0,0.0,0.677533799951725,6562.029991560771,114.96022340422405,57.08087319390844,0.0,0.0,0.0,2784.4044688730464,44.74274072960978,1.5001833413018946,0.34,2.8147972305733022,-0.30752438492195916,30.89952626009007,64.84345782669301,19.21723931744094,0.4765249543932438,cc249e1a-62c0-4274-812f-0019a041760e,Non-Event,Normal,condition_like,0.92,R6,amplitudo rendah + tidak ada struktur event → Non-Event,False,1.0,0.5516096560408378,high
71,1775973843.03,-6.8465309,109.4531269,48.57531,40.320494309190806,4.953303115742889,4.111546176236616,1.176799001529148,9.306911,0.039999961853027344,46.30745343949536,normal,0,2,0.0,0.0,0.6050865267420958,9558.958365139324,218.43478190117247,43.761154877353626,0.0,0.0,0.039999961853027344,4630.749760176648,72.97936466741137,11.357506760523219,0.49504950495049505,3.478689074190993,0.15690323511142232,31.2726861086767,154.69092114640392,32.47117464609181,0.20216238726070387,cc249e1a-62c0-4274-812f-0019a041760e,Non-Event,Normal,condition_like,0.92,R6,amplitudo rendah + tidak ada struktur event → Non-Event,False,1.0,0.3633167350904256,medium
72,1775973846.84,-6.8465309,109.4531269,40.277781000000004,30.088254063592885,4.107190630847436,3.0681480488844697,1.3003005509845118,9.306911,0.029999971389770508,23.640567063220253,normal,0,2,0.0,0.0,0.8140716039016727,5149.7643398313985,147.03697895874328,35.02359978609706,0.0,0.0,0.029999971389770508,2936.250272687536,50.86889115955998,3.6627824545286485,0.36633663366336633,2.589260905987219,0.8267564733102946,56.67938129041742,43.67331044695849,46.68428722136734,1.2978036107762263,cc249e1a-62c0-4274-812f-0019a041760e,Non-Event,Normal,condition_like,0.92,R6,amplitudo rendah + tidak ada struktur event → Non-Event,False,1.0,0.13461744709712115,low
73,1775973865.87,-6.8453433,109.4529475,69.333755,-42.59752434187265,7.07007540801395,-4.34373862041295,1.406969581449791,7.146892,0.0,46.63306010712233,normal,0,2,0.0,0.0,0.030216619377914374,8844.559063252256,216.55597542216165,40.8419070642981,0.0,0.0,0.0,4663.310457991646,52.527249324779426,6.023623812560492,0.43564356435643564,1.0057766353880817,-0.6147838290102314,41.37774182209086,151.2455770539198,23.932656546151016,0.27357984513993194,cc249e1a-62c0-4274-812f-0019a041760e,Non-Event,Normal,condition_like,0.92,R6,amplitudo rendah + tidak ada struktur event → Non-Event,False,1.0,0.4039033128006766,medium
74,1775973870.02,-6.8446046,109.4528489,106.92926,-80.38415523650197,10.903750006373228,-8.19690263611957,5.016582453911854,8.01516,0.09999990463256836,69.50797581393607,high_conf,1,2,0.0,0.0,0.3238829688056415,15959.045123899865,227.84243602640979,70.04421710100482,0.1,0.0,0.09999990463256836,6283.102662795509,107.91440490440412,15.612060192533551,0.46534653465346537,14.778512439812467,1.1547025681047627,58.453340809214964,140.0383127720906,29.350782445104244,0.4174096305125935,cc249e1a-62c0-4274-812f-0019a041760e,Pothole,Pothole,event,0.95,R1,impulse tajam + durasi pendek + accel dominan,False,1.0,0.8247194079778377,high
75,1775973872.73,-6.8446046,109.4528489,82.31608800000001,-33.499714564861094,8.39390495225179,-3.41602020719217,4.370870225057805,8.01516,0.0,45.33713197543777,candidate,0,2,0.0,0.0,0.2537305840490406,8709.860244084719,245.9403006747094,35.414530212314425,0.0,0.0,0.0,4533.717521233735,66.35761899678504,8.821088858817754,0.6039603960396039,2.906194304507003,-0.18287418380427303,48.97345965273229,172.49677717393732,24.47006384803976,0.28390941657675395,cc249e1a-62c0-4274-812f-0019a041760e,Non-Event,Normal,condition_like,0.92,R6,amplitudo rendah + tidak ada struktur event → Non-Event,False,1.0,0.35922247849887823,medium
76,1775973878.92,-6.8446046,109.4528489,55.79982,-34.27181258334081,5.689998113525006,-3.4947522939373603,3.4092471342856636,8.01516,0.1699998378753662,36.614051380677196,normal,1,3,0.0,0.0,0.45453880018852133,6554.488019064342,145.78081706480847,44.96125146005472,0.1,0.0,0.1699998378753662,3274.151229869729,62.27957532306243,3.1455568381161974,0.46534653465346537,4.172988963085401,0.255758096065902,29.77043842187053,88.81837077705651,27.192007865881425,0.3351833390573458,cc249e1a-62c0-4274-812f-0019a041760e,Non-Event,Normal,condition_like,0.92,R6,amplitudo rendah + tidak ada struktur event → Non-Event,False,1.0,0.3226512410097026,medium
77,1775973893.14,-6.8430717,109.452545,43.79155,32.681423549905944,4.46549535264336,3.332577745703777,0.9227327396109882,8.955137,0.019999980926513672,40.79126654845328,normal,0,2,0.0,0.0,0.327707943096828,7234.533287314692,139.50214457681844,51.85965604615675,0.0,0.0,0.019999980926513672,3052.628643760187,58.33806848193926,3.516772072409011,0.4158415841584158,2.2814146848137735,0.12938171706624002,33.72778368424339,85.68096805044057,20.09339284213452,0.3936438168012289,cc249e1a-62c0-4274-812f-0019a041760e,Non-Event,Normal,condition_like,0.92,R6,amplitudo rendah + tidak ada struktur event → Non-Event,False,1.0,0.21811530690693226,low
78,1775973921.52,-6.8407533,109.4519967,64.26779,38.998185289763725,6.553490743526077,3.9767081816689416,3.6422574976328215,10.214148,0.1099998950958252,43.26980666984085,normal,1,1,0.0,0.0,0.35320093255518836,8620.944248064498,250.4028346950908,34.428301197682934,0.1,0.0,0.1099998950958252,4326.98479351835,70.83150885708078,25.95634792603402,0.5247524752475248,3.672037711175471,-0.7711677276977508,74.34848411751567,138.69621439050985,37.35813618706521,0.5360527243528729,cc249e1a-62c0-4274-812f-0019a041760e,Non-Event,Normal,condition_like,0.92,R6,amplitudo rendah + tidak ada struktur event → Non-Event,False,1.0,0.420397491536425,medium
79,1775973928.26,-6.8407533,109.4519967,47.20638,-35.673534609288055,4.813711104199702,-3.6376881615320276,2.315714078583537,10.214148,0.14999985694885254,42.414286711186236,normal,1,2,0.0,0.0,0.6574278537324278,9595.167885346755,164.05035244566912,58.48916313688115,0.1,0.0,0.14999985694885254,4000.6149423805723,67.92186546781598,4.001836262865512,0.5445544554455446,1.912666368806308,-0.9460352397141225,54.408573496702886,77.18311599581368,32.458662953152555,0.7049284301339365,cc249e1a-62c0-4274-812f-0019a041760e,Non-Event,Normal,condition_like,0.92,R6,amplitudo rendah + tidak ada struktur event → Non-Event,False,1.0,0.3254746384910401,medium
80,1775973930.93,-6.8398917,109.451725,87.40962,-45.561479584913286,8.913300668423979,-4.645977941999897,1.3753762104079923,8.4213705,0.039999961853027344,65.65910598754007,normal,0,2,0.0,0.0,0.608378396410715,11709.442600922639,229.2987764589201,51.06631064799479,0.0,0.0,0.039999961853027344,3673.570315152274,72.05982703210009,2.7426479970014004,0.44554455445544555,4.438094570415527,-1.4026338959885989,75.25327025787915,123.89661617930267,30.14889002173831,0.6073876105024961,cc249e1a-62c0-4274-812f-0019a041760e,Non-Event,Normal,condition_like,0.92,R6,amplitudo rendah + tidak ada struktur event → Non-Event,False,1.0,0.495742562119228,medium
81,1775973934.0466669,-6.8398917,109.451725,75.55512,-48.10899760127874,7.704478083749294,-4.905752484414019,2.8969976938688182,8.4213705,0.0,34.419718222246864,normal,0,1,0.0,0.0,0.5621703347729472,7255.694162408173,163.39024220014912,44.40714463910873,0.0,0.0,0.0,3441.9751047479417,57.4982565685428,9.245085489413615,0.47,1.726400971238947,1.220916179432844,61.242155136129256,85.10840623837215,17.039680825647693,0.7195782076452429,cc249e1a-62c0-4274-812f-0019a041760e,Non-Event,Normal,condition_like,0.92,R6,amplitudo rendah + tidak ada struktur event → Non-Event,False,1.0,0.49716185653188627,medium
82,1775973938.0600002,-6.8398917,109.451725,81.31573,-54.060380945456394,8.291896825113572,-5.512624692984495,3.1108304745402187,8.4213705,0.059999942779541016,59.206853647449535,candidate,1,0,0.0,0.0,0.7614244846355606,16037.898993848743,205.25301340615357,78.13721537902987,0.1,0.0,0.059999942779541016,5920.691011155906,70.58531402151438,29.390288417060674,0.51,0.9193143868607887,-0.9223818136328384,65.46313855516671,110.97940855903167,28.810466291955212,0.5898674250951557,cc249e1a-62c0-4274-812f-0019a041760e,Non-Event,Crack,condition_like,0.76,R4,spike kecil/rapat + durasi sangat singkat → Non-Event,True,1.0,0.6824442276323123,high
83,1775973945.18,-6.8391333,109.4515,35.510265,-32.50830663172735,3.621039294764267,-3.3149247328830285,1.5914933446098667,9.017419,0.06999993324279785,38.10979606891654,normal,1,2,0.0,0.0,0.40644669990603244,6443.19442053359,203.13526766509762,31.718738271669956,0.1,0.0,0.06999993324279785,3810.983241328491,48.22326769833973,32.97599296491661,0.5445544554455446,1.3180553491189606,-0.2384454256249567,53.20156570404425,110.9452340807444,38.98846788030895,0.4795299740932983,cc249e1a-62c0-4274-812f-0019a041760e,Non-Event,Normal,condition_like,0.92,R6,amplitudo rendah + tidak ada struktur event → Non-Event,False,1.0,0.23257113664238144,low
84,1775973977.7133331,-6.837215,109.45062,75.60721,-50.61978354784317,7.709789785502695,-5.161781398116908,5.207144349758344,3.4661395999999995,0.0,42.39225301494211,candidate,0,3,0.0,0.0,0.28331074973235265,16288.763268508483,333.3724139688262,48.860561153602504,0.0,0.0,0.0,5229.893934902409,70.55558881113748,16.338492047272233,0.46,1.169450451166406,-0.7910609233552058,88.54083608616364,200.41240324640498,44.41917463625751,0.44179319348568663,cc249e1a-62c0-4274-812f-0019a041760e,Non-Event,Normal,condition_like,0.92,R6,amplitudo rendah + tidak ada struktur event → Non-Event,False,1.0,0.6391461980926214,high
85,1775973982.27,-6.8374517,109.45016,53.20377,34.84489846680748,5.4252746860548715,3.553190790617334,1.2987058574668668,6.5472665,0.08999991416931152,60.72255771106506,normal,1,2,0.0,0.0,0.5601517501245469,7342.117067467126,114.52863087567832,64.10726250041168,0.1,0.0,0.08999991416931152,6072.2615620664,60.72255771106506,55.249211155158996,0.44554455445544555,3.1844227554213242,0.6893517510421339,36.45202173977633,58.762286153108164,19.31432298279384,0.6203302067667773,cc249e1a-62c0-4274-812f-0019a041760e,Non-Event,Normal,condition_like,0.92,R6,amplitudo rendah + tidak ada struktur event → Non-Event,False,1.0,0.33301880740419404,medium
86,1775973985.02,-6.8374517,109.45016,48.20874,-38.91003776468023,4.915923378523757,-3.96771963562279,2.754025669389494,6.5472665,0.029999971389770508,52.38967346749857,normal,0,2,0.0,0.0,0.4699686102603477,8812.767977380627,275.7380551737734,31.960651712967458,0.0,0.0,0.029999971389770508,4377.2732644429425,62.09928628833776,18.441356088321402,0.40594059405940597,2.5246518633919575,-0.7363181809889656,55.5632895539278,186.72230469211482,33.45246092773081,0.29757178366009335,cc249e1a-62c0-4274-812f-0019a041760e,Non-Event,Normal,condition_like,0.92,R6,amplitudo rendah + tidak ada struktur event → Non-Event,False,1.0,0.4138410437356297,medium
87,1775973988.51,-6.8374517,109.45016,62.849841,-49.495950136246876,6.408900185078493,-5.047182283067804,1.1646024429633703,6.5472665,0.07999992370605469,50.88325772251187,candidate,1,3,0.0,0.0,0.41370935216187443,5583.025394755369,163.59526473408135,34.127059665836484,0.1,0.0,0.07999992370605469,3509.1624179641153,48.189655623546315,5.8893406614167345,0.4752475247524752,2.10461987076289,0.48772268037705535,61.30049099777874,82.08973170657536,20.20504202972727,0.7467497941172927,cc249e1a-62c0-4274-812f-0019a041760e,Non-Event,Crack,condition_like,0.76,R4,spike kecil/rapat + durasi sangat singkat → Non-Event,True,1.0,0.5215082772452766,high
88,1775973989.96,-6.8377,109.4496917,65.67403,31.856627423047755,6.696887316259885,3.2484719474079076,2.0170155213098906,6.0232797,0.019999980926513672,32.79988582999504,normal,0,2,0.0,0.0,0.17241544087155172,7470.199469047786,161.89560547761386,46.142076561421256,0.0,0.0,0.019999980926513672,3495.6840580238427,50.47169561807708,11.747484432792566,0.4158415841584158,1.4795076337782866,1.0192377820184715,63.33160424365933,67.33238369314519,31.23161754080934,0.9405816314434923,cc249e1a-62c0-4274-812f-0019a041760e,Non-Event,Normal,condition_like,0.92,R6,amplitudo rendah + tidak ada struktur event → Non-Event,False,1.0,0.2153375941576545,low
89,1775973994.5166667,-6.8377,109.4496917,78.99173,-66.40210834360256,8.054914777217501,-6.77113064538885,5.430962847645019,6.0232797,0.07999992370605469,68.00038000735697,candidate,1,2,0.0,0.0,0.8353237514157048,23455.994364671264,342.428202031139,68.49901426646879,0.1,0.0,0.07999992370605469,6800.044485763473,104.4153434135134,15.873537934141108,0.45,3.2012224422488442,-1.4592728585646664,93.18164835797569,204.43890330935923,44.80765036380402,0.455792153028624,cc249e1a-62c0-4274-812f-0019a041760e,Non-Event,Crack,condition_like,0.76,R4,spike kecil/rapat + durasi sangat singkat → Non-Event,True,1.0,0.8370320891994547,high
90,1775974001.1625,-6.8379683,109.44918,74.22207499999999,47.59881148262668,7.568545323836376,4.853727978731441,4.636430446171657,6.348069,0.0,36.3377924256389,candidate,0,3,0.0,0.0,0.6961574914998867,21211.35105039506,433.8903098079231,48.886436322808365,0.0,0.0,0.0,6970.487865948889,83.88172622385343,0.6219710182080387,0.27,0.6196770668303113,-0.7385668141114339,30.242245777326296,375.25510574936897,28.392958281227756,0.08059116380666591,cc249e1a-62c0-4274-812f-0019a041760e,Non-Event,Maneuver,condition_like,0.88,R5,gyro dominan + asimetri tinggi → maneuver (Non-Event),False,1.0,0.553732853100901,high
91,1775974004.41,-6.8379683,109.44918,52.941763,33.25411057354933,5.3985574074735005,3.3909755700009008,1.4038564622919074,6.348069,0.059999942779541016,44.208395970833514,normal,1,3,0.0,0.0,0.044376750950010445,16649.00871260876,327.2570942788787,50.87440105285104,0.1,0.0,0.059999942779541016,4420.843813128553,62.82456092952528,10.742211800161511,0.44554455445544555,-0.3622938880811688,0.3703472719804983,78.16142088903669,209.82026816451707,39.2754052253249,0.3725160643452966,cc249e1a-62c0-4274-812f-0019a041760e,Non-Event,Normal,condition_like,0.92,R6,amplitudo rendah + tidak ada struktur event → Non-Event,False,1.0,0.25730286652110934,low
92,1775974007.74,-6.8379683,109.44918,88.944885,-58.472908384584585,9.069854129595734,-5.962577269973394,4.715145172274678,6.348069,0.039999961853027344,77.72580980820999,candidate,1,2,0.0,0.0,0.5827408420826629,13566.280995899222,305.57569434062566,44.39581158696823,0.1,0.0,0.039999961853027344,7772.588393338921,77.72580980820999,10.478231677987413,0.504950495049505,2.2768163443092178,-1.0791029747941805,43.344295412102866,202.34969394973194,59.88170497879082,0.21420489624592975,cc249e1a-62c0-4274-812f-0019a041760e,Non-Event,Crack,condition_like,0.76,R4,spike kecil/rapat + durasi sangat singkat → Non-Event,True,1.0,0.8045580933774755,high
93,1775974010.4250002,-6.8382233,109.448705,85.50859,-57.07398255518429,8.719449557188234,-5.819926535074086,4.927038814256236,6.9307346,0.11999988555908203,31.232820057259907,candidate,2,2,0.43000006675720215,0.0,0.7222608593970795,7681.286680951281,173.53905475512218,44.262581973421625,0.43000006675720215,0.7937725221050748,0.11999988555908203,6036.882577926722,64.01432720834006,6.250088206809479,0.44,8.148755646326563,-2.212198325406253,40.80980296409678,116.40975041868168,16.319501372343755,0.3505703127680379,cc249e1a-62c0-4274-812f-0019a041760e,Non-Event,Non-Event,ambiguous,0.4,R9,fallback,True,1.0,0.700332999010785,high
94,1775974013.57,-6.8382233,109.448705,82.69414499999999,-36.309211103199026,8.432456037484767,-3.7025091242370256,1.0818246072896938,6.9307346,0.0,44.06556715489465,normal,0,3,0.0,0.0,0.4827807251849747,6348.275397758214,259.765941935373,24.438443800685594,0.0,0.0,0.0,2915.2309388505364,53.10079431531621,2.2953352900803496,0.42574257425742573,1.9608679745239117,0.5343154206080518,42.25417307688499,194.62160081377442,22.89016804471358,0.21710936855465976,cc249e1a-62c0-4274-812f-0019a041760e,Non-Event,Normal,condition_like,0.92,R6,amplitudo rendah + tidak ada struktur event → Non-Event,False,1.0,0.2883224127281925,low
95,1775974016.22,-6.8382233,109.448705,43.9534375,29.760886688642344,4.482003283486206,3.0347658669007607,1.6770586678793657,6.9307346,0.029999971389770508,40.47393518418798,normal,0,3,0.0,0.0,0.7237381748758631,6977.5995848669945,123.9136602122678,56.31017207145674,0.0,0.0,0.029999971389770508,4047.3973783177257,43.94385809744982,3.584450610756304,0.46534653465346537,1.09827725567152,1.1893350726248801,26.484808342932048,85.09865451831563,12.330197351020132,0.3112247565090117,cc249e1a-62c0-4274-812f-0019a041760e,Non-Event,Maneuver,condition_like,0.88,R5,gyro dominan + asimetri tinggi → maneuver (Non-Event),False,1.0,0.19827995076595237,low
96,1775974019.18,-6.8382233,109.448705,48.7362015,-34.12625925673549,4.969709482850923,-3.479909985238128,2.3941731851909758,6.9307346,0.029999971389770508,48.42990463531963,normal,0,2,0.0,0.0,0.698607828723348,10504.67584083695,223.52074476611196,46.996424447459795,0.0,0.0,0.029999971389770508,4842.995082171988,57.43117649354505,12.524025557249388,0.46534653465346537,0.9818419463650963,-1.1331577611478236,49.27569264219624,146.34989051594783,27.895161607967854,0.3366978419442603,cc249e1a-62c0-4274-812f-0019a041760e,Non-Event,Normal,condition_like,0.92,R6,amplitudo rendah + tidak ada struktur event → Non-Event,False,1.0,0.31547528393071667,medium
97,1775974019.93,-6.83849,109.4482283,67.94446,30.20209156481882,6.928406744403033,3.079756243448968,6.323322133973565,6.7464643,0.009999990463256836,43.56036216387937,candidate,0,3,0.0,0.0,0.09821005540993948,14665.041811773293,409.042800304283,35.85209607652797,0.0,0.0,0.009999990463256836,4842.995082171988,64.32835082155431,5.071726227787461,0.40594059405940597,-0.19549579184688692,0.6084878946265704,81.82437671129978,264.5045695151009,62.713854077882374,0.30934957589562073,cc249e1a-62c0-4274-812f-0019a041760e,Non-Event,Normal,condition_like,0.92,R6,amplitudo rendah + tidak ada struktur event → Non-Event,False,1.0,0.35791464301502074,medium
98,1775974025.1933334,-6.83849,109.4482283,91.25045,46.533302898348424,9.30495633065318,4.745076340885871,4.824021335889572,6.7464643,0.0,92.83596347798927,candidate,0,3,0.0,0.0,0.530981297586975,13297.488344887504,331.5702022524543,40.104593882228095,0.0,0.0,0.0,4187.167477180082,59.71328216270281,16.43430169844329,0.45,-0.05132478809049301,0.29482255362100407,70.90000761610648,235.76177779230807,24.908416844039742,0.30072731881856524,cc249e1a-62c0-4274-812f-0019a041760e,Non-Event,Normal,condition_like,0.92,R6,amplitudo rendah + tidak ada struktur event → Non-Event,False,1.0,0.6225621623291997,high
99,1775974029.63,-6.83849,109.4482283,55.628541999999996,33.24921106138715,5.6725326181723625,3.390475958802155,1.6788788227720612,6.7464643,0.09999990463256836,43.14445531021883,normal,1,2,0.0,0.0,0.0640344674220024,7491.7152030349525,162.45099047510024,46.11677118747071,0.1,0.0,0.09999990463256836,4314.4496456017,63.985792815873154,9.94303805900119,0.48514851485148514,3.6699429671113926,1.0219457168768813,38.94721228181458,102.30191036413724,21.201867829148437,0.3807085494540216,cc249e1a-62c0-4274-812f-0019a041760e,Non-Event,Normal,condition_like,0.92,R6,amplitudo rendah + tidak ada struktur event → Non-Event,False,1.0,0.265848865127564,low
100,1775974034.1039999,-6.8387717,109.4476917,99.39769,-114.92571173390888,10.13574360255541,-11.719161154309463,8.117005082050353,6.8344816999999995,0.1399998664855957,65.38579912713745,high_conf,1,3,0.0,0.0,0.8680833196538196,10724.347638932071,382.0485384749328,28.07064163540854,0.1,0.0,0.1399998664855957,5211.057539738106,69.98656248683281,48.6615917938788,0.49,3.400406464775962,1.104150982660065,99.66576451076602,231.663151154706,50.71962280946073,0.43021845979290074,cc249e1a-62c0-4274-812f-0019a041760e,Non-Event,Maneuver,condition_like,0.88,R5,gyro dominan + asimetri tinggi → maneuver (Non-Event),False,1.0,0.8604999899864197,high
101,1775974045.1676471,-6.83905,109.4471567,68.77091,-46.228218465497946,7.012681190824594,-4.7139663866353905,5.345527133632963,6.624475,0.0,61.08509932323379,candidate,0,3,0.0,0.0,0.12079708202929641,14436.91170113886,313.90122876482695,45.99189277453584,0.0,0.0,0.0,4563.575042071825,78.80013500184407,22.176689303455145,0.47,1.3720363149284358,-0.6357640388265601,80.8799160971263,202.0793980182962,30.941914649404552,0.4002383047952526,cc249e1a-62c0-4274-812f-0019a041760e,Non-Event,Normal,condition_like,0.92,R6,amplitudo rendah + tidak ada struktur event → Non-Event,False,1.0,0.6352791957830741,high
102,1775974051.2671428,-6.839335,109.4466483,87.896905,-66.37845006091489,8.962989909908073,-6.768718171946066,4.38944752037842,6.366599,0.0,72.3133874791844,candidate,0,2,0.0,0.0,0.06540264230031961,14669.009875833319,390.26646821676627,37.58716424004567,0.0,0.0,0.0,4992.064980970114,79.97485331079658,59.19665491382858,0.49,1.9985217789333012,0.11593310415468225,103.20631903710192,207.090670660785,79.96947851887926,0.49836295478414455,cc249e1a-62c0-4274-812f-0019a041760e,Non-Event,Non-Event,ambiguous,0.4,R9,fallback,True,1.0,0.7963149173459474,high
103,1775974056.6144445,-6.839335,109.4466483,93.893295,71.86547468102833,9.574451520141945,7.32823896855994,7.994606182202099,6.366599,0.0,46.1348318758987,candidate,0,2,0.0,0.0,0.038499522800494033,21429.998880989955,629.0451844629652,34.06750321953086,0.0,0.0,0.0,5731.076941244013,74.97183551751499,4.792324393911815,0.46,-0.31691257572251574,-0.11486679056459023,104.35007628327855,439.3438096754461,85.3512985042405,0.23751347748099833,cc249e1a-62c0-4274-812f-0019a041760e,Non-Event,Non-Event,ambiguous,0.4,R9,fallback,True,1.0,0.8037827729196624,high
104,1775974063.609286,-6.8396,109.4461267,86.25533999999999,-62.88194861323342,8.79559686539236,-6.412174250455907,4.917172052144339,5.374214600000001,0.019999980926513672,68.23638984693919,candidate,1,2,0.0,0.0,0.03597433895660552,19216.785016742033,538.0712833455052,35.714199169942304,0.1,0.0,0.019999980926513672,6308.028004778882,88.86949475365353,12.094147280774568,0.42,0.6598170747714986,-0.02421956261531823,177.18824449469082,271.1257522381711,89.75728661264351,0.6535279012725853,cc249e1a-62c0-4274-812f-0019a041760e,Non-Event,Crack,condition_like,0.76,R4,spike kecil/rapat + durasi sangat singkat → Non-Event,True,1.0,0.8154057336409666,high
105,1775974074.05,-6.8398433,109.4456483,84.88028,-66.76504450619657,8.655379767810619,-6.808139834316161,8.908782802517344,6.050045,0.04999995231628418,56.297834182393096,high_conf,1,3,0.0,0.0,0.9999999994370654,13983.026854483931,466.7533949834846,29.958061312056742,0.1,0.0,0.04999995231628418,5263.054604342046,93.59459452518753,3.9256206439918326,0.4158415841584158,8.522892393935146,0.17952510868360297,229.17322693439343,169.69319148496794,67.88697656412324,1.350515147828894,cc249e1a-62c0-4274-812f-0019a041760e,Non-Event,Maneuver,condition_like,0.88,R5,gyro dominan + asimetri tinggi → maneuver (Non-Event),False,1.0,0.841409443698365,high
106,1775974076.68,-6.8398433,109.4456483,86.2226,40.68718497580376,8.792258314511072,4.148938218025907,4.4954563909713325,6.050045,0.019999980926513672,40.72583424671835,candidate,1,1,0.0,0.0,0.6195243682282126,7729.386658055487,254.5804167132682,30.361277302801156,0.1,0.0,0.019999980926513672,4003.090614659578,59.4802508143405,10.509720611524987,0.4158415841584158,3.4182077931865003,1.2661693860363292,117.33236121854789,99.54372614464998,37.70432935007034,1.1787017081252011,cc249e1a-62c0-4274-812f-0019a041760e,Non-Event,Normal,condition_like,0.92,R6,amplitudo rendah + tidak ada struktur event → Non-Event,False,1.0,0.4594420584614801,medium
107,1775974079.28,-6.8398433,109.4456483,63.062843,-32.83676609808459,6.430620344358165,-3.348418277198084,3.5138215715985424,6.050045,0.08999991416931152,40.244323545190795,normal,1,4,0.0,0.0,0.23652085870553527,8957.958611867733,357.22095111140607,25.0768006717423,0.1,0.0,0.08999991416931152,3772.546457511674,59.287763689533435,7.191420550846013,0.4158415841584158,1.0392988571375845,0.5986348907658479,167.054182007771,123.08410727881322,67.08266182482191,1.3572359936942928,cc249e1a-62c0-4274-812f-0019a041760e,Non-Event,Normal,condition_like,0.92,R6,amplitudo rendah + tidak ada struktur event → Non-Event,False,1.0,0.31028786601299835,medium
108,1775974083.42,-6.8400767,109.4451717,44.278175000000005,-36.93264074137035,4.515117292857399,-3.7660812552064518,2.5708910808081704,5.0020704,0.12999987602233887,42.20424182557842,normal,2,2,0.309999942779541,0.0,0.48790032507708164,4815.218291098838,381.735067745023,12.614031786309697,0.309999942779541,0.7579997399802122,0.12999987602233887,4054.261996363776,50.75584060702663,2.896674054203846,0.33663366336633666,6.480949817545223,-0.3949793712165048,229.83300226061704,113.19472496175568,38.707340522650284,2.0304214733314443,cc249e1a-62c0-4274-812f-0019a041760e,Non-Event,Non-Event,ambiguous,0.4,R9,fallback,True,1.0,0.35103935442817696,medium
109,1775974086.1950002,-6.8400767,109.4451717,67.87781,30.961875696904148,6.921610335843535,3.157232663234045,3.43186393927411,5.0020704,0.0,51.858562924458326,normal,0,1,0.0,0.0,0.19974729627349821,9965.017325759043,535.4945704318883,18.60899784495114,0.0,0.0,0.0,3976.481523023947,55.06049790669702,10.903635642848155,0.43,0.9323913509831905,0.26727317772198994,292.671079847193,188.83578073037557,53.987709854319704,1.5498708833957966,cc249e1a-62c0-4274-812f-0019a041760e,Non-Event,Normal,condition_like,0.92,R6,amplitudo rendah + tidak ada struktur event → Non-Event,False,1.0,0.31084224054243814,medium
110,1776325461.7649999,-6.8952933,109.4100906,56.7910325,-40.2469071148783,5.791073659200645,-4.104042370725813,1.3976529723969395,0.38545433,0.0,40.080607657415015,normal,0,1,0.0,0.0,0.01137931748963569,10878.761305020083,117.00851019810351,92.9741024274857,0.0,0.0,0.0,3935.4329356382077,58.58131067704034,14.484050105247649,0.41,0.4630393942087143,0.09185111666761166,18.872524609235626,73.6216212964341,24.51436429243378,0.25634486201956086,d4030b3c-2d8e-49cc-9722-89da2a36bbc9,Non-Event,Normal,condition_like,0.92,R6,amplitudo rendah + tidak ada struktur event → Non-Event,False,1.0,0.34579681354682007,medium
111,1776325466.68,-6.8952933,109.4100906,101.37703725,-44.767312840982385,10.337580850749237,-4.564995471540474,4.092543206287199,0.38545433,0.06999993324279785,73.38410152837685,candidate,0,2,0.0,0.0,0.5651290303345404,16695.568620088347,372.43945793269984,44.827604110297166,0.0,0.0,0.06999993324279785,7338.4171512976445,74.14993034661316,2.066613865763493,0.4158415841584158,2.6763210353106164,-0.8227757818040289,70.90308389337072,245.19510300214228,56.34127103718676,0.2891700639045029,d4030b3c-2d8e-49cc-9722-89da2a36bbc9,Non-Event,Normal,condition_like,0.92,R6,amplitudo rendah + tidak ada struktur event → Non-Event,False,1.0,0.576417422600521,high
112,1776325480.9875,-6.8951334,109.4078626,68.23119,-36.51121271572415,6.957645067377749,-3.723107556170981,2.788025845720633,9.471583,0.019999980926513672,44.46600976676716,normal,1,0,0.0,0.0,0.3492038126485652,10515.433568241948,114.41001797265663,91.91007625612822,0.1,0.0,0.019999980926513672,4446.605217289907,53.45892938334236,8.576415613738066,0.56,0.5104345416047296,-0.6077829485598335,20.108023708165973,65.02926292553214,29.272731338958536,0.30921499789990786,d4030b3c-2d8e-49cc-9722-89da2a36bbc9,Non-Event,Normal,condition_like,0.92,R6,amplitudo rendah + tidak ada struktur event → Non-Event,False,1.0,0.35112035940838066,medium
113,1776325493.098,-6.8950852,109.4072383,73.17974,40.38894178530155,7.462256733950942,4.11852587634937,2.074674467922332,1.8249586,0.0,56.792073475695304,normal,0,0,0.0,0.0,0.061466099855554596,39825.48299802329,257.56519299209015,154.62292237842638,0.0,0.0,0.0,5679.212763688881,72.85473914057026,26.241429843787646,0.53,-1.173440988450232,-0.08341289336694963,93.77382567776361,15.417185058379333,148.3741822559472,6.082421612003377,d4030b3c-2d8e-49cc-9722-89da2a36bbc9,Non-Event,Normal,condition_like,0.92,R6,amplitudo rendah + tidak ada struktur event → Non-Event,False,1.0,0.42624160863546756,medium
114,1776325500.21,-6.8950823,109.4072428,48.929573,-32.635559508883595,4.989427888218708,-3.3279009150814596,0.7136572415645341,2.190601,0.0,35.84476347592812,normal,0,2,0.0,0.0,0.4859717163404477,9475.647987739627,135.20870629208767,70.08164028422847,0.0,0.0,0.0,3584.4797660191025,55.37051922312712,9.58493720435383,0.5148514851485149,0.43780828879522904,-0.3933119020281044,17.394708337784884,98.5633521523015,19.250645802001245,0.17648251384981123,d4030b3c-2d8e-49cc-9722-89da2a36bbc9,Non-Event,Normal,condition_like,0.92,R6,amplitudo rendah + tidak ada struktur event → Non-Event,False,1.0,0.19245625690079715,low
115,1776325511.68,-6.8938827,109.4072445,82.855316,-39.346297439068586,8.448890905660955,-4.012205741927017,2.6565207113814813,9.731906,0.009999990463256836,48.15574644182463,normal,0,2,0.0,0.0,0.35191445396731036,7160.555976675168,122.1831569274619,58.60509826506752,0.0,0.0,0.009999990463256836,3251.291381737232,57.77739117395657,0.9003867206417843,0.3069306930693069,3.941117586515645,-1.4019586134184243,25.851618200081422,84.4595302394971,11.872008487883368,0.30608289935656235,d4030b3c-2d8e-49cc-9722-89da2a36bbc9,Non-Event,Normal,condition_like,0.92,R6,amplitudo rendah + tidak ada struktur event → Non-Event,False,1.0,0.40165070575926176,medium
116,1776325520.58,-6.8933476,109.4072948,52.85708,30.510628883270932,5.38992214466714,3.1112182940424034,1.399851743600907,2.7220306,0.019999980926513672,44.3721620006595,normal,0,0,0.0,0.0,0.4841931433177301,8640.52131649452,84.60816211873004,102.12396768819266,0.0,0.0,0.019999980926513672,3939.5194060861795,58.04907078727871,13.016674331288906,0.6039603960396039,1.9035163287294443,0.18247618964242815,26.745797843416604,28.500665316189703,29.361698959123736,0.9384271071663944,d4030b3c-2d8e-49cc-9722-89da2a36bbc9,Non-Event,Normal,condition_like,0.92,R6,amplitudo rendah + tidak ada struktur event → Non-Event,False,1.0,0.21275167413141094,low
117,1776325726.78,-6.8942167,109.4198767,57.43968,-40.04235049655037,5.8572172964264055,-4.083183400707721,3.1475163082629534,16.044407,0.08999991416931152,59.12420843136293,normal,0,1,0.0,0.0,0.7605179133709311,6238.936070307741,137.8200433354445,45.26871327310417,0.0,0.0,0.08999991416931152,5912.426481665576,59.12420843136293,24.578230845872053,0.504950495049505,5.555999101810219,-1.2875750869263305,23.838945495762598,97.80024629423647,16.180851545445442,0.24375138259151893,d4030b3c-2d8e-49cc-9722-89da2a36bbc9,Non-Event,Normal,condition_like,0.92,R6,amplitudo rendah + tidak ada struktur event → Non-Event,False,1.0,0.4712254087154981,medium
118,1776325730.04,-6.8942167,109.4198767,49.637577,-55.31482915123967,5.061624203984032,-5.640542810362323,0.6616648156591447,16.044407,0.17999982833862305,69.79177492429184,candidate,1,2,0.0,0.0,0.8590560535920247,14475.331345147562,522.6614128178078,27.69542759893397,0.1,0.0,0.17999982833862305,6979.184148297856,79.68808524565297,4.050842505700659,0.5544554455445545,7.28123744279914,-1.121061987763295,95.35188095486866,365.5779666634229,61.73156519951624,0.2608250206222942,d4030b3c-2d8e-49cc-9722-89da2a36bbc9,Non-Event,Crack,condition_like,0.76,R4,spike kecil/rapat + durasi sangat singkat → Non-Event,True,1.0,0.6316369025350499,high
119,1776325797.76,-6.8940038,109.4298963,63.1071395,38.27226813942763,6.435137330280983,3.9026852329212964,1.1205139408464546,11.214769,0.029999971389770508,55.49614065729586,normal,0,3,0.0,0.0,0.6413705020705704,4620.3394708680535,90.01670529174102,51.327577526483736,0.0,0.0,0.029999971389770508,3527.791485714879,52.16391115992731,2.1432653700051176,0.37623762376237624,8.343151062581269,2.811651962576971,12.526093377313973,54.59771423041886,22.892897684008204,0.22942523005679036,d4030b3c-2d8e-49cc-9722-89da2a36bbc9,Non-Event,Maneuver,condition_like,0.88,R5,gyro dominan + asimetri tinggi → maneuver (Non-Event),False,1.0,0.3599903830116286,medium
120,1776326745.22,-6.849285,109.4826767,85.218215,-42.41227066429911,8.689839547653888,-4.324848002559397,0.5171800886444826,8.61542,0.039999961853027344,59.78362418614652,normal,0,1,0.0,0.0,0.4423115966216104,6650.445822725174,207.9276349728514,31.984424733196636,0.0,0.0,0.039999961853027344,4169.2168335659835,57.246116894839965,17.668937950028564,0.6237623762376238,5.250935829248792,-1.3234556896079799,24.220437504082366,166.4928611124218,17.214336356347314,0.1454743296305873,2ba192ad-a007-47e8-843d-e4f356c01155,Non-Event,Normal,condition_like,0.92,R6,amplitudo rendah + tidak ada struktur event → Non-Event,False,1.0,0.41824528109819115,medium
121,1776326846.47,-6.8510533,109.490265,66.520307,-31.7987766399381,6.783183554016918,-3.242572809260869,2.4568937469269545,9.02411,0.059999942779541016,46.20523980346164,normal,1,2,0.0,0.0,0.7872234606855564,9091.788358873864,73.96814393598963,122.91491650549968,0.1,0.0,0.059999942779541016,4620.528386825415,54.72984171877776,7.683720376379483,0.5148514851485149,0.6726485980350914,-0.29501638778938527,11.637895949884895,50.19158210449718,12.138665881607558,0.2318694735261725,2ba192ad-a007-47e8-843d-e4f356c01155,Non-Event,Normal,condition_like,0.92,R6,amplitudo rendah + tidak ada struktur event → Non-Event,False,1.0,0.2767998413400332,low
122,1776326864.54,-6.8522811,109.490685,56.208627,-32.573017079419806,5.731684826112893,-3.3215233621491342,2.4279749104513515,7.604121,0.039999961853027344,45.035692962210284,normal,0,3,0.0,0.0,0.548079669038761,13394.67977645791,144.81808748899599,92.49314029908429,0.0,0.0,0.039999961853027344,2173.683807963042,54.95446559399359,0.4177012600350322,0.3069306930693069,0.03327908610025121,-0.2635750100371606,20.048648377134125,100.70394530294644,24.065493808915395,0.199085032048516,2ba192ad-a007-47e8-843d-e4f356c01155,Non-Event,Normal,condition_like,0.92,R6,amplitudo rendah + tidak ada struktur event → Non-Event,False,1.0,0.2822799750170932,low
123,1776326869.08,-6.8528256,109.4906156,54.37051700000001,29.507999563614018,5.544249769289208,3.0089785567562846,3.5443272797191363,4.9164066,0.1099998950958252,22.297546254386795,normal,1,1,0.0,0.0,0.6573638099875628,4895.398031278409,96.82208138027505,50.56075960080484,0.1,0.0,0.1099998950958252,2229.7567519004256,43.576177702173055,1.7291783499121487,0.48514851485148514,3.0394642695019485,0.006924164099028869,22.62875440084416,42.05920775885214,32.134119220578754,0.5380214005115234,2ba192ad-a007-47e8-843d-e4f356c01155,Non-Event,Normal,condition_like,0.92,R6,amplitudo rendah + tidak ada struktur event → Non-Event,False,1.0,0.20206617248422346,low
124,1776326871.86,-6.8528256,109.4906156,43.958824,-38.30677253495716,4.482552553624327,-3.9062037020753433,0.9969126837704996,4.9164066,0.2499997615814209,27.447565587363698,normal,1,2,0.0,0.0,0.699730890114366,5633.574798626273,99.86343708435204,56.412786367997256,0.1,0.0,0.2499997615814209,2744.759176342701,60.30286884501331,0.6963779182910961,0.36633663366336633,6.454018570689993,0.26074476049991563,30.648009040025045,34.57261995850293,34.64280808582404,0.886482082941049,2ba192ad-a007-47e8-843d-e4f356c01155,Non-Event,Normal,condition_like,0.92,R6,amplitudo rendah + tidak ada struktur event → Non-Event,False,1.0,0.2794028455134704,low
125,1776326881.54,-6.8528646,109.4906079,65.78215,37.48395301848015,6.707912487954602,3.8222994619447164,1.1257623651087794,3.3173254,0.039999961853027344,35.196426794975224,normal,0,1,0.0,0.0,0.6315802862961478,13368.017058654546,141.0319649992309,94.78714250305103,0.0,0.0,0.039999961853027344,3519.64603609355,64.39868482346881,1.2153663755452582,0.4752475247524752,1.15284737682419,1.2316599364901721,28.141192511296804,86.38978722282799,26.50098526510611,0.32574674727424163,2ba192ad-a007-47e8-843d-e4f356c01155,Non-Event,Normal,condition_like,0.92,R6,amplitudo rendah + tidak ada struktur event → Non-Event,False,1.0,0.2811917512508946,low
126,1776326904.075,-6.8541332,109.4908966,55.220898,35.88180336302582,5.630964498580045,3.658925664016338,1.8352737354124118,4.2119246,0.22999978065490723,47.129165565821914,normal,1,1,0.0,0.0,0.6743377890691623,6100.959860362316,151.6051347086259,40.242435270055225,0.1,0.0,0.22999978065490723,4712.921051173953,53.120847761463274,3.513849973999103,0.54,6.877067792854914,-0.5610205702098777,20.782879980853632,114.63110188091078,16.191152846861502,0.1813022771179719,2ba192ad-a007-47e8-843d-e4f356c01155,Non-Event,Normal,condition_like,0.92,R6,amplitudo rendah + tidak ada struktur event → Non-Event,False,1.0,0.3343618428847222,medium
127,1776326919.24,-6.8541647,109.4909159,64.14853500000001,-32.63438265601221,6.54133011782821,-3.3277809094861355,3.6473538083213506,4.282162,0.009999990463256836,35.46467442002047,normal,0,3,0.0,0.0,0.38079104731209773,10111.159894916695,365.33679169149184,27.67627049119865,0.0,0.0,0.009999990463256836,4113.46789533791,58.52611032375558,13.748240331759927,0.5148514851485149,0.5791280814428057,-0.3779262971276709,56.02366440874607,264.8191591078191,44.49396817492681,0.21155442221754828,2ba192ad-a007-47e8-843d-e4f356c01155,Non-Event,Normal,condition_like,0.92,R6,amplitudo rendah + tidak ada struktur event → Non-Event,False,1.0,0.2897111773851112,low
128,1776326926.9066668,-6.8549873,109.4915951,60.25434,-35.90351590621698,6.144232740028451,-3.661139727248039,2.1358085413886587,6.9777510000000005,0.0,47.132887864250904,normal,0,2,0.0,0.0,0.6266833192270073,11678.38387141324,213.15397675841965,54.78848668097136,0.0,0.0,0.0,4713.293281371839,70.83904024335519,1.9707625970822324,0.36,1.2993509250110256,-0.6315193303753517,22.956917276434062,162.59857827182304,27.598481210162525,0.14118768675128457,2ba192ad-a007-47e8-843d-e4f356c01155,Non-Event,Normal,condition_like,0.92,R6,amplitudo rendah + tidak ada struktur event → Non-Event,False,1.0,0.3274742033476642,medium
129,1776326931.5349998,-6.8553305,109.4920588,115.8847725,31.439806367442195,11.816958135550877,3.205968028576751,5.234728673278924,5.442451,0.019999980926513672,40.42256867000641,candidate,1,3,0.0,0.0,0.04009282366950352,4874.929234366672,93.3597550372814,52.21660211301285,0.1,0.0,0.019999980926513672,4042.260722000872,50.831005537366664,2.297165590344926,0.46,4.154591609493392,1.6598312775541317,20.573774323014028,44.20981633070275,28.576164383564613,0.46536664399936334,2ba192ad-a007-47e8-843d-e4f356c01155,Non-Event,Normal,condition_like,0.92,R6,amplitudo rendah + tidak ada struktur event → Non-Event,False,1.0,0.34162805419865333,medium
130,1776326938.78,-6.8553305,109.4920588,77.25761,40.04599824016168,7.878083749292572,4.083555367037845,1.8193749459807618,5.442451000000001,0.04999995231628418,58.116892605544344,normal,1,5,0.0,0.0,0.6118343012889844,14697.80066062114,318.2649479378772,46.18102216304704,0.1,0.0,0.04999995231628418,5811.694803018503,72.97320794527505,1.7241357209981254,0.33663366336633666,1.4817911265518333,1.8982773838859206,59.8075927444449,220.32791557616108,38.129439617271196,0.27144809279658905,2ba192ad-a007-47e8-843d-e4f356c01155,Non-Event,Maneuver,condition_like,0.88,R5,gyro dominan + asimetri tinggi → maneuver (Non-Event),False,1.0,0.42065210836390465,medium
131,1776326940.35,-6.8556754,109.4925166,59.669504,-41.19518259118291,6.084596064915135,-4.200739558481532,1.5421419681095148,4.334681,0.08999991416931152,41.25659935205029,normal,1,3,0.0,0.0,0.18146419902659647,11435.242576188468,163.08671853868879,70.11755836731822,0.1,0.0,0.08999991416931152,4019.652912650956,68.92500635781943,2.2873259676900686,0.46534653465346537,1.8341045732055994,0.1387101511820236,17.44015674714099,128.91603247110763,16.730529320440148,0.1352830697436067,2ba192ad-a007-47e8-843d-e4f356c01155,Non-Event,Normal,condition_like,0.92,R6,amplitudo rendah + tidak ada struktur event → Non-Event,False,1.0,0.37578765744541287,medium
132,1776326944.2,-6.8556754,109.4925166,56.793373,31.24623373097242,5.791312323780293,3.18622911299704,2.722334287350657,4.334681,0.06999993324279785,33.12785531412891,normal,1,2,0.0,0.0,0.29497451719767254,5047.553098186436,133.06465752787625,37.93308571959401,0.1,0.0,0.06999993324279785,3312.788690734381,46.08351478788436,6.810712615990025,0.46534653465346537,4.404666678897741,0.05854004796760063,26.996319654361198,77.33997763433065,28.728360239184394,0.3490603453874983,2ba192ad-a007-47e8-843d-e4f356c01155,Non-Event,Normal,condition_like,0.92,R6,amplitudo rendah + tidak ada struktur event → Non-Event,False,1.0,0.23435502256821747,low
133,1776326946.98,-6.8556754,109.4925166,56.88181,-30.91075440873808,5.8003303880530055,-3.1520197425969196,3.238691722723662,4.334681,0.1099998950958252,46.46885070001744,normal,1,4,0.0,0.0,0.5840182146621744,4551.376015947317,76.73577373933632,59.31230943334946,0.1,0.0,0.1099998950958252,4646.889501620913,46.46885070001744,1.8104655428064889,0.38613861386138615,4.208198013278604,0.14410988296091495,14.396659751585068,51.322372300463954,11.01674168728731,0.28051430254989634,2ba192ad-a007-47e8-843d-e4f356c01155,Non-Event,Maneuver,condition_like,0.88,R5,gyro dominan + asimetri tinggi → maneuver (Non-Event),False,1.0,0.2939055132792384,low
134,1776326952.32,-6.8556938,109.4925475,43.563755,-33.5718300665793,4.442266727169829,-3.4233739418230797,1.7276716324380772,3.1011837,0.06999993324279785,36.890384322835516,normal,1,2,0.0,0.0,0.3144345881630122,6908.335731703634,133.2461791877255,51.846407318924584,0.1,0.0,0.06999993324279785,3689.0419504281117,50.913561519023744,8.54428763504784,0.48514851485148514,1.7715305927827796,0.22746714263164167,21.553165408594307,76.65366504752203,35.03934873160916,0.28117592438739014,2ba192ad-a007-47e8-843d-e4f356c01155,Non-Event,Normal,condition_like,0.92,R6,amplitudo rendah + tidak ada struktur event → Non-Event,False,1.0,0.24931308842405941,low
135,1776326962.78,-6.8558212,109.492751,43.106823,-31.06811176015233,4.3956726303069855,-3.168065726843757,1.1015686073589561,1.8755356,0.1099998950958252,41.85390611849308,normal,1,2,0.0,0.0,0.7221535467790924,4047.609041646336,97.41902500504808,41.54844497661675,0.1,0.0,0.1099998950958252,4185.394603352645,50.12784191420609,7.382272930187227,0.39603960396039606,5.189992599678488,0.4971976234274979,25.481921576070416,41.42421426790613,30.51288916107154,0.6151455473874196,2ba192ad-a007-47e8-843d-e4f356c01155,Non-Event,Normal,condition_like,0.92,R6,amplitudo rendah + tidak ada struktur event → Non-Event,False,1.0,0.20969182513235926,low
136,1776326966.1599998,-6.8558212,109.492751,63.668335,-32.092959663708314,6.492363345281008,-3.272571129153005,2.4080775452760026,1.8755356,0.06999993324279785,45.986059455968224,normal,1,2,0.0,0.0,0.7003675451146596,9089.297689533923,263.74893850938975,34.4619307529399,0.1,0.0,0.06999993324279785,4598.610331173387,58.27009021141406,16.799852943731782,0.46,1.4753000949459958,-0.3395796375586599,46.47609505397687,173.1114274283032,44.161416027109716,0.2684750248781274,2ba192ad-a007-47e8-843d-e4f356c01155,Non-Event,Normal,condition_like,0.92,R6,amplitudo rendah + tidak ada struktur event → Non-Event,False,1.0,0.2796917807285881,low
137,1776326973.73,-6.8562458,109.4937891,37.21618,-35.802014266497274,3.794994213110492,-3.6507894404814363,0.3591162287912508,5.681738,0.0,41.3751826008332,normal,0,1,0.0,0.0,0.0025037582652380893,9265.22519926077,127.24206264541237,72.81574138156334,0.0,0.0,0.0,4137.522205931981,62.969922925287875,12.608378044193218,0.5247524752475248,1.5960006436194263,-1.2577485830712578,28.816067701083018,56.468615902966654,41.95737904136273,0.5103023463563728,2ba192ad-a007-47e8-843d-e4f356c01155,Non-Event,Normal,condition_like,0.92,R6,amplitudo rendah + tidak ada struktur event → Non-Event,False,1.0,0.24750623236803448,low
138,1776326975.76,-6.8562458,109.4937891,33.114033,-31.362179360136807,3.3766916327186145,-3.198052276785325,0.9379747512926454,5.681738,0.0,51.76724367359874,normal,0,4,0.0,0.0,0.09276808242548165,11695.357654735753,149.05132956870656,78.4653019205667,0.0,0.0,0.0,4374.606028351973,59.729460532451725,18.68299543416902,0.46534653465346537,0.5172871006968753,-0.024248805998749356,22.848848159794795,105.03486928835902,21.16761212055269,0.21753583450016528,2ba192ad-a007-47e8-843d-e4f356c01155,Non-Event,Normal,condition_like,0.92,R6,amplitudo rendah + tidak ada struktur event → Non-Event,False,1.0,0.23353114547288273,low
139,1776326983.32,-6.8563751,109.4942614,94.93035499999999,-47.88301654510378,9.680202209725033,-4.882708829733271,2.594897599286193,5.640462,0.07999992370605469,26.735457771529344,normal,1,2,0.0,0.0,0.999999999751651,11432.435916807397,118.5105454654096,96.46766686831751,0.1,0.0,0.07999992370605469,5262.390492000818,59.39231732881066,10.80354168582428,0.5841584158415841,0.5698985258332012,0.23206294526727705,28.655878506493412,61.948549633281324,27.906117325634874,0.4625754471017162,2ba192ad-a007-47e8-843d-e4f356c01155,Non-Event,Normal,condition_like,0.92,R6,amplitudo rendah + tidak ada struktur event → Non-Event,False,1.0,0.46402109795258234,medium
140,1776327037.59,-6.85949,109.496085,68.933525,33.140893269688064,7.029263306021935,3.3794306179672025,2.1210182423853055,11.880818,0.17999982833862305,49.57611869441219,normal,1,2,0.0,0.0,0.8124517245606321,5223.3837170989045,172.16826869001002,30.338829137933708,0.1,0.0,0.17999982833862305,4957.616597392838,56.52694616130467,27.868362191318166,0.5445544554455446,5.2768647797842885,0.6458551014324371,42.74987572133737,107.6085894675934,21.809803501079237,0.3972719606824662,2ba192ad-a007-47e8-843d-e4f356c01155,Non-Event,Normal,condition_like,0.92,R6,amplitudo rendah + tidak ada struktur event → Non-Event,False,1.0,0.30636891688136125,medium
141,1776327070.18,-6.8626033,109.495295,58.662796,-29.829329335737214,5.981940417981676,-3.041745074590937,0.9409114884518899,12.253992,0.07999992370605469,21.82101450139161,normal,0,2,0.0,0.0,0.6393500072923832,4574.2450147734,103.46453564350148,44.21075242944805,0.0,0.0,0.07999992370605469,2182.103531155254,42.136088285134065,11.799717507576265,0.46534653465346537,3.0254747411461294,-1.427379591305556,14.393551867064097,79.4170051002944,9.653978676142978,0.18124017227351435,2ba192ad-a007-47e8-843d-e4f356c01155,Non-Event,Normal,condition_like,0.92,R6,amplitudo rendah + tidak ada struktur event → Non-Event,False,1.0,0.11636218675296303,low
142,1776327144.25,-6.870865,109.492497,39.21635,-29.533306646207933,3.998954790881698,-3.0115591609987034,2.2474394979342605,10.641896,0.019999980926513672,38.02133268216394,normal,0,2,0.0,0.0,0.34161187431464346,5518.186230817938,47.07016543532963,117.23319989529786,0.0,0.0,0.019999980926513672,3802.1368942166973,45.8601939738292,19.582342988260407,0.6336633663366337,1.5692964541808418,-1.4485742229865666,7.597921203487883,31.610187990464627,7.8620562413771085,0.24036304261830999,2ba192ad-a007-47e8-843d-e4f356c01155,Non-Event,Normal,condition_like,0.92,R6,amplitudo rendah + tidak ada struktur event → Non-Event,False,1.0,0.20488629825764917,low
143,1776327160.6,-6.8717012,109.492014,17.116323,-37.97741504426004,1.7453792069667013,-3.8726185847623853,0.749127813529174,11.583359,0.0,21.253374240951977,normal,0,0,0.0,0.0,0.0,0.0,0.0,0.0,0.0,0.0,0.0,0.0,0.0,0.0,0.0,0.0,0.0,0.0,0.0,0.0,0.0,635ce134-fb1a-4d66-97a1-2eba272d836a,Non-Event,Normal,condition_like,0.92,R6,amplitudo rendah + tidak ada struktur event → Non-Event,False,1.0,0.2267082956351702,low
144,1776327547.44,-6.8993811,109.4768036,83.55279999999999,32.98416144573481,8.520014479970223,3.363448419769729,1.6624468760309303,16.581879,0.06999993324279785,43.41893624187953,normal,0,3,0.0,0.0,0.6251117566856287,8022.820904715686,235.6840995244689,34.040569078959784,0.0,0.0,0.06999993324279785,4341.897764944336,61.88882131967406,6.000349665250256,0.46534653465346537,1.5830247377317814,0.9752329751256379,32.521789019171706,194.3845978644304,8.777712640866804,0.16730640806504105,635ce134-fb1a-4d66-97a1-2eba272d836a,Non-Event,Maneuver,condition_like,0.88,R5,gyro dominan + asimetri tinggi → maneuver (Non-Event),False,1.0,0.2599119412992987,low
145,1776327632.81,-6.9010144,109.4895721,83.423996,-41.051587431689676,8.506880127260585,-4.186096927257491,0.47682948160872984,15.341241,0.08999991416931152,31.557933310091315,normal,1,2,0.0,0.0,0.5862269801117124,5602.584267642189,177.0105348700525,31.651134437303632,0.1,0.0,0.08999991416931152,2786.320626080065,55.71702727065985,4.971540666192214,0.45544554455445546,8.53202276630217,0.5009560853469132,31.840607221029625,135.46819273743165,9.701734911591227,0.23504120297598421,635ce134-fb1a-4d66-97a1-2eba272d836a,Non-Event,Normal,condition_like,0.92,R6,amplitudo rendah + tidak ada struktur event → Non-Event,False,1.0,0.30575195973858404,medium
146,1776327657.94,-6.9009039,109.4926134,36.117847,-31.060654032128433,3.6829954163756224,-3.1673052502259624,1.605446201588521,17.670198,0.019999980926513672,33.37642643238841,normal,0,5,0.0,0.0,0.28757513659145006,7111.160662660213,124.67445980578584,57.037829694228776,0.0,0.0,0.019999980926513672,2861.3554908131973,50.26124830174006,8.477390070706486,0.49504950495049505,0.9362981517906586,-0.7280584254405218,25.849892217045763,87.64554608607678,11.179021502663293,0.2949367432398883,635ce134-fb1a-4d66-97a1-2eba272d836a,Non-Event,Normal,condition_like,0.92,R6,amplitudo rendah + tidak ada struktur event → Non-Event,False,1.0,0.191365414264295,low
147,1776327688.07,-6.9007063,109.4969357,84.84991,-38.910526190398066,8.652282889671804,-3.967769441185121,2.289703861515174,15.855841,0.12999987602233887,43.55081417563574,normal,2,3,0.46000003814697266,0.0,0.6536633752988118,7086.8192823794525,173.60506681435515,40.82150003799286,0.46000003814697266,0.7210828150976587,0.12999987602233887,4355.085570896829,61.536070734423454,8.87582149938439,0.5643564356435643,3.9172132774799078,-0.04483374234756579,29.619413385560858,133.78936683695954,10.196286591834733,0.2213883947912522,635ce134-fb1a-4d66-97a1-2eba272d836a,Non-Event,Maneuver,condition_like,0.88,R5,gyro dominan + asimetri tinggi → maneuver (Non-Event),False,1.0,0.37640824951540186,medium
148,1776327894.91,-6.9003327,109.5175285,37.588707,-31.482517370564494,3.8329813952776943,-3.2103233388123873,1.9718328551552617,17.138735,0.09999990463256836,45.17376652900555,normal,1,2,0.0,0.0,0.4500111060509957,5885.334650819691,114.98809370904344,51.1821216423445,0.1,0.0,0.09999990463256836,4517.380961010755,47.00657006128318,6.788548160724592,0.44554455445544555,1.7017236403632747,0.2955591935889446,22.22827987188093,59.437874913386445,33.32193892377607,0.3739750038220113,7b68bd61-6146-4cdb-8ad6-424ae6e78950,Non-Event,Normal,condition_like,0.92,R6,amplitudo rendah + tidak ada struktur event → Non-Event,False,1.0,0.25535547727116126,low
149,1776327907.0,-6.8982702,109.522018,82.64857,-96.90956425689356,8.427808680844123,-9.88202538653807,4.67357506445815,7.9533443,0.09999990463256836,106.26462237412787,high_conf,1,3,0.0,0.0,0.6732117745578557,17452.35440761911,281.11914893841737,62.08169885061998,0.1,0.0,0.09999990463256836,10363.38329798726,122.71423901910873,2.4824692150105405,0.5148514851485149,26.20749051963138,1.2213621412657727,25.29504040891485,235.18425383276036,20.639854696742077,0.10755414059033062,7b68bd61-6146-4cdb-8ad6-424ae6e78950,Non-Event,Maneuver,condition_like,0.88,R5,gyro dominan + asimetri tinggi → maneuver (Non-Event),False,1.0,0.8132858283293809,high
150,1776327951.65,-6.8963452,109.5218313,77.97767,39.3933762477013,7.951509434924262,4.017006444372064,4.937374923727057,7.8502927,0.029999971389770508,51.5753397694822,candidate,0,2,0.0,0.0,0.8034150598408943,5268.79839276346,124.40820386669448,42.35089155421113,0.0,0.0,0.029999971389770508,5157.5388955606,55.33281190741216,5.121330689796055,0.43564356435643564,7.933246990206499,3.2884729587876556,37.530194823571435,43.18034319107322,43.69766585204982,0.8691499691966362,7b68bd61-6146-4cdb-8ad6-424ae6e78950,Non-Event,Normal,condition_like,0.92,R6,amplitudo rendah + tidak ada struktur event → Non-Event,False,1.0,0.49129792786588494,medium
151,1776327954.22,-6.8955923,109.5218136,102.891415,-49.169723547224365,10.49200440517404,-5.0139164288747295,3.432144330019545,5.849049,0.18999981880187988,67.27196247166748,candidate,1,2,0.0,0.0,0.8558459221705726,4767.009371515549,134.83286058551613,35.354952164180915,0.1,0.0,0.18999981880187988,3757.74308700805,63.27970906758712,2.7232098933923425,0.39603960396039606,23.297606070439475,0.1481036965936621,19.59095420126318,99.40174572677225,15.840160657480688,0.19708863119994524,7b68bd61-6146-4cdb-8ad6-424ae6e78950,Non-Event,Crack,condition_like,0.76,R4,spike kecil/rapat + durasi sangat singkat → Non-Event,True,1.0,0.6307422617420019,high
152,1776327982.58,-6.8943442,109.5216533,54.858223,32.79054466250006,5.593981940825869,3.3437050024728183,2.803303542297018,6.016777,0.019999980926513672,38.50029006643095,normal,0,2,0.0,0.0,0.19109989526402152,8694.402181526379,229.56036666019816,37.87414295483305,0.0,0.0,0.019999980926513672,3850.0326783203777,58.932070265569465,17.985538849128858,0.5346534653465347,1.892838943776776,0.27924615881134623,45.556500010202406,136.69711195769597,47.3067546922998,0.33326599973110554,7b68bd61-6146-4cdb-8ad6-424ae6e78950,Non-Event,Normal,condition_like,0.92,R6,amplitudo rendah + tidak ada struktur event → Non-Event,False,1.0,0.27483350057174843,low
153,1776328025.9,-6.8907709,109.5209664,62.635638,34.6440954684009,6.387057557881642,3.532714583308357,1.4270466911734399,8.329266,0.019999980926513672,41.217483559213484,normal,0,2,0.0,0.0,0.490786293019785,9376.279246834914,116.00671345560575,80.82531507625012,0.0,0.0,0.019999980926513672,4121.7522867306425,60.395304039865536,5.953010909106316,0.43564356435643564,0.8765100660516127,0.7102230745977393,14.740670476931657,84.59192926797606,16.674113710698027,0.17425622550797884,7b68bd61-6146-4cdb-8ad6-424ae6e78950,Non-Event,Normal,condition_like,0.92,R6,amplitudo rendah + tidak ada struktur event → Non-Event,False,1.0,0.2663670209689017,low
154,1776328038.22,-6.8900317,109.520653,49.193962,-36.07253314951774,5.016388063202011,-3.6783746895747007,2.0799136377053014,8.720802,0.04999995231628418,37.99281199561623,normal,1,1,0.0,0.0,0.3725748606683215,7809.962415864056,108.80974860596747,71.77631089260161,0.1,0.0,0.04999995231628418,3799.2848228419793,60.18746003797127,8.970075046172775,0.5346534653465347,2.0463213246353504,0.5667125578046365,11.349541428998778,80.7347203926589,16.725486784309794,0.14057819526990747,7b68bd61-6146-4cdb-8ad6-424ae6e78950,Non-Event,Normal,condition_like,0.92,R6,amplitudo rendah + tidak ada struktur event → Non-Event,False,1.0,0.30147936110215723,medium
155,1776328939.1,-6.8993252,109.4766185,84.584015,-34.60687927449466,8.625169145426828,-3.528919587677205,3.157071171617176,20.125965,0.029999971389770508,34.79139846045989,normal,0,1,0.0,0.0,0.20407722247858362,7786.12219273364,141.275702271333,55.11296006631569,0.0,0.0,0.029999971389770508,3450.2363825357074,54.96377949704313,8.402168809554645,0.5346534653465347,1.3387860273957637,-0.4105043283447049,19.670281860127517,104.84600355496124,16.759416856244236,0.18761117263000876,606f1311-3f3f-40aa-9c26-05d27f54675c,Non-Event,Normal,condition_like,0.92,R6,amplitudo rendah + tidak ada struktur event → Non-Event,False,1.0,0.30279496992791904,medium
156,1776328948.87,-6.8998899,109.4782572,34.255875,-30.868429830804903,3.493127112724529,-3.147703836764329,1.6054113556285972,19.552603,0.029999971389770508,35.331022533192126,normal,0,3,0.0,0.0,0.6571543138767899,4911.281053168735,79.28049266085759,61.948164376700085,0.0,0.0,0.029999971389770508,2910.1333996635694,45.065117516183854,8.98888219068068,0.45544554455445546,2.501920129488119,-1.172756751927745,12.788888262797697,57.965620997082816,8.525983400977092,0.2206288455498901,606f1311-3f3f-40aa-9c26-05d27f54675c,Non-Event,Maneuver,condition_like,0.88,R5,gyro dominan + asimetri tinggi → maneuver (Non-Event),False,1.0,0.19568936033380913,low
157,1776329018.51,-6.9010308,109.4892958,50.6787165,36.756269343101216,5.167790886796205,3.74809637777439,0.6439544682164571,16.379683,0.06999993324279785,49.866399371750774,normal,1,2,0.0,0.0,0.594993345591024,6218.459848779314,98.27773093114362,63.27435245591704,0.1,0.0,0.06999993324279785,3215.8939729661997,57.218018175311876,4.478788147376275,0.5247524752475248,2.684781756521767,-1.339924976270603,14.021244595509668,75.41722869001725,8.839257645616687,0.18591566745610144,606f1311-3f3f-40aa-9c26-05d27f54675c,Non-Event,Normal,condition_like,0.92,R6,amplitudo rendah + tidak ada struktur event → Non-Event,False,1.0,0.30515093183908615,medium
158,1776329060.0,-6.9007633,109.4954317,59.042068,35.54731280431604,6.020615398734533,3.624817119435898,3.910228863750468,18.184622,0.04999995231628418,55.80017141188712,normal,0,3,0.0,0.0,0.48233054759726796,6930.315570674341,150.45000520451885,46.06391016862707,0.0,0.0,0.04999995231628418,5580.02246271282,66.4225370412722,19.888479511755136,0.4752475247524752,4.203545267003923,0.3399324781579271,9.404847269355242,133.0110633279654,8.034094607198204,0.07070725519619714,606f1311-3f3f-40aa-9c26-05d27f54675c,Non-Event,Normal,condition_like,0.92,R6,amplitudo rendah + tidak ada struktur event → Non-Event,False,1.0,0.4138140978370787,medium
159,1776329100.33,-6.9006062,109.5023057,68.525867,-31.194932244221842,6.98769375882692,-3.1809978172180964,1.0785370426408059,18.949936,0.06999993324279785,36.026603444159896,normal,0,1,0.0,0.0,0.33885430345828943,5347.059928115618,106.33259779570795,50.286177415720694,0.0,0.0,0.06999993324279785,3004.7569864046222,51.123582498937594,7.709795185856657,0.49504950495049505,2.8558258335878266,-0.45569170815378984,11.107497040302114,85.63544334207862,9.589657413327215,0.129706771835412,606f1311-3f3f-40aa-9c26-05d27f54675c,Non-Event,Normal,condition_like,0.92,R6,amplitudo rendah + tidak ada struktur event → Non-Event,False,1.0,0.18843958047781748,low
160,1776329120.48,-6.900555,109.5058867,56.41738,33.53194937326433,5.752971707973671,3.419307242867272,1.846304329938594,19.225904,0.029999971389770508,38.990385773732534,normal,0,2,0.0,0.0,0.42626385525398214,5783.948179288391,153.4781065350732,37.68581898865692,0.0,0.0,0.029999971389770508,3818.038447696889,50.91929076177473,5.088871697029026,0.46534653465346537,3.1367327004687393,1.359167808463121,15.23615580002568,124.00486714315772,14.237083591889796,0.12286740051556898,606f1311-3f3f-40aa-9c26-05d27f54675c,Non-Event,Normal,condition_like,0.92,R6,amplitudo rendah + tidak ada struktur event → Non-Event,False,1.0,0.25665751452805186,low
161,1776329171.41,-6.90045,109.514135,82.47095999999999,-37.014368007244414,8.40969750118542,-3.7744151170118663,1.479370489074766,17.194296,0.12999987602233887,39.72236329066655,normal,0,3,0.0,0.0,0.7390485619920844,7313.860314868663,125.75020661187887,58.16181502811107,0.0,0.0,0.12999987602233887,3121.440261690783,65.79969235774274,14.462615756517698,0.43564356435643564,6.059402212152483,-0.2998741091443307,22.725646094024118,89.15255878505354,13.872001732801207,0.25490738739095725,606f1311-3f3f-40aa-9c26-05d27f54675c,Non-Event,Maneuver,condition_like,0.88,R5,gyro dominan + asimetri tinggi → maneuver (Non-Event),False,1.0,0.3076324855248361,medium
162,1776329227.39,-6.8998175,109.5240863,35.21985,-32.096838413524466,3.591425206365069,-3.2729666515603664,3.1643038323026125,17.113186,0.019999980926513672,37.217628328919815,normal,0,1,0.0,0.0,0.570865848027479,6018.403248002666,105.79391347005091,56.88799094116524,0.0,0.0,0.019999980926513672,3243.7596627843827,52.53211513128899,14.105616955241937,0.44554455445544555,2.26282089106175,-1.3016027434248019,21.70642079385909,72.3932763952473,11.694216280944532,0.299840283170881,606f1311-3f3f-40aa-9c26-05d27f54675c,Non-Event,Normal,condition_like,0.92,R6,amplitudo rendah + tidak ada struktur event → Non-Event,False,1.0,0.27198055181002995,low
163,1776329262.69,-6.8984134,109.5277102,110.188484,37.32804826366438,11.236098361825904,3.8064016013281172,5.567802102639336,10.68974,0.059999942779541016,43.881966311730416,candidate,1,1,0.0,0.0,0.5753726697020533,5503.718996964659,345.96313148085795,15.908397399162693,0.1,0.0,0.059999942779541016,4388.200816087455,54.45010381833276,1.9947509153313525,0.39603960396039606,6.385015883591411,1.7140837416087682,98.76235077946848,184.1005580229286,63.10022267846089,0.5364587229046286,606f1311-3f3f-40aa-9c26-05d27f54675c,Non-Event,Normal,condition_like,0.92,R6,amplitudo rendah + tidak ada struktur event → Non-Event,False,1.0,0.4573268603680958,medium
164,1776329411.21,-6.8855867,109.5239067,74.37468199999999,33.36194914811949,7.584106907047769,3.401972044288263,1.722095166686499,11.8597145,0.14999985694885254,54.246672038304055,normal,1,2,0.0,0.0,0.7416254760644417,4908.043470173695,103.0519963756596,47.62686406050148,0.1,0.0,0.14999985694885254,2511.6702845519026,52.82534917225679,6.809150370370372,0.49504950495049505,4.772521834192926,1.3145470306253217,25.429487565047484,64.3551115955745,13.267397215037601,0.39514323787844935,3a9b8fd6-92e7-4ce1-89d1-f0025de3bc91,Non-Event,Normal,condition_like,0.92,R6,amplitudo rendah + tidak ada struktur event → Non-Event,False,1.0,0.3097712082649669,medium
165,1776329476.92,-6.8822098,109.52279,70.221033,-32.08974920807364,7.1605525842158135,-3.2722437537868325,4.3940695951977435,3.3330586,0.019999980926513672,42.10853350478753,candidate,0,2,0.0,0.0,0.10800543306982417,7751.881677766654,158.06266006006553,49.04309231400865,0.0,0.0,0.019999980926513672,4210.857366265273,52.89763124789425,2.415529527015546,0.39603960396039606,0.8929605804526819,-0.22253810414219818,28.18380039908976,100.17163012818838,29.707229532787387,0.28135511103960464,3a9b8fd6-92e7-4ce1-89d1-f0025de3bc91,Non-Event,Normal,condition_like,0.92,R6,amplitudo rendah + tidak ada struktur event → Non-Event,False,1.0,0.32916732649339664,medium
166,1776329525.52,-6.87892,109.5215809,79.4367925,31.737516709533857,8.10029852192135,3.2363260348369582,1.6055732546066692,4.329484,0.04999995231628418,57.31919977815307,normal,0,2,0.0,0.0,0.5333504098177784,3572.619963475931,48.39563741734669,73.82111447041845,0.0,0.0,0.04999995231628418,2785.988688735958,49.94506364136644,9.017269479038193,0.45544554455445546,7.518787495750221,1.2260959370062374,11.770977619693566,21.134045662576742,15.490614135076385,0.5569675229560794,3a9b8fd6-92e7-4ce1-89d1-f0025de3bc91,Non-Event,Normal,condition_like,0.92,R6,amplitudo rendah + tidak ada struktur event → Non-Event,False,1.0,0.28378200939666426,low
167,1776329585.9,-6.8753121,109.5220103,48.249107,30.257394427547457,4.920039666960685,3.0853955660238164,0.6541515064856918,6.6152563,0.029999971389770508,33.68756998010929,normal,0,1,0.0,0.0,0.6528201734197552,4655.241136591734,77.4930856686853,60.07298633612051,0.0,0.0,0.029999971389770508,3368.7602107110197,47.19160056860404,4.487663633992558,0.5247524752475248,3.008485827240328,0.7954062910864654,18.191684436517853,34.8039979565899,24.49740327557752,0.5226894891936945,3a9b8fd6-92e7-4ce1-89d1-f0025de3bc91,Non-Event,Normal,condition_like,0.92,R6,amplitudo rendah + tidak ada struktur event → Non-Event,False,1.0,0.14915628290769262,low
168,1776329622.75,-6.8728765,109.5223587,68.00214566666666,-34.01569515331096,6.9342890453586765,-3.468635584354592,4.398005061554424,7.925517,0.11999988555908203,52.65011800327554,candidate,1,1,0.0,0.0,0.4983032342120859,8872.957256352287,133.822676812703,66.30383879158954,0.1,0.0,0.11999988555908203,5265.016821438871,60.25611097120162,15.474729147384245,0.6039603960396039,1.2727358754200226,0.29832520808715274,26.135588398935163,89.32962588772482,18.357462526043022,0.2925746956469889,3a9b8fd6-92e7-4ce1-89d1-f0025de3bc91,Non-Event,Normal,condition_like,0.92,R6,amplitudo rendah + tidak ada struktur event → Non-Event,False,1.0,0.4013958911328526,medium
169,1776329626.39,-6.8728765,109.5223587,69.98638249999999,36.979248047286106,7.136624892292475,3.770833877755004,0.428979925411726,7.925517,0.029999971389770508,52.50675539476867,normal,0,2,0.0,0.0,0.5950979476842845,5858.0474541415115,93.87538315399568,62.402380634009596,0.0,0.0,0.029999971389770508,2706.5122138290526,54.8995310206235,3.2261055001132535,0.38613861386138615,4.57928483093958,1.670050089920602,21.45669522718133,45.10771017706938,27.310977749744975,0.4756768780165662,3a9b8fd6-92e7-4ce1-89d1-f0025de3bc91,Non-Event,Normal,condition_like,0.92,R6,amplitudo rendah + tidak ada struktur event → Non-Event,False,1.0,0.30719692834710316,medium
170,1776329654.78,-6.870971,109.5220766,88.68775666666666,33.57287864623429,9.043634336564134,3.423480867190558,5.163388090130894,8.1265955,0.11999988555908203,42.619669355074464,candidate,0,1,0.0,0.0,0.8832916711260489,4331.7873608364835,214.73093740810722,20.173093793329855,0.0,0.0,0.11999988555908203,4261.971000039726,45.65440625474049,2.484448806666354,0.5148514851485149,11.06946549838547,1.7649688146896365,64.98786955929289,51.884645463530184,97.85842238528417,1.2525452901557879,3a9b8fd6-92e7-4ce1-89d1-f0025de3bc91,Non-Event,Normal,condition_like,0.92,R6,amplitudo rendah + tidak ada struktur event → Non-Event,False,1.0,0.3867006223501262,medium
171,1776329731.42,-6.8662444,109.5221933,65.09364,-32.42056343814326,6.637704006974858,-3.305977417175413,1.628235214528297,3.6694262,0.029999971389770508,35.43563440877105,normal,0,2,0.0,0.0,0.6494686889204904,5427.600592564742,98.31176198642258,55.20804863721471,0.0,0.0,0.029999971389770508,3543.56682028577,43.99707967026252,2.150645542199649,0.38613861386138615,2.1055920609536347,-2.1320136325376113,18.132742394487316,57.77235663659583,22.40666295533942,0.3138653698114123,3a9b8fd6-92e7-4ce1-89d1-f0025de3bc91,Non-Event,Normal,condition_like,0.92,R6,amplitudo rendah + tidak ada struktur event → Non-Event,False,1.0,0.22053989894405812,low
172,1776329758.2399998,-6.8665306,109.5236055,84.259425,-39.77944809239172,8.592070176869777,-4.056374816312576,3.844222700791572,8.368104,0.0,51.14070559570281,normal,0,1,0.0,0.0,0.00019565857040262078,12601.248871188076,281.67764447356325,44.736417936192815,0.0,0.0,0.0,5114.075436732677,62.8571071185369,11.039541677680988,0.41,0.35761600949053785,-0.12994919043710973,28.79436039703109,215.00623537895171,37.87704869758042,0.13392337302384383,3a9b8fd6-92e7-4ce1-89d1-f0025de3bc91,Non-Event,Normal,condition_like,0.92,R6,amplitudo rendah + tidak ada struktur event → Non-Event,False,1.0,0.45706599779228146,medium
173,1776329768.46,-6.8666887,109.5242986,57.57594,33.10755359461307,5.871111949544442,3.376030917246264,1.8248839054255617,6.014732,0.06999993324279785,54.38206017164964,normal,1,4,0.0,0.0,0.22966641997441528,12745.816029414298,326.04857381212526,39.091770411076496,0.1,0.0,0.06999993324279785,5438.211203447316,61.960319760985634,13.303182327901464,0.43564356435643564,0.29947922801903104,-0.3807835878483981,45.25627695627691,242.9125416430294,37.8797552128189,0.18630687598039344,3a9b8fd6-92e7-4ce1-89d1-f0025de3bc91,Non-Event,Normal,condition_like,0.92,R6,amplitudo rendah + tidak ada struktur event → Non-Event,False,1.0,0.30375762999983363,medium
174,1776329773.37,-6.8668141,109.5248324,98.99296,39.39384613019247,10.094472628267553,4.017054359051508,5.6736027419180495,5.474096,0.07999992370605469,54.35178926545653,candidate,1,1,0.0,0.0,0.4452031112553461,6214.4820064360865,132.3845667958347,46.942646789617854,0.1,0.0,0.07999992370605469,4375.179981707485,59.43459745405444,5.011893156916771,0.48514851485148514,5.925576079618468,1.0051324874867158,26.525272545972484,75.15810989417842,30.701184355683772,0.3529262807485901,3a9b8fd6-92e7-4ce1-89d1-f0025de3bc91,Non-Event,Normal,condition_like,0.92,R6,amplitudo rendah + tidak ada struktur event → Non-Event,False,1.0,0.5288508704178038,high
175,1776329780.44,-6.8668141,109.5248324,68.446365,36.88557614516362,6.979586810990502,3.7612820020255255,2.2759377265444902,5.474096,0.09999990463256836,47.26040061511207,normal,1,3,0.0,0.0,0.7149160144965938,8234.360284705223,144.66309312494377,56.92094680066296,0.1,0.0,0.09999990463256836,4726.04456861853,67.9497145015948,2.8921617187699877,0.46534653465346537,4.574462606446086,0.2775003970697256,28.748441100676505,94.59599715634795,21.318654867919278,0.3039075823605263,3a9b8fd6-92e7-4ce1-89d1-f0025de3bc91,Non-Event,Maneuver,condition_like,0.88,R5,gyro dominan + asimetri tinggi → maneuver (Non-Event),False,1.0,0.35509155275312804,medium
176,1776329796.63,-6.8669685,109.52546,62.76483,31.585834365213437,6.400231475580346,3.2208587402643554,0.7529874876533474,3.9218733,0.08999991416931152,41.618451353366886,normal,0,3,0.0,0.0,0.6485026175364825,4591.884976892496,74.46370656367804,61.66608039178979,0.0,0.0,0.08999991416931152,4161.849104385288,48.81996524930567,6.83127353663177,0.46534653465346537,4.796199152453958,1.2874330416398114,9.476171922080425,56.23715791875688,8.750376722840747,0.16850374564209752,3a9b8fd6-92e7-4ce1-89d1-f0025de3bc91,Non-Event,Maneuver,condition_like,0.88,R5,gyro dominan + asimetri tinggi → maneuver (Non-Event),False,1.0,0.20370655870201956,low
177,1776329866.11,-6.8708924,109.5312574,57.320026,32.61271972616719,5.8450159840516385,3.325571905407779,2.646366769064003,8.840767,0.1099998950958252,51.04784378047801,normal,0,2,0.0,0.0,0.44952962682923175,7264.050646423837,107.67071902777361,67.46542276814048,0.0,0.0,0.1099998950958252,3472.3829984323806,63.856978807149986,9.961627339166762,0.5247524752475248,2.7334719386330866,0.18578302610413697,19.256551044710164,66.95790470624546,21.456263276817996,0.2875918958575495,3a9b8fd6-92e7-4ce1-89d1-f0025de3bc91,Non-Event,Normal,condition_like,0.92,R6,amplitudo rendah + tidak ada struktur event → Non-Event,False,1.0,0.31545748284708053,medium
178,1776330093.5266666,-6.8901653,109.5311733,82.12962,-52.340856191132325,8.374890507971632,-5.33728196592438,4.768969776455917,7.4466925,0.04999995231628418,66.14313719426816,candidate,2,1,0.4099998474121094,0.0,0.05514745611734999,24124.468320708125,449.48469522592217,53.67138975646586,0.4099998474121094,0.9637698211659328,0.04999995231628418,6570.900544580703,83.64993246251908,7.1918755006625865,0.57,0.3147008696103857,0.05796406700313222,84.60574897669207,267.7872294131338,97.09171683609634,0.31594392625131884,44eda033-50cf-4664-89ef-2aa88372c53f,Non-Event,Non-Event,ambiguous,0.4,R9,fallback,True,1.0,0.7133079505275757,high
179,1776330131.85,-6.8922409,109.5311397,49.99846,36.84191034069066,5.098424028592843,3.756829329148146,0.7189642674100709,10.874035,0.0,35.27570131750085,normal,0,2,0.0,0.0,0.38094528449899207,10375.792338517564,281.6710883937236,36.83655415559579,0.0,0.0,0.0,3749.376289188758,65.17267295364007,8.842727171792326,0.40594059405940597,0.8127018437797959,0.9753277177115242,30.2192996010828,222.32000430709934,29.131784485541527,0.13592703706236287,44eda033-50cf-4664-89ef-2aa88372c53f,Non-Event,Normal,condition_like,0.92,R6,amplitudo rendah + tidak ada struktur event → Non-Event,False,1.0,0.25507554601089377,low
180,1776330135.0733335,-6.8930405,109.531108,98.89801,-66.22698015173806,10.084790422825328,-6.753272539729476,6.023662852062066,7.9686937,0.09999990463256836,112.28463478728676,candidate,2,3,0.25,0.0,0.2710753840111555,23906.625934092106,567.8684444469152,42.09888069282926,0.25,0.6782432837704764,0.09999990463256836,5999.048069456382,113.38838899473745,9.182075074408928,0.5,4.868976101143898,-0.27343844631150127,48.56430489507836,461.2822453018877,58.02189424994904,0.10528110562333519,44eda033-50cf-4664-89ef-2aa88372c53f,Speed Bump,Speed Bump,event,0.9,R3,multi-peak terstruktur + durasi lebih panjang + shape relatif simetris,False,1.0,0.8574999928474427,high
181,1776330143.385,-6.8940273,109.531071,82.57315,-39.15614282184887,8.420117981165841,-3.9928153673118616,1.7660640144920456,12.801819,0.029999971389770508,36.15042921559584,normal,1,2,0.0,0.0,0.9404543130124292,10369.60173002953,295.9525220113429,35.038058214601186,0.1,0.0,0.029999971389770508,4662.684103462698,63.489289867351346,12.754609629074805,0.51,1.369203747764475,0.06070058046342178,15.509881537521611,263.82764626317663,16.61499421064467,0.05878793105428409,44eda033-50cf-4664-89ef-2aa88372c53f,Non-Event,Normal,condition_like,0.92,R6,amplitudo rendah + tidak ada struktur event → Non-Event,False,1.0,0.33054253415273305,medium
182,1776330216.77,-6.8983373,109.5329715,83.42024,-36.76685260716583,8.50649712185099,-3.749175570369681,2.604414715348011,6.3594713,0.04999995231628418,39.141392147204726,normal,0,2,0.0,0.0,0.6227138311610219,6646.043334521348,176.03477825164737,37.754149281038465,0.0,0.0,0.04999995231628418,3914.1429475380723,56.97177813289833,23.519465221804666,0.6435643564356436,3.237520023229594,-0.9200585499420447,29.68743302067495,128.01405951070402,18.33328572026843,0.23190759594874819,44eda033-50cf-4664-89ef-2aa88372c53f,Non-Event,Normal,condition_like,0.92,R6,amplitudo rendah + tidak ada struktur event → Non-Event,False,1.0,0.33341146298145624,medium
183,1776330219.4,-6.8983373,109.5329715,85.138577,-37.69554835090551,8.681718731676975,-3.8438761810511757,0.8303717489487421,6.3594713,0.009999990463256836,54.20785233940926,normal,1,2,0.0,0.0,0.5659961704727983,9591.73987163315,123.98741483955342,77.36059185268763,0.1,0.0,0.009999990463256836,4038.0450436382257,65.29248035602892,9.361249857112439,0.39603960396039606,2.5523210391626803,-1.0454220116364745,27.80858305449617,83.97237742403081,12.206454361026452,0.3311634560840073,44eda033-50cf-4664-89ef-2aa88372c53f,Non-Event,Normal,condition_like,0.92,R6,amplitudo rendah + tidak ada struktur event → Non-Event,False,1.0,0.33570332587207624,medium
184,1776330222.8,-6.898337299999999,109.53297149999999,77.40826533333333,-33.54127915559938,7.893446317889731,-3.420258615898333,1.2001452208807557,6.3594713,0.06999993324279785,29.28025843521234,normal,1,2,0.0,0.0,0.43442984287676933,4577.203314083152,94.96040015857606,48.20117920984347,0.1,0.0,0.06999993324279785,3382.314376849197,48.76003601403146,10.37222599993909,0.43564356435643564,5.7715341380243,0.6255713807308619,10.535813826565539,77.07946319970445,7.345123132306081,0.13668768894485825,44eda033-50cf-4664-89ef-2aa88372c53f,Non-Event,Normal,condition_like,0.92,R6,amplitudo rendah + tidak ada struktur event → Non-Event,False,1.0,0.20589448952469275,low
185,1776330234.995,-6.9002631,109.5333778,56.410282,-30.368612275294065,5.7522479134057,-3.0967366302757893,2.2419162215684487,12.331162,0.029999971389770508,42.08580204387795,normal,1,2,0.0,0.0,0.6264185556628334,5091.656821666447,115.65382009670866,44.02497706849522,0.1,0.0,0.029999971389770508,4162.923614771199,51.09994844488908,11.536127825377157,0.5,2.445472671960278,0.5113683137070439,8.71274393801711,98.16786541787671,8.773210740814804,0.08875352247067365,44eda033-50cf-4664-89ef-2aa88372c53f,Non-Event,Normal,condition_like,0.92,R6,amplitudo rendah + tidak ada struktur event → Non-Event,False,1.0,0.23177703992747598,low
186,1776330238.7,-6.9002631,109.5333778,59.131226,31.271819978158607,6.029706984546201,3.1888381841055415,0.1925418838363487,12.331162,0.06999993324279785,39.8828569542803,normal,0,2,0.0,0.0,0.5433435986812337,4587.917293871607,95.82243469371258,47.879364166200645,0.0,0.0,0.06999993324279785,2397.1567411869114,46.81882725282422,30.981295032014934,0.6336633663366337,3.2891060282583755,0.911775462113769,13.67634576095944,68.54311481141583,13.602974121337269,0.19952909346268222,44eda033-50cf-4664-89ef-2aa88372c53f,Non-Event,Normal,condition_like,0.92,R6,amplitudo rendah + tidak ada struktur event → Non-Event,False,1.0,0.17293664191785368,low
187,1776330736.51,-6.9187536,109.5175551,78.71052499999999,-32.11710000732134,8.026239847450453,-3.275032759129911,0.25130317192337626,14.5803,0.07999992370605469,28.130722305620154,normal,0,2,0.0,0.0,0.632982649472276,4503.543304206752,96.23788708528924,46.7959490155848,0.0,0.0,0.07999992370605469,2359.4852743266997,60.99814238886691,4.634665569617264,0.3564356435643564,7.476528500872503,0.20073563895803187,18.261682052693665,70.11990266091759,7.85630237167799,0.26043507049015097,44eda033-50cf-4664-89ef-2aa88372c53f,Non-Event,Normal,condition_like,0.92,R6,amplitudo rendah + tidak ada struktur event → Non-Event,False,1.0,0.1494007548969538,low
188,1776412517.8333333,-6.8839389,109.4376352,83.2206,-54.82544176898863,8.486139507375098,-5.590639185551502,1.496953135017092,10.232009,0.04999995231628418,75.4723504676335,candidate,1,3,0.0,0.0,0.7114999259815121,28795.842913890025,315.4719156683098,91.27862542568647,0.1,0.0,0.04999995231628418,7547.242244374439,108.53384979840513,19.244585989692055,0.43,1.938223708287782,-0.23206821820328777,20.315009747719557,279.9327020102364,15.22420391035388,0.07257104843151066,c72307ef-f384-4659-aded-5319b398f560,Non-Event,Maneuver,condition_like,0.88,R5,gyro dominan + asimetri tinggi → maneuver (Non-Event),False,1.0,0.6422443120903496,high
189,1776412519.7037501,-6.8830409,109.4373532,90.25245,-68.17210249196802,9.203188652597982,-6.951619818385281,4.426409791824097,11.661129,0.0,75.27256327088782,candidate,0,3,0.0,0.0,0.0051737589208303994,38943.06177711796,516.1596884552451,75.44770072652993,0.0,0.0,0.0,7527.26350564666,94.7835188954009,31.041229026565183,0.46,-0.34403476712758296,0.3223007748104442,25.147394963585686,463.1689312034973,27.843362288162215,0.05429421797344766,c72307ef-f384-4659-aded-5319b398f560,Non-Event,Non-Event,ambiguous,0.4,R9,fallback,True,1.0,0.7975469930608032,high
190,1776412538.36,-6.8820589,109.4370739,47.37343,-31.16568706092531,4.830745463537498,-3.178015638462198,1.7155996002218148,10.772656,0.029999971389770508,46.06871159860516,normal,0,3,0.0,0.0,0.28315889617092027,7613.699930742779,140.4889356944331,54.19430248306857,0.0,0.0,0.029999971389770508,3172.2131535045137,56.89961333818572,9.851401202963745,0.5544554455445545,1.0412602914722449,-0.4111042498062199,11.022953579453642,112.13026507821476,17.335717036764684,0.09830489095392629,c72307ef-f384-4659-aded-5319b398f560,Non-Event,Normal,condition_like,0.92,R6,amplitudo rendah + tidak ada struktur event → Non-Event,False,1.0,0.23970136895964023,low
191,1776412540.07,-6.881521,109.4367362,76.61137,-42.923557485135994,7.812185608745086,-4.376984748628328,2.3882483038862654,7.7778296,0.04999995231628418,53.22186328212504,normal,0,4,0.0,0.0,0.6181082697900031,7340.550120417944,102.35018666167059,71.71994783910813,0.0,0.0,0.04999995231628418,5322.191403849753,59.31486380974642,15.961294473934956,0.504950495049505,4.599948875465672,-1.8380400837708786,11.866529013029167,79.72126558203684,10.762392066604576,0.14885023183641927,c72307ef-f384-4659-aded-5319b398f560,Non-Event,Maneuver,condition_like,0.88,R5,gyro dominan + asimetri tinggi → maneuver (Non-Event),False,1.0,0.46731219645459626,medium
192,1776412546.31,-6.881521,109.4367362,74.72575,35.27862470160214,7.619905880193543,3.5974185579787332,1.464531134830274,7.7778296,0.019999980926513672,41.72515616015383,normal,0,1,0.0,0.0,0.5791446921793627,5560.660907002765,79.16138251323919,70.24461499049954,0.0,0.0,0.019999980926513672,3664.652425792824,56.81447101913278,2.3752603004737742,0.45544554455445546,4.158565090425382,2.3188892925616207,25.514589857715745,32.18877248886675,21.458020166656688,0.7926549256852103,c72307ef-f384-4659-aded-5319b398f560,Non-Event,Normal,condition_like,0.92,R6,amplitudo rendah + tidak ada struktur event → Non-Event,False,1.0,0.27901434062782043,low
193,1776412578.24,-6.8814168,109.4346743,59.654247,-31.091541995567827,6.083040283888994,-3.1704549459364646,1.1062610245919584,8.294653,0.11999988555908203,23.685657011770612,normal,1,2,0.0,0.0,0.24010910846914432,5545.129313153838,104.57013248345282,53.02784962047791,0.1,0.0,0.11999988555908203,2516.16835491133,47.43312602787607,4.578056293915222,0.3564356435643564,2.6991147537477573,-0.6109459455031813,17.507961244964157,75.10565785652021,11.956513381968485,0.23311107993088626,c72307ef-f384-4659-aded-5319b398f560,Non-Event,Normal,condition_like,0.92,R6,amplitudo rendah + tidak ada struktur event → Non-Event,False,1.0,0.1503957908330348,low
194,1776412641.58,-6.8772433,109.4365778,29.874985,-37.76850901321529,3.0464006566972412,-3.8513160980778642,0.5714412986584886,6.794964,0.12999987602233887,45.61468311698049,normal,1,2,0.0,0.0,0.37511358586090315,5119.50142714029,91.1862665890589,56.14333783472633,0.1,0.0,0.12999987602233887,3236.2165157614786,57.14593493059988,4.678805660581051,0.45544554455445546,6.6225831393711765,0.9357441393026418,13.165177601540442,60.395033801804,17.626055185714456,0.21798443605081255,c72307ef-f384-4659-aded-5319b398f560,Non-Event,Normal,condition_like,0.92,R6,amplitudo rendah + tidak ada struktur event → Non-Event,False,1.0,0.3085443924252396,medium
195,1776412657.6975,-6.876786,109.4369846,86.70765,42.94446542517858,8.841719649421567,4.379116765172467,4.5087910514069645,6.9692397,0.0,43.23370078277473,candidate,0,3,0.0,0.0,0.09050402793630967,8509.138720153085,167.7124970964883,50.73646160381924,0.0,0.0,0.0,4323.37420136841,53.50763472353328,6.76915489680609,0.48,0.48135762616907973,0.7690502013479422,40.00960091604051,100.82912365703564,26.873772523412146,0.39680599283322976,c72307ef-f384-4659-aded-5319b398f560,Non-Event,Normal,condition_like,0.92,R6,amplitudo rendah + tidak ada struktur event → Non-Event,False,1.0,0.5012728857653515,high
196,1776412666.92,-6.8762402,109.4372783,71.448252,36.3210282921686,7.285694095333269,3.7037141421554356,2.0472715110891344,6.1419387,0.039999961853027344,58.64808205573368,normal,0,1,0.0,0.0,0.4166194324701041,8144.47644960964,67.49481830117325,120.66817177874964,0.0,0.0,0.039999961853027344,4393.769712903013,60.109743009801775,6.099900709528801,0.5445544554455446,1.8700636419650225,0.8802109040408002,15.65781180024533,35.26266457281997,16.574341928107952,0.4440336981306989,c72307ef-f384-4659-aded-5319b398f560,Non-Event,Normal,condition_like,0.92,R6,amplitudo rendah + tidak ada struktur event → Non-Event,False,1.0,0.3722931090177092,medium
197,1776412689.93,-6.8747548,109.4384443,69.945404,-32.95939411882813,7.132446248209123,-3.360922855289842,1.992252860462562,8.720528,0.019999980926513672,44.211233927339194,normal,0,3,0.0,0.0,0.3442137371388536,7021.389003192142,106.06047561219152,66.201748544519,0.0,0.0,0.019999980926513672,4421.1276090497695,57.09691866472666,13.867493903131349,0.45544554455445546,1.724715298832077,-1.4345628269696415,12.674686725674267,78.83225134950956,14.553537537007697,0.160780471798268,c72307ef-f384-4659-aded-5319b398f560,Non-Event,Normal,condition_like,0.92,R6,amplitudo rendah + tidak ada struktur event → Non-Event,False,1.0,0.2694176353028475,low
198,1776412694.17,-6.8747548,109.4384443,71.74223,-36.3583648775859,7.315671508619152,-3.707521414304161,3.5147575233310904,8.720528,0.0,36.59604675961509,normal,0,0,0.0,0.0,0.4682501837477843,6355.084669394385,125.44542215918611,50.66015570237259,0.0,0.0,0.0,3372.9686509474586,50.54506683562975,4.403389165165982,0.4752475247524752,1.2169344825255877,0.21503739088572008,12.309261260161126,98.47698681447909,14.659174084545889,0.12499632181429592,c72307ef-f384-4659-aded-5319b398f560,Non-Event,Normal,condition_like,0.92,R6,amplitudo rendah + tidak ada struktur event → Non-Event,False,1.0,0.3452736187887108,medium
199,1776412706.33,-6.8738975,109.4385554,80.44812,-37.99227714304621,8.203425226759393,-3.8741340970714986,5.548014065954141,10.212739,0.1399998664855957,59.138547595908975,candidate,1,3,0.0,0.0,0.5944538447630998,14795.858363624482,420.01497601426786,35.22697802064775,0.1,0.0,0.1399998664855957,5913.860399487671,74.21540540447612,16.334922558299976,0.38613861386138615,0.92557404731564,0.3932642784849919,39.61251430437939,358.7127637325406,21.68969797734778,0.1104296200162122,c72307ef-f384-4659-aded-5319b398f560,Non-Event,Maneuver,condition_like,0.88,R5,gyro dominan + asimetri tinggi → maneuver (Non-Event),False,1.0,0.5236823987319791,high
200,1776412733.19,-6.871535,109.4391143,51.144726,-30.300001817203572,5.215310631051379,-3.089740310626317,1.371888897966687,7.858962,0.019999980926513672,31.055056550214026,normal,0,1,0.0,0.0,0.21889131628137137,6687.652848831403,151.85470682146143,44.03981242843132,0.0,0.0,0.019999980926513672,3105.5086166652095,49.87684527676998,8.215946108090101,0.48514851485148514,1.0331912103572805,-0.5111781153782089,21.772962533289757,110.84661928140204,19.23512500676969,0.1964242344783772,c72307ef-f384-4659-aded-5319b398f560,Non-Event,Normal,condition_like,0.92,R6,amplitudo rendah + tidak ada struktur event → Non-Event,False,1.0,0.16420753026303908,low
201,1776412736.02,-6.871535,109.4391143,69.49926199999999,-37.309486734576836,7.086952425140082,-3.8045088521132944,2.487080997596442,7.858962,0.08999991416931152,39.65139388011287,normal,1,3,0.0,0.0,0.6130006931367522,8476.040673717927,259.4112388890785,32.67414579777728,0.1,0.0,0.08999991416931152,3965.1431694664884,68.40163566988242,5.733255117173607,0.37623762376237624,3.495923905747361,0.21174920814172532,25.53369972169828,206.67900791654904,27.198531250831234,0.12354278189909476,c72307ef-f384-4659-aded-5319b398f560,Non-Event,Maneuver,condition_like,0.88,R5,gyro dominan + asimetri tinggi → maneuver (Non-Event),False,1.0,0.3425003342332835,medium
202,1776412742.4250002,-6.8716767,109.44008,86.33744,-43.319157537635874,8.803968735500911,-4.417324727367233,3.884056729217694,11.83192,0.029999971389770508,33.92083922481085,normal,1,4,0.0,0.0,0.9999999996518015,12370.007926956692,212.12375461067205,58.31505241525316,0.1,0.0,0.029999971389770508,3829.704982283308,63.252985924738894,14.281993534763062,0.52,1.0888435062038972,-0.16361846098065821,19.461629506074413,167.2718860750739,25.3902390295237,0.11634728253732063,c72307ef-f384-4659-aded-5319b398f560,Non-Event,Maneuver,condition_like,0.88,R5,gyro dominan + asimetri tinggi → maneuver (Non-Event),False,1.0,0.4573867286826104,medium
203,1776412748.24,-6.8716767,109.44008,62.542111500000004,-34.414836166058386,6.377520509042334,-3.5093366405508903,1.7337450570856,11.831920000000002,0.0,36.49415105065755,normal,0,2,0.0,0.0,0.4392801345118796,12472.821641226345,177.2520179475224,70.36772678408292,0.0,0.0,0.0,4389.8185754616925,64.7399773458771,4.769108161000526,0.5841584158415841,0.9332553690603373,0.6321132104209163,16.95117453077652,138.17063364571072,22.13020977103519,0.1226829027328546,c72307ef-f384-4659-aded-5319b398f560,Non-Event,Normal,condition_like,0.92,R6,amplitudo rendah + tidak ada struktur event → Non-Event,False,1.0,0.2558391681543454,low
204,1776412754.42,-6.8718517,109.4410333,88.03703,-42.389663936648624,8.977278683342426,-4.322542757888639,3.7713466932820565,10.698502,0.09999990463256836,41.41233122383554,normal,1,2,0.0,0.0,0.41224516808684153,7011.820233817716,345.35668657795844,20.303125684325764,0.1,0.0,0.09999990463256836,3642.518372108769,56.58430719816766,5.043791568048682,0.44554455445544555,4.909533816141937,-0.21554864795189865,17.240055326511854,301.31927758614347,26.79735366530307,0.05721524161150922,c72307ef-f384-4659-aded-5319b398f560,Non-Event,Normal,condition_like,0.92,R6,amplitudo rendah + tidak ada struktur event → Non-Event,False,1.0,0.46963406705292554,medium
205,1776412770.96,-6.8725567,109.44295,69.30492066666666,-37.32025714852873,7.067135124294908,-3.8056071286860176,3.613899387675487,8.278792,0.059999942779541016,42.62309581498401,normal,1,1,0.0,0.0,0.3021464749546613,8605.128042229953,184.24610875293413,46.70453044446392,0.1,0.0,0.059999942779541016,3117.5287687610216,51.333083822318024,8.526362683542251,0.45544554455445546,0.16263086058934073,0.018903783776853783,32.977505036428205,116.10518175683661,35.163421959669336,0.2840312917425419,c72307ef-f384-4659-aded-5319b398f560,Non-Event,Normal,condition_like,0.92,R6,amplitudo rendah + tidak ada struktur event → Non-Event,False,1.0,0.3878813639838311,medium
206,1776412778.43,-6.8725567,109.44295,80.647257,-48.518050697997666,8.223731549509772,-4.947464291883331,3.2699014691051853,8.278792,0.0,35.993201565077385,normal,0,2,0.0,0.0,0.1290910667075456,11220.05110979247,379.53312889797104,29.562771273244916,0.0,0.0,0.0,3475.7763514332087,57.01749986168895,3.276559182935355,0.3069306930693069,0.5931923254404197,0.14899507768917752,46.89467845574929,295.9953030571477,36.643147385073966,0.15843048120349693,c72307ef-f384-4659-aded-5319b398f560,Non-Event,Normal,condition_like,0.92,R6,amplitudo rendah + tidak ada struktur event → Non-Event,False,1.0,0.521093697969597,high
207,1776412780.9466667,-6.8726867,109.4437067,78.623275,-40.5449297761183,8.017342823492223,-4.1344322246759395,3.5334901241382877,8.644245,0.11999988555908203,28.786184625013174,normal,2,3,0.32000017166137695,0.0,0.9999999997080692,13396.735998155864,521.7279502602199,25.67762751793613,0.32000017166137695,0.647455091637012,0.11999988555908203,6246.389459063294,78.72557432996598,3.206771587420312,0.38,1.8243796089624,0.39535476068907527,50.62493411736818,424.18020001442267,46.92281612842901,0.11934770646130856,c72307ef-f384-4659-aded-5319b398f560,Non-Event,Maneuver,condition_like,0.88,R5,gyro dominan + asimetri tinggi → maneuver (Non-Event),False,1.0,0.39290177800630893,medium
208,1776412788.3933334,-6.8726867,109.4437067,81.10107199999999,-44.49374000462052,8.270007800829028,-4.537098805873619,4.6492727977214825,8.644245,0.09999990463256836,46.608184120703,candidate,1,3,0.0,0.0,0.2755035143146009,14861.056525175418,284.0061260659609,52.32653491917064,0.1,0.0,0.09999990463256836,4905.659370130539,77.37921124305751,19.081363690013504,0.39,2.090041770319395,-1.6923489774246663,39.83892070582038,214.48145994897845,29.68574541116201,0.1857452878656836,c72307ef-f384-4659-aded-5319b398f560,Non-Event,Normal,condition_like,0.92,R6,amplitudo rendah + tidak ada struktur event → Non-Event,False,1.0,0.5484011873882115,high
209,1776412796.1833334,-6.8728333,109.4445817,95.19466800000001,-63.307336972086254,9.707154634865118,-6.455551791089338,5.056955213166194,10.803505,0.0,42.43788392543573,candidate,0,2,0.0,0.0,0.3064090115108044,19359.616406087374,343.7826283259669,56.313538714985576,0.0,0.0,0.0,5346.997693037861,91.92485561542546,10.677378940129097,0.43,1.500884313558097,-0.8986541962675414,45.058181033143306,268.3187156183666,30.40573167445702,0.16792783448360846,c72307ef-f384-4659-aded-5319b398f560,Non-Event,Non-Event,ambiguous,0.4,R9,fallback,True,1.0,0.7600247868569923,high
210,1776412805.68,-6.8729683,109.445525,81.44489,-47.70669727092054,8.305067479720394,-4.864729267478756,2.9620994904638587,8.971608,0.09999990463256836,62.56237600688269,normal,0,2,0.0,0.0,0.8284819707868231,14324.35232300563,335.07095875750525,42.75020530986132,0.0,0.0,0.09999990463256836,6138.167871261492,77.4187078904557,18.107763014974495,0.48514851485148514,3.113050434859634,-0.7694080095628297,43.28910303106292,274.1187210703095,17.66313465613288,0.1579210011783127,c72307ef-f384-4659-aded-5319b398f560,Non-Event,Normal,condition_like,0.92,R6,amplitudo rendah + tidak ada struktur event → Non-Event,False,1.0,0.5859460326513847,high
211,1776412808.1,-6.8729683,109.445525,56.1458285,38.212131336641164,5.725281161252823,3.896552985641495,1.4391967213057386,8.971608,0.019999980926513672,50.20749545716782,normal,0,3,0.0,0.0,0.4197923483528058,14251.353251649458,357.2041813958576,39.89693837306741,0.0,0.0,0.019999980926513672,4157.2710304225975,61.54205858574004,4.429390336985109,0.45544554455445546,0.3953407358308878,0.8821512846160439,42.842492323349795,275.6254343267432,38.736254745764555,0.15543736837117988,c72307ef-f384-4659-aded-5319b398f560,Non-Event,Normal,condition_like,0.92,R6,amplitudo rendah + tidak ada struktur event → Non-Event,False,1.0,0.3513144886497968,medium
212,1776412816.91,-6.8731217,109.446285,67.4035645,-30.94479378958994,6.873250753315353,-3.155490793450357,3.9633593060712493,8.331294,0.04999995231628418,39.39846424845338,normal,0,1,0.0,0.0,0.30805353460026413,7919.640028838293,161.51345523787955,49.03393322952685,0.0,0.0,0.04999995231628418,3939.850182179267,55.37309235020125,14.502663628026042,0.5742574257425742,0.9435966337982182,-0.2841110550544278,17.931528435979185,111.05940208481262,32.52252471708781,0.16145889441063746,c72307ef-f384-4659-aded-5319b398f560,Non-Event,Normal,condition_like,0.92,R6,amplitudo rendah + tidak ada struktur event → Non-Event,False,1.0,0.2905138064718278,low
213,1776412822.29,-6.8732283,109.4469633,75.81398,-35.05787168797115,7.73087445763844,-3.574908015272407,3.9629501523880544,8.01371,0.039999961853027344,37.153248422930304,normal,0,3,0.0,0.0,0.4022953149569523,10321.57761441029,260.0067857779153,39.697339220712195,0.0,0.0,0.039999961853027344,3715.3283855062887,54.38106380033805,2.6306917494095283,0.37623762376237624,0.8037629975650034,-1.0157440760049175,29.384772994037714,205.86966388365707,24.752348900220525,0.14273483667758388,c72307ef-f384-4659-aded-5319b398f560,Non-Event,Normal,condition_like,0.92,R6,amplitudo rendah + tidak ada struktur event → Non-Event,False,1.0,0.3451786992525409,medium
214,1776412849.22,-6.873462,109.4486289,52.490913,34.33629386227402,5.352583502011391,3.5013275544935345,1.3988834074561933,7.9962893,0.04999995231628418,30.327276853927202,normal,0,2,0.0,0.0,0.6069218248775348,8454.502818390238,117.43244583977197,71.99460665182079,0.0,0.0,0.04999995231628418,2631.7593512999283,51.46390219960506,0.9605165600536216,0.43564356435643564,2.054926402868155,0.6335754256575072,19.744619838801448,78.22785353146848,19.459972469502027,0.2523988412702644,c72307ef-f384-4659-aded-5319b398f560,Non-Event,Normal,condition_like,0.92,R6,amplitudo rendah + tidak ada struktur event → Non-Event,False,1.0,0.22666949935938197,low
215,1776412857.15,-6.8734816,109.4493523,81.72865,-29.778957282487426,8.334002946979856,-3.0366085546529575,1.591688257045703,7.1657796,0.029999971389770508,43.38286376253926,normal,1,3,0.0,0.0,0.5121473738072845,7786.648438113955,138.36489242150577,56.2761857113077,0.1,0.0,0.029999971389770508,4338.290513570166,51.11515752618401,5.074432786145043,0.3564356435643564,1.4041516248173167,-0.03867498940334447,27.15815250354681,75.30229347202742,35.90444644593159,0.36065504635632667,c72307ef-f384-4659-aded-5319b398f560,Non-Event,Normal,condition_like,0.92,R6,amplitudo rendah + tidak ada struktur event → Non-Event,False,1.0,0.20540710216216407,low
216,1776412862.7,-6.8734981,109.4498329,84.6787385,-33.252849335957464,8.63482825429683,-3.390846959558816,6.558008511925543,5.384808,0.009999990463256836,35.64567670592687,candidate,0,2,0.0,0.0,0.0964831458281721,9342.91595348329,390.1635736835003,23.94615120353621,0.0,0.0,0.009999990463256836,3564.5710700325653,54.62618917555316,11.780954412654594,0.42574257425742573,0.8343830165284691,-0.257432895636199,86.48150089538933,235.45212832077084,68.22994446734019,0.3672997188212738,c72307ef-f384-4659-aded-5319b398f560,Non-Event,Normal,condition_like,0.92,R6,amplitudo rendah + tidak ada struktur event → Non-Event,False,1.0,0.37819596557165625,medium
217,1776412878.7,-6.8735207,109.4502335,53.550594,34.089970327880415,5.460640891639857,3.476209544327616,1.4550830473017717,5.2128153,0.0,40.05221427063884,normal,0,3,0.0,0.0,0.03900702063895014,11847.547331532303,249.5156632335911,47.48217859557261,0.0,0.0,0.0,4005.2252467443336,66.87493228564955,5.43444305951799,0.44554455445544555,0.8382034962476754,0.18931684943539628,40.1954429084914,190.79392654957297,18.52629377552668,0.210674644758008,c72307ef-f384-4659-aded-5319b398f560,Non-Event,Normal,condition_like,0.92,R6,amplitudo rendah + tidak ada struktur event → Non-Event,False,1.0,0.2534415807946643,low
218,1776412885.3,-6.8735509,109.4509692,72.892807,-35.50897691311878,7.432997710737102,-3.620907946456617,3.247642550151523,8.772349,0.019999980926513672,32.47008204330534,normal,0,2,0.0,0.0,0.4923287598314694,8341.368153343288,225.71409857828795,36.95545900290611,0.0,0.0,0.019999980926513672,3230.494413291334,54.584890353950335,7.491513093135172,0.46534653465346537,1.404633336465177,-0.10906299422022718,29.020510242961013,168.4876604571392,28.205927878187758,0.1722411599281613,c72307ef-f384-4659-aded-5319b398f560,Non-Event,Normal,condition_like,0.92,R6,amplitudo rendah + tidak ada struktur event → Non-Event,False,1.0,0.3111245490207163,medium
219,1776412889.485,-6.8735509,109.4509692,95.038262,49.29512883061747,9.691205661464416,5.026704208941634,3.1421884720404294,8.772349,0.14999985694885254,82.39861289055375,candidate,1,2,0.0,0.0,0.6936973995205585,10521.844294004952,165.43500370175005,63.60107592086675,0.1,0.0,0.14999985694885254,5204.298258852772,72.45704237361431,9.450348868310527,0.52,4.908835449128168,-1.642548836441309,34.92979660925175,106.84072427428256,23.664482818215745,0.3269333535464088,c72307ef-f384-4659-aded-5319b398f560,Non-Event,Crack,condition_like,0.76,R4,spike kecil/rapat + durasi sangat singkat → Non-Event,True,1.0,0.6199952363470901,high
220,1776412890.59,-6.873632,109.4518159,68.092355,-30.165767953321648,6.94348783733487,-3.0760522658932103,0.9288094314346054,8.766832,0.1399998664855957,39.07305538186992,normal,1,2,0.0,0.0,0.9999999996793605,13304.231353125797,249.72112757324865,53.27635442438494,0.1,0.0,0.1399998664855957,8239.869147206951,84.69292706095345,5.567575500478006,0.40594059405940597,3.66709812407247,0.7686856954975023,57.44605953666177,121.45772871502045,70.81733932156648,0.4729716228966984,c72307ef-f384-4659-aded-5319b398f560,Non-Event,Normal,condition_like,0.92,R6,amplitudo rendah + tidak ada struktur event → Non-Event,False,1.0,0.18311166219112118,low
221,1776412893.0433333,-6.873632,109.4518159,84.08382,-38.869782259996576,8.57416345031178,-3.9636147165440367,2.2421958007748812,8.766832,0.059999942779541016,59.92257661412738,normal,1,1,0.0,0.0,0.5634285365527033,12490.715678351506,307.0229636741416,40.68332703258373,0.1,0.0,0.059999942779541016,5992.2633760804165,66.68551245933483,19.18194923469697,0.44,0.8729545459839585,-0.01962764187302983,30.322502073170835,240.78873587952867,35.91172572144201,0.12592990214630254,c72307ef-f384-4659-aded-5319b398f560,Non-Event,Normal,condition_like,0.92,R6,amplitudo rendah + tidak ada struktur event → Non-Event,False,1.0,0.4235239852629918,medium
222,1776412898.98,-6.873632,109.4518159,90.69485,44.62052706595534,9.248300897860126,4.550027488077514,3.0591087524056757,8.766832,0.25999975204467773,42.01405891956556,normal,2,2,0.23000001907348633,0.0,0.3644351156471582,9873.637834377812,255.2588327176898,38.68088594848717,0.23000001907348633,0.5223521663565236,0.25999975204467773,4201.409898733269,77.26286030216644,49.83233132129055,0.39603960396039606,4.513329415889551,-0.6142692367932047,20.624065930006886,201.35703336780753,33.2777334198754,0.10242535600883984,c72307ef-f384-4659-aded-5319b398f560,Non-Event,Non-Event,ambiguous,0.4,R9,fallback,True,1.0,0.4940212594270523,medium
223,1776412901.95,-6.8735018,109.4521896,73.5901575,-37.44321693365697,7.504107671834929,-3.8181455373299724,0.9020663161597378,5.7226996,0.039999961853027344,42.01258166075935,normal,0,4,0.0,0.0,0.3697871138625534,11442.44757228883,317.060903995728,36.08911534660195,0.0,0.0,0.039999961853027344,4201.262172711766,63.72044300008429,16.276475434752186,0.43564356435643564,0.7211232218351089,-0.4719680615876303,53.291811056744706,218.20063800540854,45.56845493357487,0.24423306595093777,c72307ef-f384-4659-aded-5319b398f560,Non-Event,Normal,condition_like,0.92,R6,amplitudo rendah + tidak ada struktur event → Non-Event,False,1.0,0.29583264381299534,low
224,1776412905.08,-6.8735018,109.4521896,95.423835,-31.969618950460998,9.730523165403069,-3.25999387665115,6.549854926949554,5.7226996,0.1099998950958252,39.75065480884318,candidate,0,2,0.0,0.0,0.6882397638190452,4903.9077774072775,229.8962796275127,21.330957438814714,0.0,0.0,0.1099998950958252,3670.217727996112,48.641958502823236,9.916509237727695,0.5148514851485149,3.7205581367648533,-0.4728215595954814,42.9875451251918,153.9872744598118,32.92146004250911,0.2791629697767518,c72307ef-f384-4659-aded-5319b398f560,Non-Event,Normal,condition_like,0.92,R6,amplitudo rendah + tidak ada struktur event → Non-Event,False,1.0,0.3797512563260034,medium
225,1776412916.74,-6.8726275,109.4523298,54.453888,-29.770899204637452,5.552751245328425,-3.035786859390052,1.3542431401547694,9.53437,0.08999991416931152,48.23887128930883,normal,1,2,0.0,0.0,0.2326129910087907,9787.354237943962,239.9742196396856,40.78502354067187,0.1,0.0,0.08999991416931152,4823.891729352531,57.053334619607014,12.930804448888109,0.40594059405940597,0.7955553443824255,-0.36609548436693645,36.018850878872435,159.70212588369483,44.25324287711828,0.22553770310838525,c72307ef-f384-4659-aded-5319b398f560,Non-Event,Normal,condition_like,0.92,R6,amplitudo rendah + tidak ada struktur event → Non-Event,False,1.0,0.21805569810739459,low
226,1776412921.14,-6.8722091,109.4524057,66.479164,31.971168758823836,6.778988135601862,3.2601519131226095,1.8249580884742256,3.877489,0.029999971389770508,40.58626911867298,normal,0,4,0.0,0.0,0.215384132704395,7100.610641834963,118.40678538815341,59.967936453897195,0.0,0.0,0.029999971389770508,4058.630782479235,54.36149361036235,13.034681118794,0.5247524752475248,1.682095744361738,1.0785655962930896,13.45498082213299,84.37235770020372,20.579446865816703,0.1594714315139859,c72307ef-f384-4659-aded-5319b398f560,Non-Event,Normal,condition_like,0.92,R6,amplitudo rendah + tidak ada struktur event → Non-Event,False,1.0,0.23739228483400834,low
227,1776412927.4783332,-6.8722091,109.4524057,81.27783199999999,-57.96851615096256,8.288032304609626,-5.911143576140941,2.865699143351193,3.877489,0.019999980926513672,48.430626674784385,candidate,1,4,0.0,0.0,0.3833041868312684,13043.891844341591,195.96395651628106,66.56270882495257,0.1,0.0,0.019999980926513672,3859.8648813210984,61.88808373003098,6.8557266729948205,0.48,0.5930185119773821,-1.0260661065765568,35.10930222112092,126.46319050257821,34.39146379258193,0.27762467326633256,c72307ef-f384-4659-aded-5319b398f560,Non-Event,Crack,condition_like,0.76,R4,spike kecil/rapat + durasi sangat singkat → Non-Event,True,1.0,0.6951302620182841,high
228,1776412953.3,-6.870026,109.4526214,68.860794,-33.126123310725404,7.021846808033325,-3.3779245013052783,3.501864353031289,12.148663,0.0,36.59425955295298,normal,0,3,0.0,0.0,0.81764075239573,7313.668882075829,128.6927999131261,56.83044296326188,0.0,0.0,0.0,3659.4294451991723,54.96361630359728,5.469904749644861,0.5544554455445545,2.2216578318290408,-1.0058338369582922,36.277088843009665,70.93022953986134,21.485481530255075,0.5114474966019275,c72307ef-f384-4659-aded-5319b398f560,Non-Event,Maneuver,condition_like,0.88,R5,gyro dominan + asimetri tinggi → maneuver (Non-Event),False,1.0,0.2953983521400113,low
229,1776413000.49,-6.8651228,109.453021,75.510822,35.66407567336176,7.699960944869044,3.636723618499871,1.3311507775548954,14.353835,0.07999992370605469,48.58526440758165,normal,0,2,0.0,0.0,0.687166013103718,8818.9420653885,61.045140049774474,144.46591348192294,0.0,0.0,0.07999992370605469,4858.531074214466,59.51261771385417,8.188029286880974,0.4752475247524752,2.4413311602035526,0.42403927295610877,20.879391645336643,21.938071130457523,18.227677273980298,0.9517423190686354,c72307ef-f384-4659-aded-5319b398f560,Non-Event,Normal,condition_like,0.92,R6,amplitudo rendah + tidak ada struktur event → Non-Event,False,1.0,0.3078311109967034,medium
230,1776413020.505,-6.8631877,109.4531627,89.40887,33.553409385798815,9.11716743230359,3.4214955551384842,5.1704039887758055,11.163759,0.019999980926513672,40.7919757647885,candidate,1,2,0.0,0.0,0.450509030828327,11196.423657467345,250.80636786276145,44.64170390981542,0.1,0.0,0.019999980926513672,4079.2014667085205,55.02708516350471,11.975283392892978,0.45,0.08503044042692576,0.7709497177511037,41.24201534047492,162.70516192747866,46.85919059480791,0.2534769923610686,c72307ef-f384-4659-aded-5319b398f560,Non-Event,Normal,condition_like,0.92,R6,amplitudo rendah + tidak ada struktur event → Non-Event,False,1.0,0.37304438401541634,medium
231,1776413104.18,-6.8573752,109.4534641,57.1020085,-39.04699015343994,5.822784386105347,-3.9816848927452235,1.8525873345325214,6.420327,0.04999995231628418,49.00550891829047,normal,0,2,0.0,0.0,0.47826660854769965,6847.746286639199,116.6380552155853,58.709365612046234,0.0,0.0,0.04999995231628418,3703.3824092981313,58.80709252314313,6.549505402962518,0.5544554455445545,3.5749634155434054,-0.6776090222080438,17.819855788103553,81.55056713736352,17.267632290118232,0.21851295699237613,c72307ef-f384-4659-aded-5319b398f560,Non-Event,Normal,condition_like,0.92,R6,amplitudo rendah + tidak ada struktur event → Non-Event,False,1.0,0.37610733788089046,medium
232,1776413107.52,-6.8573752,109.4534641,70.1317465,35.997637884484234,7.151447895050809,3.6707374979717065,1.2065710418144935,6.420327,0.06999993324279785,36.06595607776388,normal,0,3,0.0,0.0,0.5870163430856702,7223.477850012615,57.87598166131571,124.80959316550465,0.0,0.0,0.06999993324279785,2609.682112316014,57.80192509544892,4.376438334115656,0.4752475247524752,3.516802811301763,0.9146333588979606,9.902369742788677,33.28549324899722,14.68811866952983,0.2974980533175349,c72307ef-f384-4659-aded-5319b398f560,Non-Event,Maneuver,condition_like,0.88,R5,gyro dominan + asimetri tinggi → maneuver (Non-Event),False,1.0,0.26629950800866187,low
233,1776413121.11,-6.8566992,109.4534263,69.332875,-32.74735834150093,7.069985672987208,-3.3393012233026496,1.494534980327284,7.8176622,0.1399998664855957,33.80800073658547,normal,1,2,0.0,0.0,0.15419686878326347,4022.0033972658644,140.58860987239737,28.60831593902269,0.1,0.0,0.1399998664855957,3188.6318071529518,49.41206475262966,5.517772218184089,0.37623762376237624,6.881576336133909,-0.4937170318027801,36.909682425131145,60.591735142574905,43.087192304691314,0.6091537357219986,c72307ef-f384-4659-aded-5319b398f560,Non-Event,Normal,condition_like,0.92,R6,amplitudo rendah + tidak ada struktur event → Non-Event,False,1.0,0.22390634194801148,low
234,1776413122.0,-6.8561312,109.4534072,91.50879,-61.206759823999846,9.331299679299253,-6.2413525336378735,3.88282486126805,5.442369,0.08999991416931152,88.07038039766333,candidate,0,2,0.0,0.0,0.8105921258726503,21960.102287234287,453.39739963864736,48.434557093405665,0.0,0.0,0.08999991416931152,8807.046438820325,98.08656872100187,7.870850203208147,0.49504950495049505,4.977718517788638,-1.2221030596719606,50.01151656889672,354.8388478697408,48.54703520000984,0.1409414914071476,c72307ef-f384-4659-aded-5319b398f560,Non-Event,Non-Event,ambiguous,0.4,R9,fallback,True,1.0,0.7861774889383001,high
235,1776413317.36,-6.8462022,109.4530958,47.317986000000005,30.433492351771726,4.825091748966264,3.103352556864141,0.8295552656393665,1.6511335,0.04999995231628418,21.70442070632736,normal,0,2,0.0,0.0,0.786274390943014,3840.1920245290717,63.60611990576663,60.3745672561666,0.0,0.0,0.04999995231628418,2170.4441405295684,47.18168802583464,1.6081997018060437,0.36633663366336633,5.74568000361333,1.122947201157432,10.62091312523806,42.696682689860204,10.288524090668368,0.24875264791959384,c72307ef-f384-4659-aded-5319b398f560,Non-Event,Normal,condition_like,0.92,R6,amplitudo rendah + tidak ada struktur event → Non-Event,False,1.0,0.11925279116241258,low
236,1776413332.37,-6.8460321,109.4530811,53.605022500000004,29.703812244288518,5.4661910540296645,3.0289458932753304,1.3845520358878751,2.2006307,0.019999980926513672,44.49653355302529,normal,0,2,0.0,0.0,0.46262996634176523,5655.099538306037,124.46855201323176,45.43396224510512,0.0,0.0,0.019999980926513672,4449.657598826698,45.62687891237442,6.9352360689090835,0.45544554455445546,1.4759112787674464,1.0302183453692912,21.552254379255196,82.08680839877967,20.82948923519689,0.2625544169289591,c72307ef-f384-4659-aded-5319b398f560,Non-Event,Normal,condition_like,0.92,R6,amplitudo rendah + tidak ada struktur event → Non-Event,False,1.0,0.2003153956004682,low
237,1776413391.5566666,-6.8415711,109.4521877,102.020905,-92.00836546040945,10.403237089118099,-9.382242198957794,7.375063998235202,9.448044,0.18999981880187988,88.11160297970608,high_conf,2,2,0.19000005722045898,0.0,0.6251480856831919,22321.339846939907,760.9906181455448,29.331951387262496,0.19000005722045898,0.4403702615873486,0.18999981880187988,8811.168700955895,136.10576712308057,12.588927107044093,0.53,7.987606680250348,-1.1679198986082209,65.33185071291587,666.2353892770341,29.423378155594868,0.0980612132984253,c72307ef-f384-4659-aded-5319b398f560,Pothole,Pothole,event,0.95,R1,impulse tajam + durasi pendek + accel dominan,False,1.0,0.8642499864101411,high
238,1776413418.0,-6.8394294,109.4516,54.116753,32.86130874941085,5.518373042782194,3.3509209311447696,2.060731225310266,6.5210156,0.04999995231628418,33.757100863988114,normal,0,2,0.0,0.0,0.722247410309459,5447.37520171381,108.55222608423911,50.18206763723528,0.0,0.0,0.04999995231628418,3375.7133057298906,53.32256921498916,8.197340403289449,0.37623762376237624,4.87308282414374,1.2441694390673679,16.781260593516816,74.34017691639393,17.43078857432838,0.2257360832844619,c72307ef-f384-4659-aded-5319b398f560,Non-Event,Normal,condition_like,0.92,R6,amplitudo rendah + tidak ada struktur event → Non-Event,False,1.0,0.23760284648573937,low
239,1776413440.525,-6.8382885,109.4512137,86.18603,-31.708158040388568,8.788529212320212,-3.2333322837450678,1.912561858472494,7.591617,0.059999942779541016,20.151245720519814,normal,1,2,0.0,0.0,0.6480732996481565,7041.77511737049,134.82463247471097,52.229143413108666,0.1,0.0,0.059999942779541016,3285.0845339630955,49.48949274858848,6.814555581640364,0.47,2.4093936307526658,-0.6955199032485895,18.382534096354828,99.3060285519355,17.136069826420623,0.1851099493081742,c72307ef-f384-4659-aded-5319b398f560,Non-Event,Normal,condition_like,0.92,R6,amplitudo rendah + tidak ada struktur event → Non-Event,False,1.0,0.17042271928770822,low
240,1776413481.6,-6.8369955,109.4508509,42.746708,-29.758068675504287,4.358951119903331,-3.0344785095322346,1.7966210344438946,2.825318,0.11999988555908203,43.37878944148388,normal,2,2,0.49000000953674316,0.0,0.24946283056813048,7389.351909632306,228.80967737273085,32.29475239939394,0.49000000953674316,0.828326414561545,0.11999988555908203,4337.88308107607,50.54445729323068,8.092059514988293,0.39603960396039606,0.9088782283722208,0.04460072942441211,37.08944015232141,144.83542712919336,46.884810091216046,0.25607988757583255,c72307ef-f384-4659-aded-5319b398f560,Non-Event,Non-Event,ambiguous,0.4,R9,fallback,True,1.0,0.2186551004665091,low
241,1776413484.07,-6.8368948,109.4510861,58.080902,41.69835562530147,5.922603743378218,4.252048928563931,0.6829204763596198,2.4950926,0.019999980926513672,47.8863783634345,normal,0,3,0.0,0.0,0.43412848418360794,10544.366732098257,102.7815311297215,102.59009097850493,0.0,0.0,0.019999980926513672,3661.0011810421834,71.07312160070713,6.53743070039328,0.40594059405940597,2.293205158498429,1.1278996291377696,18.746583606160346,62.0751314111869,21.95981611237424,0.30199828623775793,c72307ef-f384-4659-aded-5319b398f560,Non-Event,Normal,condition_like,0.92,R6,amplitudo rendah + tidak ada struktur event → Non-Event,False,1.0,0.37169261494418054,medium
242,1776413488.3040001,-6.8368948,109.4510861,76.06516,-40.154212813751016,7.75648768947602,-4.094590182554799,2.5852816680027844,2.4950926,0.08999991416931152,37.70193654165736,normal,1,3,0.0,0.0,0.8599487181256499,4458.430989271727,224.02767387343533,19.901251002986672,0.1,0.0,0.08999991416931152,2942.2219525828905,51.61467506961913,4.198115990875554,0.39,4.897822800966662,0.25817408474187015,39.32311514972052,146.53133441266755,38.17322431104724,0.26835976782015364,c72307ef-f384-4659-aded-5319b398f560,Non-Event,Maneuver,condition_like,0.88,R5,gyro dominan + asimetri tinggi → maneuver (Non-Event),False,1.0,0.3827876983515356,medium
243,1776413493.24,-6.8368948,109.4510861,71.37359,-31.432111595981254,7.278080690143932,-3.205183380255363,5.6583722054247865,2.4950926,0.039999961853027344,50.67957706365546,candidate,0,3,0.0,0.0,0.3337086253174765,8636.342092105877,147.8982279361702,58.39381684437305,0.0,0.0,0.039999961853027344,5067.962539551257,51.2850251722548,3.741943262884581,0.5247524752475248,0.8827546854014501,-0.2513759701625291,24.180850367744057,104.1347138087639,19.582663759662246,0.23220739032272275,c72307ef-f384-4659-aded-5319b398f560,Non-Event,Normal,condition_like,0.92,R6,amplitudo rendah + tidak ada struktur event → Non-Event,False,1.0,0.39132183457029257,medium
244,1776413494.62,-6.8367664,109.4513133,62.04742399999999,-37.158978098438496,6.327076422631581,-3.7891612424669483,0.9152867003234902,2.20134,0.059999942779541016,43.56298681448139,normal,1,3,0.0,0.0,0.26912272002151855,9093.903961228225,206.10393609304458,44.122902694104425,0.1,0.0,0.059999942779541016,3163.411361346578,63.70858502243446,3.874766165570835,0.3465346534653465,1.7853903518154945,0.035548163736638605,43.04794860870854,136.47347734710027,26.582510137235754,0.31543087440932954,c72307ef-f384-4659-aded-5319b398f560,Non-Event,Normal,condition_like,0.92,R6,amplitudo rendah + tidak ada struktur event → Non-Event,False,1.0,0.2985936948042288,low
245,1776413497.3200002,-6.8367664,109.4513133,67.16724,36.47716168364256,6.849152360897963,3.719635317222758,2.887859995118574,2.20134,0.1399998664855957,53.40925365617467,normal,2,2,0.4100000858306885,0.0,0.6882127196809935,7018.360067844368,152.92116910451705,45.89528096762226,0.4100000858306885,0.7335211244257741,0.1399998664855957,5340.930459125671,60.13189873444526,4.779750094922988,0.47,3.0736774792350365,2.2769546525230804,25.343155744891945,94.42022344727667,33.15778991234843,0.2684081285894773,c72307ef-f384-4659-aded-5319b398f560,Non-Event,Non-Event,ambiguous,0.4,R9,fallback,True,1.0,0.39273813292770143,medium
246,1776413508.5825,-6.8363089,109.4522048,88.76077,40.27835488874864,9.05107962454049,4.107249151213579,4.5850350781227,3.2867415,0.0,30.66339329181119,candidate,0,1,0.0,0.0,0.42868066030543467,13956.052297113842,170.13039298170062,82.03150519133558,0.0,0.0,0.0,5270.895833656207,61.97872022048844,10.324171824251614,0.47,0.40063542843976574,0.5812024480837966,19.183475101547895,130.75912598703798,20.187791893114706,0.1467084978584289,c72307ef-f384-4659-aded-5319b398f560,Non-Event,Normal,condition_like,0.92,R6,amplitudo rendah + tidak ada struktur event → Non-Event,False,1.0,0.42113318625883084,medium
247,1776413513.17,-6.8363089,109.4522048,76.1963425,-30.894609563278987,7.769864581686917,-3.1503734265298537,1.8651087774927841,3.2867415,0.09999990463256836,39.44394476475172,normal,0,2,0.0,0.0,0.5187195373150081,5020.215055919156,192.61660784648234,26.063251170205813,0.0,0.0,0.09999990463256836,3944.3982381464652,52.27826552572283,8.474791040650924,0.43564356435643564,3.8997756803448462,-0.473944019713148,22.884610041977673,142.8442136819033,26.887784122601396,0.16020676856209343,c72307ef-f384-4659-aded-5319b398f560,Non-Event,Normal,condition_like,0.92,R6,amplitudo rendah + tidak ada struktur event → Non-Event,False,1.0,0.22370611529251921,low
248,1776413520.436,-6.8362953,109.4522306,75.932945,-53.695731358727116,7.743005511566132,-5.47544078342014,4.31172754967158,2.3380625,0.04999995231628418,53.63157431128182,candidate,1,1,0.0,0.0,0.9999999998489371,24171.444099675376,365.63983869290263,66.10724947253215,0.1,0.0,0.04999995231628418,6688.035388124329,86.44116056496128,13.855593486576566,0.41,0.4870365903689886,-0.8353510880976256,47.932788039430804,277.34955168156745,40.3574989719042,0.1728244649251832,c72307ef-f384-4659-aded-5319b398f560,Non-Event,Crack,condition_like,0.76,R4,spike kecil/rapat + durasi sangat singkat → Non-Event,True,1.0,0.697562279963401,high
249,1776413668.4325,-6.8348661,109.4553644,69.10147,-54.73266740842668,7.046388929960793,-5.581178833590133,3.517467493764157,0.00244016,0.029999971389770508,53.405742098082655,candidate,1,3,0.0,0.0,0.3030300542943917,22572.427091750847,236.64058622215785,95.38696365116726,0.1,0.0,0.029999971389770508,5340.579302981581,97.76562168391445,16.84803075710358,0.4,1.842998837286487,0.1966086502330217,26.53984189806407,188.86902797068413,21.23171635340963,0.1405198197010031,40a7a6c4-b8d9-447a-ba96-8503647f43bb,Non-Event,Crack,condition_like,0.76,R4,spike kecil/rapat + durasi sangat singkat → Non-Event,True,1.0,0.6846948796785002,high
250,1776413671.77,-6.8348661,109.4553644,63.035118999999995,38.25829678310591,6.427793283129305,3.901260551065442,2.070532316745503,0.00244016,0.14999985694885254,49.06445656132412,normal,1,3,0.0,0.0,0.5608937514020613,6073.377733533296,256.92100870244565,23.639085571737436,0.1,0.0,0.14999985694885254,4536.711261266578,64.33724320292552,29.89118479130232,0.44554455445544555,5.527197422813622,-0.771432977321602,24.547775575713242,198.56105495705094,33.81217816968149,0.12362834926211796,40a7a6c4-b8d9-447a-ba96-8503647f43bb,Non-Event,Maneuver,condition_like,0.88,R5,gyro dominan + asimetri tinggi → maneuver (Non-Event),False,1.0,0.3790050043602441,medium
251,1776413675.6866667,-6.8325817,109.4598817,60.176708500000004,-42.831970609249254,6.136316530109672,-4.367645486404558,2.6164970791773796,5.123545,0.04999995231628418,38.93563304310425,normal,1,3,0.0,0.0,0.6055013127534179,16595.882593271494,262.0806500253701,63.323570543423926,0.1,0.0,0.04999995231628418,7111.527762194823,73.30703981459561,8.865666216067298,0.49,0.6216353632185267,-0.5539630724485637,22.604422128381355,212.08786586667708,27.388362030311676,0.1065804586671192,40a7a6c4-b8d9-447a-ba96-8503647f43bb,Non-Event,Maneuver,condition_like,0.88,R5,gyro dominan + asimetri tinggi → maneuver (Non-Event),False,1.0,0.4258988321673318,medium
252,1776413680.6933334,-6.8325817,109.4598817,75.25927,-36.55012988534298,7.6743097795883415,-3.7270760030533348,4.774800506088186,5.123545,0.039999961853027344,51.12782563615721,candidate,1,4,0.0,0.0,0.05143724755856221,15421.256317987332,513.0394506198908,30.058616874970642,0.1,0.0,0.039999961853027344,5112.787439549787,65.78993550623889,13.825333547739175,0.62,0.19012684642844402,0.326446168358782,59.343491187078854,413.4407271336774,40.25523229913453,0.14353566823221,40a7a6c4-b8d9-447a-ba96-8503647f43bb,Non-Event,Normal,condition_like,0.92,R6,amplitudo rendah + tidak ada struktur event → Non-Event,False,1.0,0.4416474999204409,medium
253,1776413685.7314284,-6.8323617,109.460395,80.06029,-59.15959646382238,8.16387757287147,-6.03259996673914,3.375795864909351,4.6551476,0.0,80.86945596123682,candidate,0,1,0.0,0.0,0.03751238333888568,40047.35497608502,392.7171844753156,101.9750508947417,0.0,0.0,0.0,8086.953308443351,105.85672710892328,15.737911358307715,0.41,0.1026463282397696,-0.116474818840769,37.86242941926958,326.45387670330064,28.400878352745334,0.11598094556463212,40a7a6c4-b8d9-447a-ba96-8503647f43bb,Non-Event,Non-Event,ambiguous,0.4,R9,fallback,True,1.0,0.7625265288303118,high
254,1776413692.03,-6.8323617,109.460395,71.56221,-40.323198788267256,7.297314577353123,-4.111821956352808,2.368124894373513,4.6551476,0.059999942779541016,44.20016545676454,normal,1,2,0.0,0.0,0.3524730187396781,2773.3315588712803,75.0848439949382,36.93596968946587,0.1,0.0,0.059999942779541016,2264.1135164343973,25.804519550925445,3.302893158524877,0.4752475247524752,-0.37029010127849604,0.29266799346344774,8.706628944771428,52.4747432413804,13.903471808786362,0.1659203693251272,40a7a6c4-b8d9-447a-ba96-8503647f43bb,Non-Event,Normal,condition_like,0.92,R6,amplitudo rendah + tidak ada struktur event → Non-Event,False,1.0,0.39754467049638564,medium
255,1776413694.25,-6.8321683,109.4609,57.581356,-56.58187608729355,5.8716642278453905,-5.769745640692138,2.5720232690430254,5.9769545,0.0,62.300597651889234,candidate,0,2,0.0,0.0,0.006875455801928354,20345.700723531223,440.28911584287266,46.20986516637443,0.0,0.0,0.0,6230.065706642577,76.32393874570276,7.0360863373360365,0.4752475247524752,0.084567964204048,0.13368612428149942,64.9774792563782,317.3495395926383,57.962096993856136,0.2047505067599443,40a7a6c4-b8d9-447a-ba96-8503647f43bb,Non-Event,Normal,condition_like,0.92,R6,amplitudo rendah + tidak ada struktur event → Non-Event,False,1.0,0.7011959550719216,high
256,1776413699.5949998,-6.8321683,109.4609,92.32738,-50.35213982072399,9.414772628777412,-5.134489333332381,5.003445979946171,5.9769545,0.019999980926513672,70.95366977389207,candidate,1,2,0.0,0.0,0.7630936301422951,12262.92301478533,276.7637762195832,44.30826583587194,0.1,0.0,0.019999980926513672,6572.904185980622,65.8802113747772,9.1544695393435,0.5,1.2092907839021354,-0.7099812432723506,34.130378429231676,213.78946575701212,28.843932033339392,0.15964480826374589,40a7a6c4-b8d9-447a-ba96-8503647f43bb,Non-Event,Crack,condition_like,0.76,R4,spike kecil/rapat + durasi sangat singkat → Non-Event,True,1.0,0.6884549312342181,high
257,1776413703.47,-6.8321683,109.4609,50.4161225,-29.866255286387307,5.141013750873133,-3.0455104736466896,1.545234965645699,5.9769545,0.029999971389770508,36.03241648952732,normal,0,1,0.0,0.0,0.27488254735758744,3746.073605823837,77.43506141399885,48.376968895509215,0.0,0.0,0.029999971389770508,2483.0184028936337,47.404107713519764,6.987849876804261,0.48514851485148514,5.374374777355198,-1.2381626328370738,6.923679018826943,58.67571545524388,11.83566693992805,0.11799905373304001,40a7a6c4-b8d9-447a-ba96-8503647f43bb,Non-Event,Normal,condition_like,0.92,R6,amplitudo rendah + tidak ada struktur event → Non-Event,False,1.0,0.18069245605451728,low
258,1776413703.9,-6.832005,109.461255,55.8897975,-30.386544075101956,5.699173265080328,-3.0985651649749872,2.250018601398803,4.4667597,0.009999990463256836,36.03241648952732,normal,0,2,0.0,0.0,0.01669859588081703,9498.728430956498,110.5839902473604,85.8960535228758,0.0,0.0,0.009999990463256836,3603.2450852750258,55.53732203882895,4.899689365162664,0.43564356435643564,1.2835980676486622,-0.3253628577504063,9.266811732639576,88.86133259888038,12.455845915840454,0.10428395970816642,40a7a6c4-b8d9-447a-ba96-8503647f43bb,Non-Event,Normal,condition_like,0.92,R6,amplitudo rendah + tidak ada struktur event → Non-Event,False,1.0,0.2106434490427102,low
259,1776413706.62,-6.832005,109.461255,74.25673,-37.75468596066939,7.572079150372452,-3.849906538998475,2.252734832584053,4.4667597,0.029999971389770508,55.647021540691384,normal,0,3,0.0,0.0,0.7351953749727151,6645.867144047372,93.64268850274779,70.97048556953675,0.0,0.0,0.029999971389770508,3113.627457271657,52.11112882471009,8.284082167275534,0.5445544554455446,4.139121969967617,-2.2431637793353705,22.045070031518495,55.21238273545303,16.38523573577627,0.39927763555991685,40a7a6c4-b8d9-447a-ba96-8503647f43bb,Non-Event,Maneuver,condition_like,0.88,R5,gyro dominan + asimetri tinggi → maneuver (Non-Event),False,1.0,0.39031721159244376,medium
260,1776413710.5199997,-6.832005,109.461255,78.22533,-47.26741869769104,7.976763726654872,-4.819935319165163,3.5592313472767545,4.4667597,0.09999990463256836,53.59395347339202,normal,1,3,0.0,0.0,0.22241569249014592,8181.342176896082,190.8793181888938,42.86133359895234,0.1,0.0,0.09999990463256836,3875.7783528650284,45.86230972831099,11.689117218474893,0.53,0.08408809748436541,0.07189895205600093,25.49032626692275,143.27302280252098,22.115969119450092,0.17791434556485036,40a7a6c4-b8d9-447a-ba96-8503647f43bb,Non-Event,Normal,condition_like,0.92,R6,amplitudo rendah + tidak ada struktur event → Non-Event,False,1.0,0.5777778472094157,high
261,1776413715.935,-6.8317417,109.46172,60.6116865,42.90007082717841,6.180671941998542,4.374589776037527,3.7865349391998553,5.8750396,0.08999991416931152,65.69151322396851,normal,1,3,0.0,0.0,0.6165773658913238,13843.178889785355,170.9320402515422,80.98644811369125,0.1,0.0,0.08999991416931152,6569.157587233723,76.81837511266889,2.723054595008267,0.38,1.6461283317140554,0.7595501534369161,16.803576278451633,137.45248764897724,16.67597632411334,0.12225006941390629,40a7a6c4-b8d9-447a-ba96-8503647f43bb,Non-Event,Maneuver,condition_like,0.88,R5,gyro dominan + asimetri tinggi → maneuver (Non-Event),False,1.0,0.5391562912749893,high
262,1776413729.93,-6.8315033,109.4621567,34.654382999999996,-30.085937411048015,3.5337636195846693,-3.0679118160684857,1.3658430342391792,5.4251723,0.019999980926513672,36.477909021581034,normal,0,2,0.0,0.0,0.1968814368112738,6896.341676554828,201.73545891165145,34.18507425305908,0.0,0.0,0.019999980926513672,3306.77403739483,53.09618029280918,4.512634164472625,0.36633663366336633,1.071421535622532,-0.28874108968542617,25.673513276649274,154.7047720245222,21.357173610479915,0.16595165601374026,40a7a6c4-b8d9-447a-ba96-8503647f43bb,Non-Event,Normal,condition_like,0.92,R6,amplitudo rendah + tidak ada struktur event → Non-Event,False,1.0,0.17880790219300413,low
263,1776413732.66,-6.8315033,109.4621567,45.158123,-33.105414140750916,4.604847017075149,-3.375812753667248,1.1101641518543552,5.4251723,0.06999993324279785,36.91262419002615,normal,1,3,0.0,0.0,0.7777818707863887,7746.12265221378,128.11127860099006,60.46401750368527,0.1,0.0,0.06999993324279785,3347.199187840893,59.0588462665417,4.789087001070898,0.38613861386138615,2.1253251062396172,-0.4377618831338512,19.764040805095295,87.73168085182652,20.615556944068267,0.22527826194504694,40a7a6c4-b8d9-447a-ba96-8503647f43bb,Non-Event,Maneuver,condition_like,0.88,R5,gyro dominan + asimetri tinggi → maneuver (Non-Event),False,1.0,0.22166946040519603,low
264,1776413741.2142856,-6.8311626,109.4626186,108.05836,-81.57017462336702,11.018886163980564,-8.317842955888812,6.055713750039919,5.300893000000001,0.0,52.05538784506165,high_conf,0,1,0.0,0.0,0.4332015056678064,13897.950641428391,364.2124612561932,38.15891020129986,0.0,0.0,0.0,5205.543748899541,61.75266878386479,21.786966590637615,0.52,0.6672012292590215,-0.37618325098229377,40.78595496711967,289.7846539021357,33.64185238693781,0.14074573748873506,40a7a6c4-b8d9-447a-ba96-8503647f43bb,Pothole,Pothole,event,0.95,R1,impulse tajam + durasi pendek + accel dominan,False,1.0,0.8235179594835389,high
265,1776413746.56,-6.8308549,109.4630619,79.0432525,-38.71778872365193,8.060168610075817,-3.948115689216188,3.081931323189953,6.4864845,0.0,41.1656895776883,normal,0,4,0.0,0.0,0.03069407487290523,9797.905467516266,206.0699777178131,47.54649623627741,0.0,0.0,0.0,4116.572883638661,57.391922363422225,5.909847972167372,0.5544554455445545,1.426855391658295,-0.6404818103337528,25.428418199741426,155.336357910237,25.30520160783468,0.16369907456396313,40a7a6c4-b8d9-447a-ba96-8503647f43bb,Non-Event,Normal,condition_like,0.92,R6,amplitudo rendah + tidak ada struktur event → Non-Event,False,1.0,0.382167362747721,medium
266,1776413749.2,-6.8308549,109.4630619,95.9279975,-48.779431986962834,9.781933432925618,-4.9741177656960165,6.777377129171405,6.4864845,0.07999992370605469,55.49593202149128,candidate,1,4,0.0,0.0,0.26914588938376544,15362.195202552604,295.0504582064452,52.06633212457995,0.1,0.0,0.07999992370605469,5549.598494658679,72.47728824034724,8.44340230819022,0.46534653465346537,1.1186868622239778,-0.3225253725214004,29.967030999325484,233.8884096213796,31.19501758574015,0.12812533515325114,40a7a6c4-b8d9-447a-ba96-8503647f43bb,Non-Event,Normal,condition_like,0.92,R6,amplitudo rendah + tidak ada struktur event → Non-Event,False,1.0,0.6871040992039941,high
267,1776413759.9325,-6.8305467,109.4635633,82.761986,-44.34454204775789,8.43937389424523,-4.5218848483180185,2.825523007283342,7.265819,0.0,47.19815968699504,normal,0,2,0.0,0.0,0.215378135551457,18975.550167121455,314.21776227866934,60.38980727608537,0.0,0.0,0.0,4719.820469871064,76.5787996855278,6.129826266540431,0.38,0.9306918003054601,-0.22656963259127216,25.85467184672235,260.1824169270143,28.18067350493269,0.09937132590556153,40a7a6c4-b8d9-447a-ba96-8503647f43bb,Non-Event,Normal,condition_like,0.92,R6,amplitudo rendah + tidak ada struktur event → Non-Event,False,1.0,0.479794026447131,medium
268,1776413767.4919999,-6.83023,109.464085,84.463518,-52.745766929218135,8.612881870975308,-5.378571370367877,5.57108302268333,6.2790966,0.0,72.8188838991222,candidate,0,1,0.0,0.0,0.18634900459616088,4819.911381600912,133.86438314112903,36.005928033250655,0.0,0.0,0.0,2295.229279326203,39.19505634760462,11.105529782917396,0.54,0.17702276938994288,-0.05164658811555366,24.421649480024758,85.85214766723075,23.590585993873496,0.28446171539264403,40a7a6c4-b8d9-447a-ba96-8503647f43bb,Non-Event,Normal,condition_like,0.92,R6,amplitudo rendah + tidak ada struktur event → Non-Event,False,1.0,0.7424884729779593,high
269,1776413778.12,-6.829965,109.4645683,50.050987,-32.20023078418885,5.103780291944752,-3.2835097392268358,2.3230992328406894,6.1591663,0.0,36.16459454236655,normal,0,3,0.0,0.0,0.01467029297500103,5186.6242236124435,128.56892410978065,40.34119612638715,0.0,0.0,0.0,3523.6310819184127,45.90183735913999,3.3250090621494994,0.504950495049505,2.9492029665881887,-0.11121479528558845,16.26734044525637,88.4556174895001,23.84596617502418,0.18390398171470979,40a7a6c4-b8d9-447a-ba96-8503647f43bb,Non-Event,Normal,condition_like,0.92,R6,amplitudo rendah + tidak ada struktur event → Non-Event,False,1.0,0.2405117504532702,low
270,1776413781.83,-6.829965,109.4645683,59.706985,33.32160042076441,6.088418063252997,3.3978576191425627,2.4825842881901816,6.1591663,0.07999992370605469,41.790543627389994,normal,1,4,0.0,0.0,0.4963239717103461,6787.26214714058,128.52388101041524,52.8093459438967,0.1,0.0,0.07999992370605469,4179.058348199613,58.87392895042757,11.254678063617424,0.45544554455445546,2.997691732477704,-1.1532478639181314,12.999789815924641,96.44805286191719,19.076038332573415,0.13478540307859596,40a7a6c4-b8d9-447a-ba96-8503647f43bb,Non-Event,Normal,condition_like,0.92,R6,amplitudo rendah + tidak ada struktur event → Non-Event,False,1.0,0.28773325884697787,low
271,1776413814.08,-6.8293177,109.4659107,59.02126833333333,-30.25824101321332,6.018494423002078,-3.085481893736732,1.5525908598666176,5.857364999999999,0.08999991416931152,39.865585997432206,normal,1,2,0.0,0.0,0.16821304188325276,8914.172944962114,183.55171393412678,48.564912336347504,0.1,0.0,0.08999991416931152,3954.686861110793,48.46204650547347,1.8299661906872757,0.39603960396039606,0.5260859105393885,-0.3161331365089779,29.36018862952106,113.81209912390008,40.379426180705664,0.257970713110104,40a7a6c4-b8d9-447a-ba96-8503647f43bb,Non-Event,Normal,condition_like,0.92,R6,amplitudo rendah + tidak ada struktur event → Non-Event,False,1.0,0.2042105929435361,low
272,1776413830.93,-6.8290874,109.4663951,59.64413,-31.08851725198883,6.082008636996324,-3.170146507929704,2.4464334048837815,2.6276822,0.019999980926513672,43.51876535215319,normal,0,3,0.0,0.0,0.2311680138989491,11447.195824881155,231.9415565988011,49.35379387544617,0.0,0.0,0.019999980926513672,4351.880685492157,56.74816466976397,7.287044003780482,0.43564356435643564,0.17072320235270988,0.05277875930006346,18.565521582240383,202.21176017531124,11.16427484124937,0.09181227379818259,40a7a6c4-b8d9-447a-ba96-8503647f43bb,Non-Event,Normal,condition_like,0.92,R6,amplitudo rendah + tidak ada struktur event → Non-Event,False,1.0,0.2536323060955808,low
273,1776413842.15,-6.8284314,109.4678833,75.64793,32.487658147550306,7.713942069921941,3.3128191734741534,2.818434912142954,10.877279,0.0,50.13573731806244,normal,0,4,0.0,0.0,0.17168351365296292,13680.923582999418,178.6623299441146,76.57419172079871,0.0,0.0,0.0,5013.578513127305,59.03788409465767,2.3828703376520775,0.4158415841584158,0.21987965730717596,0.2699878678922171,39.38255855730065,109.05021463816851,30.229556748645425,0.36114150097577996,40a7a6c4-b8d9-447a-ba96-8503647f43bb,Non-Event,Normal,condition_like,0.92,R6,amplitudo rendah + tidak ada struktur event → Non-Event,False,1.0,0.30798983081942966,medium
274,1776413858.16,-6.8277433,109.4695017,95.25065,-44.2633442150687,9.71286321016861,-4.513604973672835,6.30890652880523,8.955652,0.08999991416931152,47.59982587201804,candidate,1,2,0.0,0.0,0.3615284065507774,8524.96287720087,156.69271593464208,54.40561019027264,0.1,0.0,0.08999991416931152,4759.9871266792725,71.73209052051973,5.563867564292034,0.5445544554455446,4.805038879030384,-0.16581146452652692,15.025794443844589,121.85773848745814,19.8091830033394,0.12330603297783213,40a7a6c4-b8d9-447a-ba96-8503647f43bb,Non-Event,Normal,condition_like,0.92,R6,amplitudo rendah + tidak ada struktur event → Non-Event,False,1.0,0.5924568258536838,high
275,1776413883.0933332,-6.8268109,109.4702084,58.528126,-37.171869040262436,5.968207899741502,-3.7904757527047908,3.4479894523384926,5.7945676,0.0,28.396965280333795,normal,0,1,0.0,0.0,0.08172007494134921,16489.17798956326,204.9892460334432,80.4392339022208,0.0,0.0,0.0,4749.454717828378,73.14702617203918,5.749287198707554,0.45,0.48488514365447566,-0.05248465649698846,21.52116246423261,162.81752139425404,20.650562174956594,0.1321796459481815,40a7a6c4-b8d9-447a-ba96-8503647f43bb,Non-Event,Normal,condition_like,0.92,R6,amplitudo rendah + tidak ada struktur event → Non-Event,False,1.0,0.328160895584781,medium
276,1776413884.98,-6.8264256,109.4709843,42.729202,-36.08212164576686,4.357166004700892,-3.679352444083032,1.970173983552912,9.927378,0.029999971389770508,44.688356101467654,normal,0,1,0.0,0.0,0.3110881021515939,15503.991489682408,200.69163236094772,77.25280436478478,0.0,0.0,0.029999971389770508,3998.0679322047895,63.508656992407,5.796584727313298,0.42574257425742573,0.22201703893003932,0.09702957684160406,29.226593268505958,150.6937180421441,20.77132105029767,0.19394699032102483,40a7a6c4-b8d9-447a-ba96-8503647f43bb,Non-Event,Normal,condition_like,0.92,R6,amplitudo rendah + tidak ada struktur event → Non-Event,False,1.0,0.31878651759001014,medium
277,1776413887.3899999,-6.8264256,109.4709843,94.167392,-49.00678940964953,9.602401635624807,-4.9973017707014655,6.44153387040792,9.927378,0.15999984741210938,65.3179646609079,candidate,1,2,0.0,0.0,0.6746762920510748,12573.34322384836,616.3788758633932,20.398725030668054,0.1,0.0,0.15999984741210938,4175.9089943333165,82.16887928125846,11.26469944249798,0.43,3.549966774423492,-0.4054841920992214,50.90809047940206,541.1218666711908,24.348918712800472,0.09407878986390555,40a7a6c4-b8d9-447a-ba96-8503647f43bb,Non-Event,Normal,condition_like,0.92,R6,amplitudo rendah + tidak ada struktur event → Non-Event,False,1.0,0.7115952541611281,high
278,1776413898.475,-6.8260655,109.4716114,75.033848,-46.812815385146024,7.65132313277215,-4.7735786823376,2.011695669761738,8.2691765,0.04999995231628418,23.106054258501374,normal,1,2,0.0,0.0,0.9999999994849909,5513.483816921356,123.99040992655671,44.46701785823712,0.1,0.0,0.04999995231628418,4932.4019397770635,52.36828910443481,13.929764728142226,0.52,3.567923394548834,1.1774190356840908,20.256798259717364,83.95865492950301,19.77495673733634,0.24127111178061558,40a7a6c4-b8d9-447a-ba96-8503647f43bb,Non-Event,Normal,condition_like,0.92,R6,amplitudo rendah + tidak ada struktur event → Non-Event,False,1.0,0.41386350196142385,medium
279,1776413904.02,-6.8260655,109.4716114,82.79426,-30.758279008834712,8.442664926350997,-3.136471578860744,2.2286952630336767,8.2691765,0.059999942779541016,38.90527166050191,normal,1,3,0.0,0.0,0.0933473861861208,12056.54540411312,236.54259630351942,50.969869873555055,0.1,0.0,0.059999942779541016,3890.530876349565,54.991382793570395,3.847436714922614,0.45544554455445546,0.20704204595275089,0.33951848216561,43.93150584467136,128.0067719619247,64.6043184969234,0.34319672958038466,40a7a6c4-b8d9-447a-ba96-8503647f43bb,Non-Event,Normal,condition_like,0.92,R6,amplitudo rendah + tidak ada struktur event → Non-Event,False,1.0,0.22894481350703946,low
280,1776413906.5200002,-6.825711,109.4722645,102.75667,-35.94135132276372,10.47826423906227,-3.6649978660157876,5.845676976113416,7.291923,0.039999961853027344,45.00362833565197,candidate,2,2,0.6699998378753662,0.0,0.9999999996538868,9695.032552628958,264.7523693139852,36.61924741648604,0.6699998378753662,0.9835939933762678,0.039999961853027344,5092.557191343219,60.44257096257106,15.461149300999319,0.55,1.6736490618369189,-0.24117367789836047,30.294134579994353,206.85631874306017,27.60191599093063,0.14645012836747373,40a7a6c4-b8d9-447a-ba96-8503647f43bb,Non-Event,Non-Event,ambiguous,0.4,R9,fallback,True,1.0,0.44761767069729896,medium
281,1776413910.83,-6.825711,109.4722645,75.67866,-59.019323161440646,7.717075657844422,-6.018296070670479,3.327669799510614,7.291923,0.1099998950958252,72.84918617596645,candidate,2,3,0.37000012397766113,0.0,0.8177469000285154,11795.255406459652,263.9430944120422,44.68863028239495,0.37000012397766113,0.5161874689023976,0.1099998950958252,7284.925565043053,84.40563550234975,4.068452134265187,0.46534653465346537,7.698917105127046,-1.939547102606448,60.409254613013864,145.8043676167959,57.7294721822325,0.4143171784638491,40a7a6c4-b8d9-447a-ba96-8503647f43bb,Non-Event,Maneuver,condition_like,0.88,R5,gyro dominan + asimetri tinggi → maneuver (Non-Event),False,1.0,0.7691723187825407,high
282,1776413932.22,-6.8251415,109.4732711,72.49211,55.1604641814327,7.39213798799794,5.624801964119522,0.17154413153034412,8.02342,0.04999995231628418,44.46174422501463,candidate,0,1,0.0,0.0,0.9299476921896266,5929.17288968707,24.415945723238476,242.8401796946843,0.0,0.0,0.04999995231628418,2322.5955706135987,64.55727967960719,1.633025597880735,0.48514851485148514,26.086701382737402,3.362412962826517,7.007179158740776,11.887168796743664,5.521597767754031,0.5894741371205366,40a7a6c4-b8d9-447a-ba96-8503647f43bb,Non-Event,Normal,condition_like,0.92,R6,amplitudo rendah + tidak ada struktur event → Non-Event,False,1.0,0.5513942428427099,high
283,1776413948.345,-6.8244497,109.4744404,72.02319,-59.58043649669313,7.34432145533898,-6.075513707197986,1.46803609596716,9.309556,0.04999995231628418,68.70995694972774,candidate,1,1,0.0,0.0,0.7792141537700588,13071.133860356185,204.5520174275075,63.90127049755096,0.1,0.0,0.04999995231628418,3979.7991140118397,87.09166087683202,8.657111893240081,0.49,3.3919620946558506,2.0178895560892256,35.16624994316609,154.64388990994073,14.741877574400728,0.2274014817930681,40a7a6c4-b8d9-447a-ba96-8503647f43bb,Non-Event,Crack,condition_like,0.76,R4,spike kecil/rapat + durasi sangat singkat → Non-Event,True,1.0,0.70268453295596,high
284,1776413950.88,-6.8244497,109.4744404,56.846318,-36.20117651205763,5.796711211269904,-3.6914926618220933,0.9812119993836067,9.309556,0.06999993324279785,36.4835767922658,normal,0,3,0.0,0.0,0.9387734564867061,3213.786908984499,27.21856577664843,118.07333337410317,0.0,0.0,0.06999993324279785,3648.361158574914,55.1437335126431,8.280862383006175,0.45544554455445546,16.31997647884093,-1.91744276256954,5.956509982109471,16.28060204940772,4.981453745131238,0.3658654390155508,40a7a6c4-b8d9-447a-ba96-8503647f43bb,Non-Event,Maneuver,condition_like,0.88,R5,gyro dominan + asimetri tinggi → maneuver (Non-Event),False,1.0,0.2632928835535301,low
285,1776413972.9474998,-6.8241104,109.4750159,91.620822,-45.7506526704106,9.342723763976487,-4.665268228233964,5.554582260544414,2.8625748,0.0,42.59664944207208,candidate,0,3,0.0,0.0,0.19155239612765307,16446.278730568167,398.513502942493,41.26906257345153,0.0,0.0,0.0,5522.785662810607,60.31548127261233,18.999884551216027,0.44,-0.3475793805447429,-0.2370178977033834,49.812843035648704,290.7868471737496,57.913812733094694,0.17130363133165075,40a7a6c4-b8d9-447a-ba96-8503647f43bb,Non-Event,Normal,condition_like,0.92,R6,amplitudo rendah + tidak ada struktur event → Non-Event,False,1.0,0.5769318077268155,high
286,1776413978.0124996,-6.8236299,109.47582389999998,100.186195,-58.277874226986896,10.216148735806826,-5.942689320714709,6.899903687381641,6.273261500000001,0.0,54.62078574988599,candidate,0,3,0.0,0.0,0.1137438451542115,20493.35515842676,626.799527525081,32.69523065317164,0.0,0.0,0.0,5462.083784037618,77.91744972477944,6.713300210087814,0.47,0.397768051498705,0.2796520146908393,142.49168542397075,338.15858855926973,146.14925354184027,0.42137532454722976,40a7a6c4-b8d9-447a-ba96-8503647f43bb,Non-Event,Normal,condition_like,0.92,R6,amplitudo rendah + tidak ada struktur event → Non-Event,False,1.0,0.8234726839401596,high
287,1776413984.91,-6.8236299,109.4758239,66.68295,30.449511396717533,6.799768524419655,3.104986044848907,2.507355933528387,6.2732615,0.0,39.01492139189983,normal,0,3,0.0,0.0,0.4298866500061334,11877.05554320066,373.9118854744003,31.764316601937757,0.0,0.0,0.0,3901.4958599463803,59.739131656043,9.022330111685351,0.504950495049505,0.311594075489372,0.27552213375071966,30.992098196848396,316.8960155648772,26.023771712674726,0.09779895163340899,40a7a6c4-b8d9-447a-ba96-8503647f43bb,Non-Event,Normal,condition_like,0.92,R6,amplitudo rendah + tidak ada struktur event → Non-Event,False,1.0,0.2293761758179484,low
288,1776413986.3899999,-6.8233616,109.4762842,94.27787533333333,-58.76083219397851,9.61366780025119,-5.99193732762753,4.259478011156498,6.1592207,0.1399998664855957,60.625425552452185,candidate,1,2,0.0,0.0,0.6688642447338743,18329.671917107367,323.81916274168856,56.604654602001865,0.1,0.0,0.1399998664855957,6062.54833694186,96.46685121964289,5.939940639515331,0.4,3.0655490153222287,-0.8647592288396243,67.73054563603353,208.6679936371812,47.420623468473835,0.32458521372095966,40a7a6c4-b8d9-447a-ba96-8503647f43bb,Non-Event,Crack,condition_like,0.76,R4,spike kecil/rapat + durasi sangat singkat → Non-Event,True,1.0,0.8012731895024324,high
289,1776413992.3630002,-6.8233616,109.4762842,86.056526,-67.13898684844348,8.775323479475663,-6.846271341226972,5.302945447645465,6.1592207,0.0,79.12901430155493,candidate,0,2,0.0,0.0,0.38020590566753143,8301.164378997202,315.53563544988435,26.30816750968049,0.0,0.0,0.0,3689.6082617285097,48.711607381714224,11.889902369767203,0.41,0.1863540289325334,0.005848310175551183,51.71891987653422,233.01780575915313,30.798909814196982,0.22195265072591994,40a7a6c4-b8d9-447a-ba96-8503647f43bb,Non-Event,Non-Event,ambiguous,0.4,R9,fallback,True,1.0,0.8267648482548489,high
290,1776413997.7857144,-6.8231183,109.4766921,86.55706,50.561953232988586,8.826363742970333,5.155884347151024,2.9616411534084444,4.903831000000001,0.0,68.39691131358522,candidate,0,1,0.0,0.0,0.8177759049069983,16339.117487435546,420.3176100163016,38.87326407268205,0.0,0.0,0.0,4208.703509079239,69.66831519882292,18.854996799461983,0.48,0.30133661148260993,0.1956397958815208,76.28810498990431,286.0890250177425,57.940480008654674,0.2666586204015149,40a7a6c4-b8d9-447a-ba96-8503647f43bb,Non-Event,Normal,condition_like,0.92,R6,amplitudo rendah + tidak ada struktur event → Non-Event,False,1.0,0.622104023852935,high
291,1776414003.3400002,-6.8231183,109.4766921,108.34343,-54.11315687752936,11.047955214063926,-5.518006340343478,4.351101630947617,4.903831000000001,0.0,46.32270610115984,candidate,0,2,0.0,0.0,0.40359427847170404,14185.60032380007,254.35283348690555,55.771347515808266,0.0,0.0,0.0,5470.649930489461,71.86813254724,16.54136258504302,0.46,1.2707542068550959,0.1113771310314663,36.11856944995966,171.96868107870424,46.26558295824165,0.2100299252943592,40a7a6c4-b8d9-447a-ba96-8503647f43bb,Non-Event,Normal,condition_like,0.92,R6,amplitudo rendah + tidak ada struktur event → Non-Event,False,1.0,0.6771466924203084,high
292,1776414007.7266667,-6.8229028,109.4770648,97.65576,-54.38303814971269,9.958116176268145,-5.545526571225922,6.4185757469962725,5.2230177,0.0,69.23264062352388,candidate,0,2,0.0,0.0,0.03648478083054114,31138.77733880687,966.1404038057113,32.230074618469985,0.0,0.0,0.0,6923.2706648978065,89.65755418984486,10.427926480810816,0.53,0.6127216274783729,-0.033322214796947025,130.070381786134,732.1968038069045,103.87321821267282,0.17764401719895,40a7a6c4-b8d9-447a-ba96-8503647f43bb,Non-Event,Normal,condition_like,0.92,R6,amplitudo rendah + tidak ada struktur event → Non-Event,False,1.0,0.7818289856838883,high
293,1776414012.626,-6.8229028,109.4770648,79.67494,39.15672329883932,8.124582808604366,3.992874559491704,4.162436749012013,5.2230177,0.0,57.09228639262859,candidate,0,2,0.0,0.0,0.3442214097726565,25414.047269194507,351.13561585498803,72.3767286748641,0.0,0.0,0.0,5592.760487219584,76.87135751850893,27.510517328777386,0.56,-0.3484663275986404,0.09933786629258494,30.817824225783976,284.63816957215386,35.67962205705014,0.10827017389774807,40a7a6c4-b8d9-447a-ba96-8503647f43bb,Non-Event,Normal,condition_like,0.92,R6,amplitudo rendah + tidak ada struktur event → Non-Event,False,1.0,0.4779866968662514,medium
294,1776414016.4239998,-6.8226415,109.4774927,89.558865,59.88383773773342,9.132462665640153,6.106452023650627,3.701199049453011,4.49699,0.0,97.82501027607525,candidate,0,2,0.0,0.0,0.073621480521616,39781.92727702637,817.4635885664205,48.66507546608473,0.0,0.0,0.0,9782.510356936402,118.93121496379206,5.539045501581842,0.42,1.5242178381607854,0.15418704603899758,101.57744364128366,646.0539869592004,69.83215796593652,0.15722748490749736,40a7a6c4-b8d9-447a-ba96-8503647f43bb,Non-Event,Non-Event,ambiguous,0.4,R9,fallback,True,1.0,0.7733733016484337,high
295,1776414022.5919998,-6.8226415,109.4774927,95.61579,-80.31426528673754,9.750097127969287,-8.189775844629668,3.106669418102007,4.49699,0.15999984741210938,85.3480230523594,high_conf,3,3,0.26499998569488525,0.06499993801116943,0.7485663145913066,13174.768103662263,369.1009871898179,35.69420978327715,0.5299999713897705,0.8801773871967585,0.15999984741210938,4945.179189434301,78.3438882025731,4.484800680205384,0.4,2.4227555280239983,0.9150652533039386,46.373379730924135,280.8748430401519,41.85276441874176,0.16510335729566056,40a7a6c4-b8d9-447a-ba96-8503647f43bb,Non-Event,Maneuver,condition_like,0.88,R5,gyro dominan + asimetri tinggi → maneuver (Non-Event),False,1.0,0.7655556358259751,high
296,1776414027.945,-6.8226226,109.4775229,98.33684,-61.48165796708924,10.027567008101645,-6.269384342980452,5.286330530969119,2.3276963,0.04999995231628418,32.758861697664315,candidate,1,2,0.0,0.0,0.9999999997272099,15761.479139957915,448.99309676438213,35.10405665128745,0.1,0.0,0.04999995231628418,5262.450617947408,71.26737368741004,8.422224331027483,0.43,0.37653612159824057,-0.29460531655750694,61.042279760654864,343.11045515077075,44.84036185295661,0.17790853839158857,40a7a6c4-b8d9-447a-ba96-8503647f43bb,Non-Event,Crack,condition_like,0.76,R4,spike kecil/rapat + durasi sangat singkat → Non-Event,True,1.0,0.739157219781573,high
297,1776414036.6733332,-6.8225617,109.4777041,74.33559,43.70578963617874,7.580120632427995,4.456750229301417,4.298847608407688,1.6107178,0.029999971389770508,54.63106162904406,candidate,0,3,0.0,0.0,0.2339165557209007,10771.592526425386,274.8642473352627,39.188772609258564,0.0,0.0,0.029999971389770508,4485.994172259227,57.371463586487366,5.601880779951932,0.4,0.4220327549133347,-1.5409112387403796,43.662822615014115,186.9555815039141,44.245843216334464,0.23354650356107978,40a7a6c4-b8d9-447a-ba96-8503647f43bb,Non-Event,Normal,condition_like,0.92,R6,amplitudo rendah + tidak ada struktur event → Non-Event,False,1.0,0.5461609912931819,high
298,1776414040.6375,-6.8225617,109.4777041,90.87927,-65.32426534786886,9.267106504259866,-6.661221247609414,3.9167247833840726,1.6107178,0.0,75.68533906796118,candidate,0,2,0.0,0.0,0.0019396543785978155,20166.26890336941,521.2310558380711,38.689691718876965,0.0,0.0,0.0,7568.5411247194015,87.64341115006181,6.986595694501196,0.4,1.3594377838505336,-0.3922619533139179,82.08651350390753,369.8986756788528,69.24586665531079,0.22191621295032452,40a7a6c4-b8d9-447a-ba96-8503647f43bb,Non-Event,Non-Event,ambiguous,0.4,R9,fallback,True,1.0,0.7805574927794692,high
299,1776414048.47,-6.8223926,109.4776971,88.77327500000001,32.50538385628556,9.052354779664821,3.31462669273254,2.9303089803220836,1.9771558,0.04999995231628418,41.64887678035116,normal,0,1,0.0,0.0,0.49276499556540165,7058.249767954221,205.93617838482527,34.27396676503711,0.0,0.0,0.04999995231628418,4164.891649985313,55.12435018048549,11.106984276619443,0.44554455445544555,1.7035264440877587,0.7640480590224044,27.792362430859846,153.21931208968326,24.924503864282165,0.18138942063127678,40a7a6c4-b8d9-447a-ba96-8503647f43bb,Non-Event,Normal,condition_like,0.92,R6,amplitudo rendah + tidak ada struktur event → Non-Event,False,1.0,0.2874505556121756,low
300,1776414053.27625,-6.8223926,109.4776971,97.70417499999999,-63.190082806986425,9.963053132313277,-6.443595193770189,5.978892749070479,1.9771558,0.0,73.16592814759076,candidate,0,2,0.0,0.0,0.18565975128166726,8206.746888833946,203.92436596039408,40.244071913327794,0.0,0.0,0.0,3494.86354894468,41.166851271274524,4.829253147019801,0.34,-0.6666045709125692,-0.07283114386448435,29.50693976775658,155.99813768871263,18.419288503924854,0.18914930662497437,40a7a6c4-b8d9-447a-ba96-8503647f43bb,Non-Event,Non-Event,ambiguous,0.4,R9,fallback,True,1.0,0.849296424969016,high
301,1776414056.2350001,-6.8222372,109.4777523,62.2190055,-41.060408894639096,6.34457286637129,-4.186996466136662,2.358300401878239,2.5548666,0.0,63.38426426689453,normal,0,4,0.0,0.0,0.24571719531138247,24499.89233956855,593.7522506199331,41.26282009495634,0.0,0.0,0.0,6338.4324714897075,89.81077882883106,20.78775156732317,0.49,0.6194457670265514,-0.1664078621598557,73.6851075023247,450.82164719733765,69.24549592027077,0.16344624930271892,40a7a6c4-b8d9-447a-ba96-8503647f43bb,Non-Event,Normal,condition_like,0.92,R6,amplitudo rendah + tidak ada struktur event → Non-Event,False,1.0,0.4566594833164407,medium
302,1776414059.0,-6.8222372,109.4777523,78.53435,-30.379448069260377,8.008274997068316,-3.097841573754583,5.1051708641521,2.5548666,0.029999971389770508,41.83437330674992,candidate,0,3,0.0,0.0,0.37762506314229155,8266.55240013841,280.88256092907204,29.430635862064886,0.0,0.0,0.029999971389770508,4183.441320315533,52.49241520511262,8.529320337448976,0.4158415841584158,1.4493728683633318,-0.2572000666869269,29.90642750822582,226.33265927502873,24.64347414581753,0.13213482964360931,40a7a6c4-b8d9-447a-ba96-8503647f43bb,Non-Event,Normal,condition_like,0.92,R6,amplitudo rendah + tidak ada struktur event → Non-Event,False,1.0,0.3265465070783233,medium
303,1776414064.32,-6.8222372,109.4777523,79.57495,39.705076062374886,8.1143866661908,4.048790979832551,2.6904863236475247,2.5548666,0.009999990463256836,43.13248958311755,normal,0,0,0.0,0.0,0.25856351399774113,11337.099466308715,172.5532843980774,65.7020203362354,0.0,0.0,0.009999990463256836,4313.25307175043,69.09515579393656,5.606806838173055,0.43564356435643564,1.6424996732704864,0.45941478241551226,32.624537204399644,108.26563756663545,31.663109627042335,0.30133787262816414,40a7a6c4-b8d9-447a-ba96-8503647f43bb,Non-Event,Normal,condition_like,0.92,R6,amplitudo rendah + tidak ada struktur event → Non-Event,False,1.0,0.391526488991603,medium
304,1776414068.715,-6.8217733,109.4781458,83.48742999999999,-38.45161177142915,8.513348595085986,-3.920973193845926,4.446312963705071,2.6272352,0.04999995231628418,36.25976644363472,candidate,1,2,0.0,0.0,0.44608807845307713,13675.15909289105,224.43059170108032,60.93268715421979,0.1,0.0,0.04999995231628418,4856.663590613865,59.90545747122056,8.642430250717192,0.46,0.054938281955112966,-0.14785641781569636,36.17357424614331,146.36530639199583,41.89171106294121,0.24714582226280699,40a7a6c4-b8d9-447a-ba96-8503647f43bb,Non-Event,Normal,condition_like,0.92,R6,amplitudo rendah + tidak ada struktur event → Non-Event,False,1.0,0.4109722957695617,medium
305,1776414073.5525,-6.8217733,109.4781458,77.59573,-64.92056643343656,7.912562393885782,-6.620055414788594,4.136696965275444,2.6272352,0.029999971389770508,70.98553582890077,candidate,1,2,0.0,0.0,0.21939939082787316,6448.9763034096195,170.4315812717747,37.83909189510376,0.1,0.0,0.029999971389770508,2951.1612200680156,35.6248426492604,3.459600873309407,0.48,-0.044533825069346555,-0.3913657695078568,37.17673801492769,103.33711295770217,29.91773029914484,0.3597617215257708,40a7a6c4-b8d9-447a-ba96-8503647f43bb,Non-Event,Crack,condition_like,0.76,R4,spike kecil/rapat + durasi sangat singkat → Non-Event,True,1.0,0.7901398966967477,high
306,1776414078.67,-6.8217121,109.4783806,54.659195,-31.7781971843713,5.573686732982211,-3.2404742888112965,2.1254252174370567,1.918774,0.029999971389770508,45.49376398021427,normal,0,2,0.0,0.0,0.3331750182786931,11133.633601338794,271.8998152685059,40.94755838431363,0.0,0.0,0.029999971389770508,4549.380736648991,52.418581723888764,8.695785734906988,0.46534653465346537,0.4278741516969262,-0.4664654747372591,34.54759632339946,213.22385431099192,24.128364634114565,0.16202500547141405,40a7a6c4-b8d9-447a-ba96-8503647f43bb,Non-Event,Normal,condition_like,0.92,R6,amplitudo rendah + tidak ada struktur event → Non-Event,False,1.0,0.2608145283578767,low
307,1776414083.6215386,-6.8217121,109.4783806,92.08174,-54.709186623299956,9.389724319721822,-5.578784459861416,9.093040872920016,1.9187739999999995,0.0,64.31374585997946,high_conf,0,2,0.0,0.0,0.41170382358032726,19928.64093761947,558.2306015478298,35.699656820430164,0.0,0.0,0.0,6431.380719440557,97.29597696077002,10.834048365610293,0.39,2.2034600139883604,0.1049981676914756,75.45533674670772,445.4971610325007,37.278103768621456,0.16937332754816284,40a7a6c4-b8d9-447a-ba96-8503647f43bb,Non-Event,Normal,condition_like,0.92,R6,amplitudo rendah + tidak ada struktur event → Non-Event,False,1.0,0.7868176689792123,high
308,1776414087.0366666,-6.8214183,109.4792533,84.12925999999999,43.5015601399408,8.578797040783549,4.435924616453203,2.8831316370235767,4.849198,0.0,50.70376287655725,normal,0,2,0.0,0.0,0.30750653565993047,23905.548984097488,750.5773972305668,31.84954548385434,0.0,0.0,0.0,4375.0661773769725,74.37237344414567,7.116145536951688,0.47,-0.4664587296121625,-0.07306546676793076,78.99368421739376,631.9628151649191,39.62089784825394,0.12499736091558164,40a7a6c4-b8d9-447a-ba96-8503647f43bb,Non-Event,Normal,condition_like,0.92,R6,amplitudo rendah + tidak ada struktur event → Non-Event,False,1.0,0.48050562329062385,medium
309,1776414094.4916668,-6.8214183,109.4792533,91.92074,-48.57333182290972,9.373306888692877,-4.953101397817779,7.083420669870949,4.849198,0.04999995231628418,70.75633040259443,candidate,0,3,0.0,0.0,0.42345392309523133,21069.374299368257,775.234653751506,27.17806043658077,0.0,0.0,0.04999995231628418,7075.639788115381,80.96965327397082,5.42085344765175,0.45,1.1671061123597086,-0.8864026118477287,72.50008692033212,647.4167357186644,55.31783111250955,0.11198364640337852,40a7a6c4-b8d9-447a-ba96-8503647f43bb,Non-Event,Normal,condition_like,0.92,R6,amplitudo rendah + tidak ada struktur event → Non-Event,False,1.0,0.6967152060963882,high
310,1776414097.6,-6.82129,109.4796033,58.004085,31.82816503798221,5.914770589344986,3.2455695918567717,1.1804852356393536,3.9082859,0.0,45.59193525619604,normal,0,2,0.0,0.0,0.06469562382716201,11393.802494869491,367.107974124159,31.036652066782292,0.0,0.0,0.0,4559.197873609519,59.70113131780618,3.855946828348355,0.3564356435643564,0.041972668986778316,0.11907561338463107,76.30690104486695,216.1758991063212,74.62517397297077,0.3529852356684401,40a7a6c4-b8d9-447a-ba96-8503647f43bb,Non-Event,Normal,condition_like,0.92,R6,amplitudo rendah + tidak ada struktur event → Non-Event,False,1.0,0.22815806415381434,low
311,1776414103.8475,-6.8212958,109.4795995,80.5677525,-44.16564488073188,8.2156243467443,-4.503642414150794,6.505791225461886,3.669955825,0.029999971389770508,40.93030391827253,candidate,1,2,0.0,0.0,0.2776649999040039,15266.911646968181,389.5732217240898,39.18881164422528,0.1,0.0,0.029999971389770508,4093.0342952489364,77.06588440163051,6.693315170487515,0.46,0.920205000626884,-0.17509049398260718,48.03599805092472,296.9944476466809,44.54277602648431,0.16174039033325732,40a7a6c4-b8d9-447a-ba96-8503647f43bb,Non-Event,Normal,condition_like,0.92,R6,amplitudo rendah + tidak ada struktur event → Non-Event,False,1.0,0.5642307063710936,high
312,1776417340.72,-6.9517283,109.4972667,44.08987,-41.4840451163318,4.495915526708917,-4.230195338503139,1.7097274546601717,8.837266,0.009999990463256836,41.120519328649216,normal,0,3,0.0,0.0,0.41933032771061407,11676.490213820716,188.52856059679416,61.93486077082163,0.0,0.0,0.009999990463256836,3993.234288261885,67.26149961475193,9.386096572857616,0.5643564356435643,2.0340080831554,-0.5650827819390997,25.176012698171238,144.9458711748457,18.406676723777224,0.1736925123869816,2403297f-866d-495e-a41b-b29966866b69,Non-Event,Normal,condition_like,0.92,R6,amplitudo rendah + tidak ada struktur event → Non-Event,False,1.0,0.3793386129777182,medium
313,1776417343.43,-6.9517283,109.4972667,68.66018,-35.97973738567766,7.001389873198289,-3.668912155086361,1.1645525654168647,8.837266,0.09999990463256836,33.931971030557364,normal,1,3,0.0,0.0,0.2961710201890946,9004.659089266464,129.49721169573303,69.53554367555257,0.1,0.0,0.09999990463256836,3393.20033906375,57.639464560746916,5.294863860249931,0.4752475247524752,2.391203501688116,0.7295511315204587,24.715561396606414,88.10535836536516,16.676291933761497,0.2805227919690238,2403297f-866d-495e-a41b-b29966866b69,Non-Event,Normal,condition_like,0.92,R6,amplitudo rendah + tidak ada struktur event → Non-Event,False,1.0,0.25976180505948343,low
314,1776417348.695,-6.9520717,109.4968,76.34751,-41.525112983852885,7.785279376749451,-4.234383095537506,2.366582667924364,5.712387,0.0,46.16718375233174,normal,0,1,0.0,0.0,0.0044057684993347775,14242.230706580027,238.05581847942253,59.82727386259558,0.0,0.0,0.0,4616.722778083114,64.64701136068975,5.122312780847858,0.4,0.8254596061822226,0.029606476608589116,31.982766892520047,163.53502305017275,42.53802853672972,0.19557135896899794,2403297f-866d-495e-a41b-b29966866b69,Non-Event,Normal,condition_like,0.92,R6,amplitudo rendah + tidak ada struktur event → Non-Event,False,1.0,0.41793416576921055,medium
315,1776417372.61,-6.9523319,109.4963529,61.39934,-36.69238261919143,6.260990246414424,-3.741581744957904,2.1215437721462997,2.097562,0.08999991416931152,49.59350678391379,normal,0,1,0.0,0.0,0.6799806510953778,9633.32949763451,126.19667655411484,76.33584088221029,0.0,0.0,0.08999991416931152,4959.355408001257,61.34095527487844,5.991122270943321,0.38613861386138615,1.280241615544023,-0.3333502792150305,17.320655753726097,92.04444893186437,16.831571868524353,0.18817707929753139,2403297f-866d-495e-a41b-b29966866b69,Non-Event,Normal,condition_like,0.92,R6,amplitudo rendah + tidak ada struktur event → Non-Event,False,1.0,0.35401707032430657,medium
316,1776417377.245,-6.9523319,109.4963529,74.10574,-40.664345600276896,7.556682455272698,-4.146609249874004,3.424821352783655,2.097562,0.059999942779541016,52.30203024122963,normal,1,3,0.0,0.0,0.7181071887145167,15955.676092769343,311.0721362377779,51.29252730395816,0.1,0.0,0.059999942779541016,5230.208012038013,74.34758727806903,17.452844928682023,0.44,0.6989324641795944,-0.7738588301712009,46.61342176733494,232.17351747469735,32.285196995745636,0.20076976079601838,2403297f-866d-495e-a41b-b29966866b69,Non-Event,Maneuver,condition_like,0.88,R5,gyro dominan + asimetri tinggi → maneuver (Non-Event),False,1.0,0.4649921957531201,medium
317,1776417380.7714286,-6.9524284,109.4960915,96.4676,-44.372848209408836,9.83695757470696,-4.524771273514283,4.061818453004763,1.9180521000000001,0.0,48.69528985446573,candidate,0,3,0.0,0.0,0.045035100311555776,13266.638958184743,370.11823495340604,35.84432667580009,0.0,0.0,0.0,4869.533629395728,76.55360482391599,1.3409952157518827,0.36,1.6777835069695888,-0.9476191478436845,63.69437691240909,232.87342662104592,73.55043141995101,0.2735150058256484,2403297f-866d-495e-a41b-b29966866b69,Non-Event,Normal,condition_like,0.92,R6,amplitudo rendah + tidak ada struktur event → Non-Event,False,1.0,0.5264272723088537,high
318,1776417387.29,-6.9524284,109.4960915,55.96123,29.904460973587533,5.706457352918683,3.049406369513293,2.6579300995090636,1.9180521,0.059999942779541016,52.73665435944413,normal,0,3,0.0,0.0,0.4581442257507923,5068.604152799974,154.06923931395488,32.89822252950308,0.0,0.0,0.059999942779541016,2934.6885932896,46.565204677898066,7.8701101006631315,0.4752475247524752,2.1390941362946583,0.3464878324912671,20.055628466850372,114.67234791263634,19.341262934468148,0.17489506979690322,2403297f-866d-495e-a41b-b29966866b69,Non-Event,Normal,condition_like,0.92,R6,amplitudo rendah + tidak ada struktur event → Non-Event,False,1.0,0.2762974689839088,low
319,1776417392.5149999,-6.9530958,109.494861,80.02403,-55.07571046861993,8.160180081883212,-5.616159490612996,2.2310483616522636,7.793902,0.0,34.0999285900804,candidate,0,2,0.0,0.0,0.24479654559538264,7934.593469036936,288.47628633775304,27.505184368055097,0.0,0.0,0.0,3100.054257546503,57.179947021826464,3.5767995863694932,0.41,1.8826083044065172,-0.27080342812193187,50.49088127638041,193.65644489105574,44.32896017031686,0.2607239900745921,2403297f-866d-495e-a41b-b29966866b69,Non-Event,Normal,condition_like,0.92,R6,amplitudo rendah + tidak ada struktur event → Non-Event,False,1.0,0.5804586309472929,high
320,1776417453.97,-6.9576179,109.4926011,79.802682,-49.437237674126614,8.137608867452188,-5.0411952781150156,1.766721168522268,9.831934,0.0,58.728106202782016,candidate,0,2,0.0,0.0,0.01454101158958524,15732.293211557875,339.3606298052068,46.35862791222892,0.0,0.0,0.0,5872.816221032196,72.21802260140001,3.8044019969632576,0.42574257425742573,1.276789455593299,0.7058301899007559,38.70519732495238,259.7620877407334,40.893344739521005,0.1490024872859093,2403297f-866d-495e-a41b-b29966866b69,Non-Event,Normal,condition_like,0.92,R6,amplitudo rendah + tidak ada struktur event → Non-Event,False,1.0,0.5608303513439347,high
321,1776417459.23,-6.9581412,109.4919207,56.81874,-35.66205540421958,5.793899037897753,-3.636517608379985,2.734143095966817,9.912414,0.019999980926513672,40.56052635274764,normal,1,1,0.0,0.0,0.2274042918937555,10299.20675934984,190.4629610357291,54.07459092974624,0.1,0.0,0.019999980926513672,3519.106403131671,68.09638860826988,5.9084608492622746,0.4752475247524752,1.766502402374086,-0.7904089435602741,57.4120146340857,80.52661958731757,52.5243268143258,0.7129569602617564,2403297f-866d-495e-a41b-b29966866b69,Non-Event,Normal,condition_like,0.92,R6,amplitudo rendah + tidak ada struktur event → Non-Event,False,1.0,0.32331749753453903,medium
322,1776417473.51,-6.9587054,109.4911751,50.164825,31.378474014372248,5.11538853737005,3.1997138690962,1.7720613090321538,10.027484,0.039999961853027344,46.62157785537439,normal,0,1,0.0,0.0,0.3549947067294376,6012.451390695124,108.83088151812831,55.24582041033813,0.0,0.0,0.039999961853027344,4662.162231721818,51.441468891467274,5.773141832513896,0.43564356435643564,1.9523660092802402,0.9161063694620841,15.40504642664325,83.78707083851911,9.638764252965931,0.18385946767936992,2403297f-866d-495e-a41b-b29966866b69,Non-Event,Normal,condition_like,0.92,R6,amplitudo rendah + tidak ada struktur event → Non-Event,False,1.0,0.2474310473223935,low
323,1776417481.435,-6.9592493,109.4904133,83.90988,57.28059768503437,8.556426506503241,5.840995414849553,4.082600437738029,10.228854,0.12999987602233887,94.97703852610482,candidate,2,1,0.34999990463256836,0.0,0.7622450542686822,10890.350934148317,147.24418437005156,73.96116122873629,0.34999990463256836,0.4249446964816877,0.12999987602233887,9497.712910335349,94.97703852610482,14.029678086187069,0.52,8.844984401326679,1.3963098346435514,49.30750171346904,67.72104201024527,30.21564064633724,0.7280971987689187,2403297f-866d-495e-a41b-b29966866b69,Non-Event,Non-Event,ambiguous,0.4,R9,fallback,True,1.0,0.7719859841870427,high
324,1776417500.15,-6.959916,109.4893256,51.639496,-31.87838255763562,5.265763130120888,-3.250690353753384,2.163821265904661,10.686746,0.12999987602233887,47.41510771822045,normal,1,2,0.0,0.0,0.5679071336159157,8102.1150690234035,328.3552778595289,24.67484335005775,0.1,0.0,0.12999987602233887,4741.515293683401,57.6065279706542,14.81749474328807,0.5841584158415841,1.59712852011622,0.10519187709855397,57.86762117612897,242.83125565696233,27.65640102643767,0.23830384099966243,2403297f-866d-495e-a41b-b29966866b69,Non-Event,Normal,condition_like,0.92,R6,amplitudo rendah + tidak ada struktur event → Non-Event,False,1.0,0.27753127835557323,low
325,1776417525.65,-6.9620088,109.4894888,79.209984,36.89623798377693,8.07717049145223,3.76236920699494,2.5284317374486305,12.202927,0.039999961853027344,35.83926952181121,normal,0,1,0.0,0.0,0.6844989549963062,3733.5954691628067,50.86789025213087,73.39788179260145,0.0,0.0,0.039999961853027344,2063.747625308014,46.73776028985017,3.173397154494333,0.44554455445544555,11.841577032947233,1.9230477707933944,15.229725760314068,29.53556876535492,6.102595726461869,0.5156401546104068,2403297f-866d-495e-a41b-b29966866b69,Non-Event,Normal,condition_like,0.92,R6,amplitudo rendah + tidak ada struktur event → Non-Event,False,1.0,0.3211006678425431,medium
326,1776417546.92,-6.9640605,109.4892625,85.734146,40.29510227215273,8.74244986820168,4.1089569090517895,3.9037435341971762,11.674247,0.09999990463256836,56.10133813823934,normal,0,1,0.0,0.0,0.5066851992437376,9178.569630737999,299.34863491432725,30.661805431994285,0.0,0.0,0.09999990463256836,5260.341864022591,68.04754812855312,22.119443314140124,0.4752475247524752,3.3390449480543625,0.23426877872697086,22.514785078828506,245.1206610388824,31.71318879661627,0.09185184509356902,2403297f-866d-495e-a41b-b29966866b69,Non-Event,Normal,condition_like,0.92,R6,amplitudo rendah + tidak ada struktur event → Non-Event,False,1.0,0.49097277413924806,medium
327,1776417566.715,-6.9650522,109.4875557,105.05549,-44.76699033277127,10.712678641534062,-4.564962584855305,4.585135883186018,9.9000635,0.1699998378753662,70.69003176860708,candidate,1,2,0.0,0.0,0.9038766573211334,10614.109430200568,208.61537100405226,50.87884621462312,0.1,0.0,0.1699998378753662,7069.00991839391,80.90654381657792,41.08955066394162,0.58,4.688086251596244,-0.6382868848046103,56.46320167241745,104.37945538191096,47.77271394972389,0.5409417104628892,2403297f-866d-495e-a41b-b29966866b69,Non-Event,Normal,condition_like,0.92,R6,amplitudo rendah + tidak ada struktur event → Non-Event,False,1.0,0.6003322383418155,high
328,1776417572.77,-6.96507,109.486635,91.707235,-53.43514221263527,9.351535437687692,-5.448868085700547,4.788616934411231,8.725057,0.059999942779541016,69.52530398115363,candidate,0,3,0.0,0.0,0.5336040489517989,13333.041954046632,171.37005432541213,77.80263552304228,0.0,0.0,0.059999942779541016,6471.003376543825,95.33301506944554,14.06262481296176,0.48514851485148514,5.819547089996524,-0.3746650644818198,61.17009186052453,60.78590499211983,49.414057472767794,1.0063203116270818,2403297f-866d-495e-a41b-b29966866b69,Non-Event,Normal,condition_like,0.92,R6,amplitudo rendah + tidak ada struktur event → Non-Event,False,1.0,0.731450773043922,high
329,1776417576.025,-6.96507,109.486635,93.59345,-32.6675359796148,9.543875839353909,-3.331161607645302,2.7614366208252923,8.725057,0.0,36.53647083620185,normal,0,2,0.0,0.0,0.48817972817465166,11633.157400545622,334.9708852620225,34.72886115674507,0.0,0.0,0.0,3653.650568012893,62.58355462397614,42.28633516454766,0.49,0.2983206414838193,0.5761783630511111,51.49040415443965,242.7234457964122,40.75703531117061,0.21213609494276825,2403297f-866d-495e-a41b-b29966866b69,Non-Event,Normal,condition_like,0.92,R6,amplitudo rendah + tidak ada struktur event → Non-Event,False,1.0,0.26351036462831123,low
330,1776417581.525,-6.9653733,109.4861967,81.13704,-35.58398125331719,8.273675516103868,-3.62855626063102,4.500183531266116,5.0056734,0.0,54.29562529419935,candidate,0,1,0.0,0.0,0.443898041761673,7471.47464823346,197.82767689924344,37.76759009443963,0.0,0.0,0.0,4863.267479267264,58.111645084233814,13.178592792006203,0.53,1.812723594526915,-0.37782650252312816,48.20464145151169,106.99028772321398,42.632747724517806,0.45055155964872723,2403297f-866d-495e-a41b-b29966866b69,Non-Event,Normal,condition_like,0.92,R6,amplitudo rendah + tidak ada struktur event → Non-Event,False,1.0,0.4252749744508547,medium
331,1776417608.38,-6.965757,109.4858782,59.767062,-36.419917321305824,6.0945442123457045,-3.7137980167851232,1.929664593814574,2.1340613,0.09999990463256836,48.873588794862265,normal,1,2,0.0,0.0,0.6073576578780437,7022.752088873976,141.1811404145284,49.742848219750215,0.1,0.0,0.09999990463256836,4887.36354043931,60.45626955749153,8.189031941341057,0.3564356435643564,3.396559894908383,0.20784988501525112,34.74832186409364,81.13143590758443,25.30138264285033,0.42829664047088084,2403297f-866d-495e-a41b-b29966866b69,Non-Event,Normal,condition_like,0.92,R6,amplitudo rendah + tidak ada struktur event → Non-Event,False,1.0,0.3418038111419045,medium
332,1776417630.07,-6.9681225,109.484541,84.59227,-38.374839228571375,8.626010921160642,-3.9131445731795647,2.8030286154555215,8.9760275,0.039999961853027344,62.24611725704415,normal,1,3,0.0,0.0,0.7121080322216331,11839.269817809492,227.17996802937796,52.114056835171446,0.1,0.0,0.039999961853027344,4242.847618154984,62.035471683326136,4.286110480842799,0.44554455445544555,0.840722174316233,0.3302260338303892,43.43529216934253,150.98495088323992,32.75972497679553,0.2876796106338599,2403297f-866d-495e-a41b-b29966866b69,Non-Event,Maneuver,condition_like,0.88,R5,gyro dominan + asimetri tinggi → maneuver (Non-Event),False,1.0,0.43340597029776246,medium
333,1776417641.4266665,-6.9686984,109.4842102,98.01809,-46.985204567178094,9.995063553812974,-4.791157486723611,4.592431864681692,9.043384,0.0,75.05938188932404,candidate,0,2,0.0,0.0,0.12276643448284835,22400.396295611445,677.1428374794549,33.080754934826196,0.0,0.0,0.0,7505.945347159703,86.55989069460452,2.3865245643699304,0.52,1.5272707626296524,-0.1093595536239333,93.78594576179917,539.4579073070181,43.89898441063772,0.1738522029570904,2403297f-866d-495e-a41b-b29966866b69,Non-Event,Normal,condition_like,0.92,R6,amplitudo rendah + tidak ada struktur event → Non-Event,False,1.0,0.6217546851645981,high
334,1776417648.3600001,-6.9686984,109.4842102,78.175705,-33.66530199086179,7.971703384947968,-3.4329054254879896,1.9427690063090362,9.043384,0.04999995231628418,52.768010969789515,normal,1,3,0.0,0.0,0.18293074696730705,6554.545210989538,128.29343115123143,51.09026316532778,0.1,0.0,0.04999995231628418,3113.805724694559,62.52111155766774,15.79955013407199,0.34,3.0654855186115837,-0.09599485788884302,31.2699397146878,76.11166335067195,20.911828085871687,0.41084293690671,2403297f-866d-495e-a41b-b29966866b69,Non-Event,Normal,condition_like,0.92,R6,amplitudo rendah + tidak ada struktur event → Non-Event,False,1.0,0.309338147023186,medium
335,1776417657.74,-6.9691931,109.4839123,41.972267,-38.72637057825992,4.2799801155338475,-3.9489907948443066,1.0027791666320407,5.788573,0.039999961853027344,43.09556034398523,normal,1,2,0.0,0.0,0.7615749081419261,6253.882265450876,149.65101832930577,41.789773925223066,0.1,0.0,0.039999961853027344,3228.953126923209,46.08133883476488,2.591941556575151,0.46534653465346537,2.4495312958819353,1.3528089524986895,25.42868271342678,102.63831532145105,21.584020294427948,0.2477503882057765,2403297f-866d-495e-a41b-b29966866b69,Non-Event,Normal,condition_like,0.92,R6,amplitudo rendah + tidak ada struktur event → Non-Event,False,1.0,0.32242645639997514,medium
336,1776417662.32,-6.9696626,109.4836737,65.80513,37.505325898188744,6.710255795812026,3.8244788891404045,1.871620184761056,5.5677423,0.029999971389770508,53.471345211373595,normal,0,1,0.0,0.0,0.48193939940504943,12397.6301738768,260.2099885472085,47.64471262402308,0.0,0.0,0.029999971389770508,5347.139620567082,62.94259633683981,4.849276690160907,0.39603960396039606,0.5284746323594032,0.8489794241900795,41.64504014158016,167.24091216283153,51.32403624279686,0.24901227429339082,2403297f-866d-495e-a41b-b29966866b69,Non-Event,Normal,condition_like,0.92,R6,amplitudo rendah + tidak ada struktur event → Non-Event,False,1.0,0.366546988088574,medium
337,1776417680.14,-6.9709227,109.4829884,31.320253,-31.550528499201768,3.19377697786706,-3.2172585438658228,0.8690853458881355,8.694267,0.019999980926513672,35.87353573610477,normal,0,1,0.0,0.0,0.5563963584323087,5252.2601673636555,70.13805561664267,74.88459790198087,0.0,0.0,0.019999980926513672,2850.274324838591,54.11280749998471,4.268062603831473,0.49504950495049505,3.073061209032214,-0.7416604949296328,15.732111571901532,29.389777122279934,25.016166922461203,0.5352919476440438,2403297f-866d-495e-a41b-b29966866b69,Non-Event,Normal,condition_like,0.92,R6,amplitudo rendah + tidak ada struktur event → Non-Event,False,1.0,0.18263674413264902,low
338,1776417682.3,-6.9709227,109.4829884,57.471027,30.504399897385166,5.860413800839226,3.1105831142525906,1.9757061127369755,8.694267,0.04999995231628418,45.293535898121156,normal,0,2,0.0,0.0,0.43194521880637843,5136.497466815949,111.00297168785434,46.27351270366448,0.0,0.0,0.04999995231628418,2686.900536194645,45.820146498137284,5.924673634220179,0.5247524752475248,2.462388171386614,0.7881466198137997,22.70368310165751,63.72885356730354,24.570435018893292,0.3562543726198677,2403297f-866d-495e-a41b-b29966866b69,Non-Event,Normal,condition_like,0.92,R6,amplitudo rendah + tidak ada struktur event → Non-Event,False,1.0,0.23717278697991295,low
339,1776417692.21,-6.9712647,109.4828246,60.378465500000004,-30.36889234640934,6.15689001850785,-3.0967651895814923,1.959539504607444,3.1817925,0.1699998378753662,44.291500949178015,normal,1,2,0.0,0.0,0.24258369779225814,6916.687586468245,115.20261446398852,60.03932774104725,0.1,0.0,0.1699998378753662,4429.154318888519,60.46023072135789,7.592464175781597,0.45544554455445546,2.317278606323847,0.09348096181859535,24.742048056057293,64.95312928756371,25.507437120367516,0.3809215652350868,2403297f-866d-495e-a41b-b29966866b69,Non-Event,Normal,condition_like,0.92,R6,amplitudo rendah + tidak ada struktur event → Non-Event,False,1.0,0.2402210862620512,low
340,1776417728.5983334,-6.9719433,109.4828897,80.83128,-44.548841905003925,8.242496673175856,-4.542717635992304,5.362998965413267,2.5360343000000003,0.08999991416931152,62.179241826890376,candidate,1,2,0.0,0.0,0.08758776939028888,16494.14332337928,319.6919400633814,51.59386648445163,0.1,0.0,0.08999991416931152,6034.111051488998,62.53243194326795,8.15500958981624,0.41,-0.07480397285009355,-0.3267765797068448,63.197743465673284,220.1763472285607,36.317849369147396,0.2870323900552159,2403297f-866d-495e-a41b-b29966866b69,Non-Event,Normal,condition_like,0.92,R6,amplitudo rendah + tidak ada struktur event → Non-Event,False,1.0,0.6169242711419861,high
341,1776417731.0300002,-6.9722923,109.4825775,77.181515,36.692453697867336,7.870324218769917,3.7415889929657262,1.6980429064478362,2.7314875,0.0,47.16596819534018,normal,0,3,0.0,0.0,0.025005195856460008,15210.75118676715,287.6751469457522,52.87474881088959,0.0,0.0,0.0,3895.4829594692587,65.35878867473826,16.25784120573634,0.44,0.21651225851744904,0.3647628915334148,51.55860749571161,179.0530824896261,57.06345696041444,0.28795151968828725,2403297f-866d-495e-a41b-b29966866b69,Non-Event,Normal,condition_like,0.92,R6,amplitudo rendah + tidak ada struktur event → Non-Event,False,1.0,0.3250596731442541,medium
342,1776417734.34,-6.9722923,109.4825775,69.95167,-30.329208616851055,7.133085202388175,-3.092718575339291,2.0550714350798733,2.7314875,0.009999990463256836,35.88986904724243,normal,0,2,0.0,0.0,0.1784587215145485,6587.037837251324,200.32792068774233,32.88127676739319,0.0,0.0,0.009999990463256836,3588.99032745214,56.22122159611118,6.281950055019493,0.45544554455445546,2.1680379083433428,-0.46183572587244814,39.32927704469139,98.27583651432518,62.72280712872578,0.400192743602501,2403297f-866d-495e-a41b-b29966866b69,Non-Event,Normal,condition_like,0.92,R6,amplitudo rendah + tidak ada struktur event → Non-Event,False,1.0,0.20279306357910845,low
343,1776417738.895,-6.9722923,109.4825775,79.521207,40.098461402536856,8.108906405347392,4.088905120763651,3.981706221126293,2.7314875,0.009999990463256836,47.162953850821445,normal,0,2,0.0,0.0,0.1288837553503723,14328.45607245387,320.2977544996602,44.73480012403356,0.0,0.0,0.009999990463256836,4383.753878594685,58.72266269225001,7.310386677817026,0.5,-0.11884978256594225,0.29790401706355474,69.82088462322702,209.70491165123138,40.77195822520174,0.3329482544805658,2403297f-866d-495e-a41b-b29966866b69,Non-Event,Normal,condition_like,0.92,R6,amplitudo rendah + tidak ada struktur event → Non-Event,False,1.0,0.4540191542729065,medium
344,1776417742.8266666,-6.9725141,109.483431,84.7469725,-43.372424684958894,8.641786185904463,-4.42275646474167,3.8326165494753712,5.6653986,0.0,50.63537255759185,normal,0,3,0.0,0.0,0.3764513138854471,14578.698824671552,260.42829860470886,55.9797028464258,0.0,0.0,0.0,5063.542084729222,60.55771381125818,14.902172222729998,0.46,0.038232268635504774,-0.12460368022580878,32.1851319436193,197.36139892498596,30.8817677361036,0.163077136440319,2403297f-866d-495e-a41b-b29966866b69,Non-Event,Normal,condition_like,0.92,R6,amplitudo rendah + tidak ada struktur event → Non-Event,False,1.0,0.5099519298857357,high
345,1776417748.6,-6.9725141,109.483431,81.342926,35.65910742440963,8.294670045326386,3.636216998099212,3.2933732628235823,5.6653986,0.029999971389770508,39.08538906282916,normal,0,3,0.0,0.0,0.7353959034993439,10091.729240607154,325.61746105062616,30.99259228007286,0.0,0.0,0.029999971389770508,3908.54263375964,61.32703075826004,25.760912399384694,0.5247524752475248,1.0874773331294163,0.4775581449039832,38.77619519341318,257.36813301683793,29.473132840374976,0.15066432113494013,2403297f-866d-495e-a41b-b29966866b69,Non-Event,Maneuver,condition_like,0.88,R5,gyro dominan + asimetri tinggi → maneuver (Non-Event),False,1.0,0.3377462865393312,medium
346,1776417750.34,-6.9726167,109.4839428,63.7556225,-39.0366937647146,6.5012641931750395,-3.9806349532933876,0.6053171474472608,5.696789,0.009999990463256836,73.72249705110879,normal,0,2,0.0,0.0,0.030856669849599845,12428.334165154896,262.62260031887,47.323932147274384,0.0,0.0,0.009999990463256836,4445.909436072454,66.37800143581084,9.488034833747797,0.46534653465346537,0.8027371039776141,-0.30624631123391705,59.39605552304089,133.5161210751506,69.71042372067849,0.44486055017093257,2403297f-866d-495e-a41b-b29966866b69,Non-Event,Normal,condition_like,0.92,R6,amplitudo rendah + tidak ada struktur event → Non-Event,False,1.0,0.3680224805269945,medium
347,1776417756.96,-6.9726167,109.48394279999998,44.93552733333333,-31.255677627470376,4.582148576051285,-3.187192122434305,3.2322603876203733,5.696789,0.06999993324279785,47.391797581426076,normal,0,4,0.0,0.0,0.8573675847957909,7070.32953038401,206.08169026031493,34.30838269593307,0.0,0.0,0.06999993324279785,4739.184277780934,47.391797581426076,4.608286380409456,0.4158415841584158,2.507901119420892,-1.2107116446944435,62.20699115318142,88.78864219476316,55.08605691237035,0.7006187831559346,2403297f-866d-495e-a41b-b29966866b69,Non-Event,Maneuver,condition_like,0.88,R5,gyro dominan + asimetri tinggi → maneuver (Non-Event),False,1.0,0.2990434848837883,low
348,1776417768.73,-6.9727098,109.4843868,71.21885499999999,-31.117118494356262,7.262302111322419,-3.1730630229850423,4.043569796731598,5.1504574,0.11999988555908203,40.08568939276214,candidate,2,3,0.19000005722045898,0.0,0.22320044209505482,8211.628824803578,215.67417258686186,38.074233406052116,0.19000005722045898,0.8686558466465434,0.11999988555908203,3780.505417233341,56.43796249074881,15.485602752752404,0.5247524752475248,1.1201492228780783,0.6532357454526024,30.708459426939303,162.92261574435128,22.043097415571264,0.18848493868181138,2403297f-866d-495e-a41b-b29966866b69,Non-Event,Non-Event,ambiguous,0.4,R9,fallback,True,1.0,0.30336406939828126,medium
349,1776417775.77,-6.9728204,109.484913,76.52911,-44.0161422349315,7.803797423177131,-4.488397386970219,2.6622572389914727,6.203417,0.06999993324279785,43.62233364323175,normal,1,3,0.0,0.0,0.11723811889344807,7465.305544919118,110.3055176101948,67.67844110592985,0.1,0.0,0.06999993324279785,4298.319339593285,62.52580871064862,6.579683079919148,0.46534653465346537,8.028355100572767,-0.6086499395877368,30.081843807270843,57.99812028759569,22.22555351532826,0.5186692799600144,2403297f-866d-495e-a41b-b29966866b69,Non-Event,Normal,condition_like,0.92,R6,amplitudo rendah + tidak ada struktur event → Non-Event,False,1.0,0.46265928981589766,medium
350,1776417786.04,-6.972912,109.4854012,77.180595,-36.31886687655661,7.870230404878322,-3.703493739101183,4.642297156680139,4.6272063,0.07999992370605469,57.011195510343065,candidate,0,3,0.0,0.0,0.6635594306988556,5900.801964056689,176.70560211771945,33.39340609434799,0.0,0.0,0.07999992370605469,5701.124988050782,57.011195510343065,15.844731873571499,0.504950495049505,4.544761725448984,-0.6644847883936563,18.365532923319343,141.10941810766036,17.230651086739734,0.13015100649877412,2403297f-866d-495e-a41b-b29966866b69,Non-Event,Maneuver,condition_like,0.88,R5,gyro dominan + asimetri tinggi → maneuver (Non-Event),False,1.0,0.45630461206694645,medium
351,1776417791.24,-6.9729236,109.4854372,95.07666,-42.21054834991368,9.695121167779009,-4.304278051109572,3.48977399740567,2.6045024,0.06999993324279785,44.765097601133036,normal,1,2,0.0,0.0,0.5849360277891258,10862.274570984524,222.08489505210537,48.910460657513724,0.1,0.0,0.06999993324279785,3375.0199693388463,73.05366677356496,10.927779119739752,0.48514851485148514,2.409994295015406,-1.0258569107427735,27.059982737336146,152.60636750127756,42.41854481349173,0.1773188301581897,2403297f-866d-495e-a41b-b29966866b69,Non-Event,Normal,condition_like,0.92,R6,amplitudo rendah + tidak ada struktur event → Non-Event,False,1.0,0.4664344945769447,medium
352,1776417797.16,-6.9729236,109.4854372,82.47564750000001,-34.57229432562137,8.410175493160255,-3.5253929043680943,1.5215412334722482,2.6045024,0.019999980926513672,47.77336030886623,normal,0,2,0.0,0.0,0.23135923984531723,12277.054955422978,218.7605985690141,56.120960445392456,0.0,0.0,0.019999980926513672,3645.6566754423507,57.665190396237286,4.5491661346926335,0.5148514851485149,0.2797347184817456,-0.21631456823912684,42.98816153059818,137.98492751895094,37.78750951946495,0.31154244156958166,2403297f-866d-495e-a41b-b29966866b69,Non-Event,Normal,condition_like,0.92,R6,amplitudo rendah + tidak ada struktur event → Non-Event,False,1.0,0.2902715097033317,low
353,1776417873.62,-6.9750922,109.4946936,105.183135,-35.04170587148178,10.725694809134618,-3.5732595607553836,5.3335517413537445,10.956158,0.11999988555908203,30.342563898640197,candidate,1,3,0.0,0.0,0.8290228129396149,7640.521040661752,367.05975061762746,20.815469435126236,0.1,0.0,0.11999988555908203,3034.2592835591677,57.51885300113693,2.9120129238154,0.38613861386138615,2.687880932444582,0.8013036921592203,60.4162419714228,277.13550003074494,29.508008615459687,0.21800253575134831,2403297f-866d-495e-a41b-b29966866b69,Non-Event,Maneuver,condition_like,0.88,R5,gyro dominan + asimetri tinggi → maneuver (Non-Event),False,1.0,0.3739158632374975,medium
354,1776417908.3249998,-6.9758667,109.4969017,81.376725,43.540564259361254,8.298116584154629,4.4399019297477995,2.36150901270578,7.1659627,0.0,26.73400045229203,normal,0,2,0.0,0.0,0.21138187612789658,9600.312287767396,515.4178535887528,18.626270320859174,0.0,0.0,0.0,4881.739551016452,66.2910936289659,3.692148209523366,0.43,2.9755612460394687,0.4433548420377594,42.916574012997934,455.57799164855385,16.923287927201116,0.0942024740121831,2403297f-866d-495e-a41b-b29966866b69,Non-Event,Normal,condition_like,0.92,R6,amplitudo rendah + tidak ada struktur event → Non-Event,False,1.0,0.38381559139333604,medium
355,1776417915.14,-6.9767683,109.4966533,44.3333265,-29.74900227419552,4.520741180729403,-3.0335539938914433,0.8300581751073235,12.622533,0.009999990463256836,39.16235166848757,normal,0,1,0.0,0.0,0.007596631661875572,7031.153849907523,165.0228727025085,42.60714707091326,0.0,0.0,0.009999990463256836,3916.238901665214,46.357669329933785,6.805456461765315,0.37623762376237624,1.2709691737888686,-0.3076136740794347,34.28222883643711,116.4241101504425,14.316533715628932,0.294459871736859,2403297f-866d-495e-a41b-b29966866b69,Non-Event,Normal,condition_like,0.92,R6,amplitudo rendah + tidak ada struktur event → Non-Event,False,1.0,0.16399287643366342,low
356,1776417954.78,-6.9812496,109.495593,77.63392,-30.801935943912092,7.9164566901031455,-3.140923347311477,3.130906461194585,11.779664,0.07999992370605469,35.03983417309172,normal,1,1,0.0,0.0,0.5189904763899015,5768.712677237,163.03732258671107,35.38277340629259,0.1,0.0,0.07999992370605469,3503.986758971349,47.027467142214185,25.366844516917798,0.504950495049505,1.5562278411616086,-0.11412460865869341,19.75438888028144,128.6191308282056,14.663802878224054,0.15358826171107298,2403297f-866d-495e-a41b-b29966866b69,Non-Event,Normal,condition_like,0.92,R6,amplitudo rendah + tidak ada struktur event → Non-Event,False,1.0,0.24830149232480087,low
357,1776417966.76,-6.9823504,109.4954373,61.709324,-34.32384353515717,6.292599817470799,-3.5000579744517415,3.319959251846325,13.107293,0.039999961853027344,46.4107873737447,normal,0,2,0.0,0.0,0.4753614795447368,10081.958263906752,297.65930749870535,33.870797841857524,0.0,0.0,0.039999961853027344,4641.083163456283,59.18176967451239,6.519875136609481,0.4158415841584158,1.4416577618972752,-0.21157251821479622,63.331164679596554,193.5994144301096,40.728728388999265,0.3271247722463265,2403297f-866d-495e-a41b-b29966866b69,Non-Event,Normal,condition_like,0.92,R6,amplitudo rendah + tidak ada struktur event → Non-Event,False,1.0,0.3433766262807647,medium
358,1776417997.24,-6.9862248,109.4942418,62.24083,-30.86162018860173,6.346798346020303,-3.1470094465084135,4.94790693352376,15.408623,0.06999993324279785,48.36624933456662,candidate,2,3,0.15000009536743164,0.0,0.22524100081081702,10908.094911732098,425.3772455682924,25.643343643160406,0.15000009536743164,0.9868474508672217,0.06999993324279785,4836.629546026038,52.938912590446165,7.117854764934583,0.40594059405940597,0.36150741528250885,-0.40291282359577296,48.353209384818385,349.9910694962357,27.032966687238336,0.1381555515581031,2403297f-866d-495e-a41b-b29966866b69,Non-Event,Non-Event,ambiguous,0.4,R9,fallback,True,1.0,0.3534524742021526,medium
359,1776418242.33,-7.0123628,109.4939757,89.34236,-32.67917596597286,9.110385299771075,-3.3323485559261177,3.3110427143735626,12.930758,0.059999942779541016,52.91580699049143,normal,0,2,0.0,0.0,0.8496555732852948,3690.115425564196,80.02547388851174,46.11175917050309,0.0,0.0,0.059999942779541016,5291.585745498562,64.21803374209651,24.870541222039535,0.49504950495049505,14.648083397573352,-0.5028486212676844,19.597568596859745,54.38606912019323,6.041836171458772,0.36034169325985704,2403297f-866d-495e-a41b-b29966866b69,Non-Event,Normal,condition_like,0.92,R6,amplitudo rendah + tidak ada struktur event → Non-Event,False,1.0,0.34110639287814015,medium
360,1776418280.215,-7.0134472,109.4981533,83.314922,-39.18724636939402,8.495757674639147,-3.9959870464831537,6.31552935187493,2.950409,0.029999971389770508,47.747704118935665,candidate,1,3,0.0,0.0,0.2684829398680299,9402.319379715007,272.85488118782513,34.45904762386745,0.1,0.0,0.029999971389770508,4774.774965473818,60.44520428940061,4.987630509415284,0.4,1.2623881158937635,-0.28571745533261816,28.8576510607146,215.2663195295693,28.730910597541268,0.1340555781774078,2403297f-866d-495e-a41b-b29966866b69,Non-Event,Normal,condition_like,0.92,R6,amplitudo rendah + tidak ada struktur event → Non-Event,False,1.0,0.5108070685564914,high
