event_id,time_s,lat,lon,peak_mag,peak_mag_g,peak_gyro_mag,speed_mean,event_duration,mag_jrk,level,trip_id,speed_factor,score,priority
0,1775972255.8896666,-6.8993483,109.4069417,64.517426,6.578946531180373,3.8467151625201597,3.3374588,2.3320000171661377,8.699134408163266,normal,178e7720-4939-4df4-b9af-2a0a7e15ece3,0.6114549,0.3414243104897236,low
1,1775972262.4443002,-6.8990167,109.406905,83.47067,8.511639550713037,5.143974533022601,9.420446000000002,9.365999937057495,8.052945473366833,candidate,178e7720-4939-4df4-b9af-2a0a7e15ece3,1.0,0.527434699493954,medium
2,1775972271.826,-6.8979053,109.4069794,77.57425,7.910372043460306,4.4511593381142,12.110078,9.894999980926514,7.590925178461538,candidate,178e7720-4939-4df4-b9af-2a0a7e15ece3,1.0,0.4987588234887866,medium
3,1775972281.778355,-6.8968191,109.4070534,86.452156,8.815666512009708,5.992106379061564,11.824938999999993,9.59600019454956,7.320971897959184,candidate,178e7720-4939-4df4-b9af-2a0a7e15ece3,1.0,0.5427349350748084,medium
4,1775972291.2096667,-6.8957427,109.4071277,92.08387,9.389941519275187,7.161677002798303,9.986261000000002,9.480000019073486,7.5064635505050505,candidate,178e7720-4939-4df4-b9af-2a0a7e15ece3,1.0,0.5769439255508286,medium
5,1775972299.1021664,-6.8947717,109.4071633,85.08956,8.676720388715822,4.933448165905238,10.447317,3.3949999809265137,9.03645456716418,candidate,178e7720-4939-4df4-b9af-2a0a7e15ece3,1.0,0.49367421938816003,medium
6,1775972311.1166668,-6.8940283,109.4072067,95.2556,9.713367969694035,10.711509488477525,5.6856217,3.192999839782715,4.583284944444445,high_conf,178e7720-4939-4df4-b9af-2a0a7e15ece3,0.8071351416666666,0.5262918067865324,medium
7,1775972323.7154999,-6.8933759,109.4072677,52.64972,5.368777309274829,2.118919028987717,3.8525774,0.20099997520446777,6.820938259296482,normal,178e7720-4939-4df4-b9af-2a0a7e15ece3,0.65438145,0.25246697103044907,low
8,1775972344.184,-6.8934651,109.4090971,68.00903,6.934991051990231,1.4026232188519125,14.84836,0.0,5.069748347715736,normal,178e7720-4939-4df4-b9af-2a0a7e15ece3,1.0,0.329023288818558,low
9,1775972348.066,-6.8935844,109.4103566,52.565235,5.360162236849486,2.4160603987625704,13.817241,0.0,4.7440670120603015,normal,178e7720-4939-4df4-b9af-2a0a7e15ece3,1.0,0.28644688037807253,low
10,1775972356.26,-6.8935844,109.4103566,49.487602,5.0463310100798955,1.654616298090361,13.817241,0.0,4.438748828571429,normal,178e7720-4939-4df4-b9af-2a0a7e15ece3,1.0,0.2638258859257374,low
11,1775972363.271,-6.8937179,109.4115986,70.256714,7.16419103363534,3.444892968289255,13.326381,0.03600001335144043,5.66141830964467,normal,178e7720-4939-4df4-b9af-2a0a7e15ece3,1.0,0.36760743344908575,medium
12,1775972387.035,-6.8939087,109.4136243,50.978752,5.198385993178099,1.0214378339695964,9.976111,0.0,5.468268205076141,normal,178e7720-4939-4df4-b9af-2a0a7e15ece3,1.0,0.2708101546805709,low
13,1775972418.5326664,-6.8941433,109.4176217,86.31079,8.801251191793325,6.702471123877093,9.365886,0.21900010108947754,7.031803179591838,candidate,178e7720-4939-4df4-b9af-2a0a7e15ece3,1.0,0.47611523743913625,medium
14,1775972425.3088002,-6.8941433,109.4176217,81.99519,8.361182462920569,4.360843307868474,9.365886,2.6730000972747803,6.292316030303031,candidate,178e7720-4939-4df4-b9af-2a0a7e15ece3,1.0,0.44464547384963626,medium
15,1775972435.067,-6.8942007,109.41842,55.139706,5.6226852187036345,2.1526957497658628,10.810951,0.0,6.064997437373736,normal,178e7720-4939-4df4-b9af-2a0a7e15ece3,1.0,0.30439024393482456,low
16,1775972456.099,-6.89424,109.4205767,60.059406,6.124355004002386,1.6610458649503783,13.544584,0.21799993515014648,7.761458037,normal,178e7720-4939-4df4-b9af-2a0a7e15ece3,1.0,0.3326520527579487,low
17,1775972480.252,-6.8942789,109.4249997,50.69512,5.169463578286163,1.003212937656433,16.456501,0.0,4.61749671675127,normal,178e7720-4939-4df4-b9af-2a0a7e15ece3,1.0,0.26156602504740845,low
18,1775972676.115,-6.8939966,109.4298812,54.93773,5.602089398520392,2.211652873864477,1.590721,1.6579999923706055,3.9450681658291455,normal,178e7720-4939-4df4-b9af-2a0a7e15ece3,0.3,0.1920953151055214,low
19,1775972685.106,-6.8940003,109.4300559,53.53383,5.458931439380421,1.710316299420227,1.9966998,0.0,3.772252766834171,normal,178e7720-4939-4df4-b9af-2a0a7e15ece3,0.3,0.16680672798628207,low
20,1775972698.579,-6.8939485,109.430155,53.345726,5.43975016952782,0.9749749057369378,1.8010776,0.0,6.384939543147208,normal,178e7720-4939-4df4-b9af-2a0a7e15ece3,0.3,0.18189244667485654,low
21,1775972699.056,-6.8939129,109.4302936,64.310486,6.557844523869007,2.5778618005650538,2.5452514,0.0,7.3531779161616155,normal,178e7720-4939-4df4-b9af-2a0a7e15ece3,0.5454376166666667,0.2845067486848274,low
22,1775972888.4520001,-6.89271,109.4355667,71.01689,7.241707412827011,3.252108474176792,9.87649,0.014000177383422852,6.207073991836735,normal,178e7720-4939-4df4-b9af-2a0a7e15ece3,1.0,0.37279607295870876,medium
23,1775972890.868,-6.8926133,109.436275,63.191586,6.443748476798907,3.81743596551157,6.9194107,0.012000083923339844,6.563408390862945,normal,178e7720-4939-4df4-b9af-2a0a7e15ece3,0.9099508916666668,0.3432804376027408,low
24,1775972896.323,-6.8926133,109.436275,56.371914,5.7483354662397455,1.1762376240050307,6.9194107,0.0,5.892286586802031,normal,178e7720-4939-4df4-b9af-2a0a7e15ece3,0.9099508916666668,0.28137352304882934,low
25,1775972899.467,-6.8926133,109.436275,63.35935,6.46085564387431,2.045599723109949,6.9194107,0.5060000419616699,6.969938855329949,normal,178e7720-4939-4df4-b9af-2a0a7e15ece3,0.9099508916666668,0.3296925952111855,low
26,1775972905.382,-6.8925283,109.4373515,54.692684,5.577101660607853,1.727481505825388,12.087666,0.0,7.2389736242424245,normal,178e7720-4939-4df4-b9af-2a0a7e15ece3,1.0,0.3087824102590488,low
27,1775972910.6999998,-6.8924118,109.4383925,63.95256,6.521346229344374,3.4325635191910506,12.268272,0.009999990463256836,6.094684507537688,normal,178e7720-4939-4df4-b9af-2a0a7e15ece3,1.0,0.35015229173691137,medium
28,1775972915.777,-6.8924118,109.4383925,53.657516,5.47154390133226,1.614241063646474,12.268272,0.0,5.693744663,normal,178e7720-4939-4df4-b9af-2a0a7e15ece3,1.0,0.2892566361540618,low
29,1775972926.5685554,-6.8923073,109.4395359,64.85387,6.613254271336287,3.0619724340012864,13.983735,5.729000091552734,7.355279889340101,normal,178e7720-4939-4df4-b9af-2a0a7e15ece3,1.0,0.40457581408216814,medium
30,1775972931.145,-6.8921763,109.4409678,65.02436,6.630639413051348,2.8802917740439096,14.89701,0.0,5.290005423232323,normal,178e7720-4939-4df4-b9af-2a0a7e15ece3,1.0,0.33925580349736184,low
31,1775972934.2150002,-6.8921763,109.4409678,59.07883,6.024364079476682,1.982534932374711,14.89701,0.497999906539917,6.422445704615384,normal,178e7720-4939-4df4-b9af-2a0a7e15ece3,1.0,0.3227697149529251,low
32,1775972936.906,-6.8921763,109.4409678,54.77049,5.58503566457455,0.6496670711073865,14.89701,0.0,5.406938141538462,normal,178e7720-4939-4df4-b9af-2a0a7e15ece3,1.0,0.27841071975860426,low
33,1775972939.769,-6.8921763,109.4409678,73.9139,7.537120219442929,2.9418494456665796,14.89701,0.7019999027252197,6.492890802030457,normal,178e7720-4939-4df4-b9af-2a0a7e15ece3,1.0,0.38672774685296063,medium
34,1775972942.129,-6.8920924,109.4421775,54.949707,5.603310712628676,1.2598166079954851,13.649715,1.9079999923706055,5.8933808260000005,normal,178e7720-4939-4df4-b9af-2a0a7e15ece3,1.0,0.3058147276985273,low
35,1775972945.5145001,-6.8920924,109.4421775,53.78222,5.48426017039458,1.3633515583159395,13.649715,0.7809998989105225,6.1755212741116745,normal,178e7720-4939-4df4-b9af-2a0a7e15ece3,1.0,0.29716464466931314,low
36,1775972949.301,-6.8920924,109.4421775,52.9299,5.397347718130045,0.5079385860391983,13.649715,0.0,5.523795398984771,normal,178e7720-4939-4df4-b9af-2a0a7e15ece3,1.0,0.2715814045636369,low
37,1775972955.7610457,-6.8921375,109.4433722,76.310745,7.7815303900924375,4.982683901225448,14.374063999999997,9.121000051498413,6.22871134051282,candidate,178e7720-4939-4df4-b9af-2a0a7e15ece3,1.0,0.48218027462994717,medium
38,1775972960.277,-6.8922577,109.4448662,51.67206,5.269083733996829,2.5622141505514833,18.682701,0.0,6.848760205527638,normal,178e7720-4939-4df4-b9af-2a0a7e15ece3,1.0,0.3051935346885585,low
39,1775972966.7501817,-6.8922577,109.4448662,82.17975,8.38000234534729,4.269149919187659,18.682701000000005,5.290999889373779,7.263019273096446,candidate,178e7720-4939-4df4-b9af-2a0a7e15ece3,1.0,0.4734830096743468,medium
40,1775972971.5609999,-6.8923134,109.4464597,54.183434,5.525172612461952,1.8591610011198627,17.867495,1.5269999504089355,7.650015924873097,normal,178e7720-4939-4df4-b9af-2a0a7e15ece3,1.0,0.3243350046416215,low
41,1775973007.801,-6.8929717,109.4504917,50.84733,5.1849846787639,1.9288990918153937,13.889264,0.0,5.278219019587628,normal,178e7720-4939-4df4-b9af-2a0a7e15ece3,1.0,0.2797349495292386,low
42,1775973028.1536002,-6.8939047,109.4527191,71.71223,7.312612359980219,3.2381085962960308,8.3444605,4.016000032424927,7.848623859296483,normal,178e7720-4939-4df4-b9af-2a0a7e15ece3,1.0,0.42131651961427125,medium
43,1775973034.9781904,-6.8934909,109.4529924,83.82652,8.547926152151858,4.742429198371073,9.682491,8.92900013923645,8.02674541116751,candidate,178e7720-4939-4df4-b9af-2a0a7e15ece3,1.0,0.520079308340182,medium
44,1775973043.6029997,-6.8925767,109.45336,65.793274,6.7090468202699185,2.8717668025320227,10.906964,5.216000080108643,7.2073330538071065,normal,178e7720-4939-4df4-b9af-2a0a7e15ece3,1.0,0.4000459987735967,medium
45,1775973049.147143,-6.8925767,109.45336,76.01517,7.751390128127342,3.7558672661264283,10.906964,2.4079999923706055,7.775463295431472,normal,178e7720-4939-4df4-b9af-2a0a7e15ece3,1.0,0.4291011286636207,medium
46,1775973054.9822857,-6.8917017,109.4536683,87.67417,8.94027726083831,5.61406356918999,9.072494,2.741999864578247,4.825767709000001,candidate,178e7720-4939-4df4-b9af-2a0a7e15ece3,1.0,0.4658046468719516,medium
47,1775973059.1875,-6.8917017,109.4536683,53.681553,5.473994993193394,1.675219900723857,9.072494,0.2109999656677246,5.871323545128204,normal,178e7720-4939-4df4-b9af-2a0a7e15ece3,1.0,0.29339491583274135,low
48,1775973064.79725,-6.8910533,109.4538383,94.54383,9.640787628802904,5.877359115309571,7.441339000000001,8.287000179290771,6.834928036923078,candidate,178e7720-4939-4df4-b9af-2a0a7e15ece3,0.9534449166666668,0.5468853716003468,medium
49,1775973075.7241933,-6.8903863,109.4539875,99.201225,10.115709747977139,7.006658370653413,8.041138999999996,9.092000007629395,4.528417311557789,high_conf,178e7720-4939-4df4-b9af-2a0a7e15ece3,1.0,0.5677650821447853,medium
50,1775973082.4408333,-6.8897539,109.4541563,75.57294,7.70629521804082,3.1351630840256943,8.796217999999998,3.1540000438690186,5.560697154822335,normal,178e7720-4939-4df4-b9af-2a0a7e15ece3,1.0,0.4047169336071136,medium
51,1775973087.2329998,-6.8897539,109.4541563,89.35887,9.1120688512387,5.422519734533591,8.796218,0.2329998016357422,8.648173420100502,candidate,178e7720-4939-4df4-b9af-2a0a7e15ece3,1.0,0.48604888758295,medium
52,1775973089.8353336,-6.8897539,109.4541563,63.260277,6.4507530094374745,3.31261223180155,8.796218,0.26799988746643066,6.28980916281407,normal,178e7720-4939-4df4-b9af-2a0a7e15ece3,1.0,0.35018158749387657,medium
53,1775973097.1107728,-6.8890621,109.454337,84.59255,8.626039473214606,6.210350255671979,7.760183299999998,8.916999816894531,6.217440312820513,candidate,178e7720-4939-4df4-b9af-2a0a7e15ece3,0.9800152749999997,0.5204805961213363,medium
54,1775973104.6680005,-6.888273,109.4544477,60.661922,6.185794537380247,4.1252073081240415,8.49295,2.005000114440918,5.034625040609137,candidate,178e7720-4939-4df4-b9af-2a0a7e15ece3,1.0,0.3529051558109242,medium
55,1775973109.7452,-6.888273,109.4544477,72.56195,7.399259686029378,3.916154901694071,8.49295,2.0810000896453857,7.028154929648242,normal,178e7720-4939-4df4-b9af-2a0a7e15ece3,1.0,0.4098546898832244,medium
56,1775973112.9944446,-6.8875668,109.4546063,72.91143,7.43489672824053,3.1487509074758533,8.748815,3.0199999809265137,7.6363279958762895,normal,178e7720-4939-4df4-b9af-2a0a7e15ece3,1.0,0.4145758147644574,medium
57,1775973118.3961666,-6.8875668,109.4546063,76.73567,7.824860681272402,4.065970259749818,8.748815,3.0980000495910645,7.335942471999999,candidate,178e7720-4939-4df4-b9af-2a0a7e15ece3,1.0,0.43648395388040384,medium
58,1775973125.6439376,-6.8866528,109.4548345,81.88561,8.350008412658758,4.473013487717761,9.22765,9.373000144958496,7.642592234693877,candidate,178e7720-4939-4df4-b9af-2a0a7e15ece3,1.0,0.5100073165016057,medium
59,1775973131.18,-6.8858567,109.4550333,50.775764,5.177686977714103,4.019383024132871,8.969035,0.06599998474121094,8.263339268000001,candidate,178e7720-4939-4df4-b9af-2a0a7e15ece3,1.0,0.33403050797418105,low
60,1775973135.1347272,-6.8858567,109.4550333,91.70083,9.35088230945328,6.872879924986413,8.969035000000002,2.1429998874664307,6.659094025252524,candidate,178e7720-4939-4df4-b9af-2a0a7e15ece3,1.0,0.5076174400733835,medium
61,1775973139.7714999,-6.8858567,109.4550333,92.32091,9.414112872387616,8.66562901999546,8.969035,0.6070001125335693,9.751002864646463,high_conf,178e7720-4939-4df4-b9af-2a0a7e15ece3,1.0,0.5492624678314265,medium
62,1775973145.73825,-6.8854233,109.4551017,90.22953,9.200851463037838,5.589878389693509,5.1693554,5.707000017166138,6.973995891919192,candidate,178e7720-4939-4df4-b9af-2a0a7e15ece3,0.7641129499999999,0.4818997406874658,medium
63,1775973157.2164001,-6.8847717,109.4551867,80.395836,8.19809374251146,4.852875774730511,4.2721944,2.742000102996826,7.67132549,candidate,178e7720-4939-4df4-b9af-2a0a7e15ece3,0.6893495333333334,0.41232672504427414,medium
64,1775973164.745,-6.8846582,109.4547392,54.67511,5.5753096113351654,1.2895621258420433,7.8310566,0.0,4.9812223847715735,normal,178e7720-4939-4df4-b9af-2a0a7e15ece3,0.9859213833333333,0.27981770850621424,low
65,1775973166.79,-6.8846582,109.4547392,50.170322,5.115949075372324,1.5821141008552448,7.8310566,0.0,6.281870443298969,normal,178e7720-4939-4df4-b9af-2a0a7e15ece3,0.9859213833333333,0.2805920741419645,low
66,1775973170.3401668,-6.8846582,109.4547392,91.50932,9.33135372425854,6.89073813805731,7.831056599999999,1.2400000095367432,10.002644079591835,candidate,178e7720-4939-4df4-b9af-2a0a7e15ece3,0.9859213833333333,0.5298311853184761,medium
67,1775973174.8634615,-6.8846569,109.4540429,81.59068,8.3199339223894,4.5744521773787294,6.7403836,5.5940001010894775,6.595804741414142,candidate,178e7720-4939-4df4-b9af-2a0a7e15ece3,0.8950319666666666,0.45551926772478935,medium
68,1775973180.15,-6.8846569,109.4540429,65.376236,6.666520779267131,1.3244264590639792,6.7403836,0.0,5.979252857711443,normal,178e7720-4939-4df4-b9af-2a0a7e15ece3,0.8950319666666666,0.31207975023563905,low
69,1775973183.8661003,-6.8847214,109.4533645,69.18017,7.054414096556929,3.4197515065059916,7.5985017,3.740000009536743,5.881939284974093,normal,178e7720-4939-4df4-b9af-2a0a7e15ece3,0.9665418083333333,0.3892459021107782,medium
70,1775973189.72825,-6.8847214,109.4533645,72.540115,7.397033135678341,3.9291498349873666,7.5985017,2.575000047683716,5.858122379591838,normal,178e7720-4939-4df4-b9af-2a0a7e15ece3,0.9665418083333333,0.3976310161338164,medium
71,1775973196.8874836,-6.8847364,109.452663,96.16639,9.806242702655853,8.738573852948631,7.5875499999999985,7.482000112533569,8.264794061616163,high_conf,178e7720-4939-4df4-b9af-2a0a7e15ece3,0.9656291666666665,0.596748883054617,medium
72,1775973208.1103907,-6.884681,109.4522062,86.7006,8.841000749491416,5.70240079494111,3.858444892682927,11.074000120162964,5.865105,candidate,178e7720-4939-4df4-b9af-2a0a7e15ece3,0.6548704077235773,0.48580540742764866,medium
73,1775973218.281,-6.884681,109.4522062,53.469948,5.452417288268675,1.1023232302307022,2.4447591,0.0,4.518509528061224,normal,178e7720-4939-4df4-b9af-2a0a7e15ece3,0.5370632583333333,0.2017430306985709,low
74,1775973230.6217499,-6.8842718,109.4511982,73.00119,7.44404970096822,3.9522542828033593,7.8624177,0.5740001201629639,9.07620024242424,normal,178e7720-4939-4df4-b9af-2a0a7e15ece3,0.9885348083333334,0.41787835207794655,medium
75,1775973237.4775,-6.8841079,109.4504441,79.42502,8.099098061009622,4.308244614469162,8.933895,4.70199990272522,7.482493342424243,candidate,178e7720-4939-4df4-b9af-2a0a7e15ece3,1.0,0.4622446348880133,medium
76,1775973247.7742,-6.8839252,109.4496265,68.31114,6.9657976985005075,2.8713307876368495,9.036491,4.014000177383423,8.095000746464645,normal,178e7720-4939-4df4-b9af-2a0a7e15ece3,1.0,0.4076794487560001,medium
77,1775973256.6058998,-6.8835733,109.4488433,79.20264,8.076421611865419,4.585815752029567,9.173380000000002,8.98799991607666,6.994012164467007,candidate,178e7720-4939-4df4-b9af-2a0a7e15ece3,1.0,0.4932577333870498,medium
78,1775973263.3376,-6.8833,109.448115,67.52031,6.885155481229574,4.432669631182208,7.2416267,2.065999984741211,4.910991022335025,candidate,178e7720-4939-4df4-b9af-2a0a7e15ece3,0.9368022250000001,0.3695824521187909,medium
79,1775973268.7929997,-6.8833,109.448115,82.60281,8.423142459453535,5.685608872407599,7.241626699999999,2.205000162124634,7.155268010101009,candidate,178e7720-4939-4df4-b9af-2a0a7e15ece3,0.9368022249999999,0.4580951611463052,medium
80,1775973272.003,-6.8830933,109.4474333,55.77733,5.687704771762019,1.7468183887964712,7.538107,0.5460000038146973,6.271122064646464,normal,178e7720-4939-4df4-b9af-2a0a7e15ece3,0.9615089166666666,0.30192150756399294,low
81,1775973280.168833,-6.8830933,109.4474333,80.20299,8.178428923230666,6.208611712597673,7.538106999999999,0.9879999160766602,9.345462210050252,candidate,178e7720-4939-4df4-b9af-2a0a7e15ece3,0.9615089166666666,0.47156381755451543,medium
82,1775973282.7645001,-6.8830078,109.4468375,72.19551,7.3618932051210155,3.4891537608754435,6.257013,1.1649999618530273,6.244463191752578,normal,178e7720-4939-4df4-b9af-2a0a7e15ece3,0.8547510833333334,0.3671018784258459,medium
83,1775973343.5304,-6.880985,109.447395,78.5789,8.012817832797133,4.606417911118681,5.149796,0.8450000286102295,8.801364945641026,candidate,cc249e1a-62c0-4274-812f-0019a041760e,0.762483,0.41026795980758407,medium
84,1775973346.793,-6.8806217,109.4482833,50.932846,5.193704883930802,2.1288822432132664,8.603067,0.0,5.14945094949495,normal,cc249e1a-62c0-4274-812f-0019a041760e,1.0,0.2812632384272382,low
85,1775973349.72575,-6.8806217,109.4482833,71.22082,7.26250248555827,3.7861101995978355,8.603067,0.9749999046325684,7.299208210204082,normal,cc249e1a-62c0-4274-812f-0019a041760e,1.0,0.39780202372864576,medium
86,1775973371.931,-6.8789534,109.4486668,49.81582,5.079799931679014,0.806796397120271,10.400184,0.0,6.188656966497463,normal,cc249e1a-62c0-4274-812f-0019a041760e,1.0,0.2710851151451731,low
87,1775973392.6748464,-6.8769719,109.4488576,89.21552,9.097451219325661,6.372796600897149,11.390678,3.075000047683716,6.551445870351758,candidate,cc249e1a-62c0-4274-812f-0019a041760e,1.0,0.49925075523171253,medium
88,1775973396.6427498,-6.8762668,109.4488726,80.76412,8.235648259089496,4.883894241402809,5.8539505,0.22600007057189941,7.140276240414508,candidate,cc249e1a-62c0-4274-812f-0019a041760e,0.8211625416666666,0.40932726610954223,medium
89,1775973402.3146667,-6.8762668,109.4488726,80.34333,8.192739620563597,4.7381245728451225,5.8539505,1.8550000190734863,7.94636645959596,candidate,cc249e1a-62c0-4274-812f-0019a041760e,0.8211625416666666,0.4262926800142216,medium
90,1775973405.6585999,-6.8762668,109.4488726,107.6503,10.977275624193787,6.729102666322326,5.8539505,0.6380000114440918,10.990622524,high_conf,cc249e1a-62c0-4274-812f-0019a041760e,0.8211625416666666,0.5621701720621675,medium
91,1775973409.3515236,-6.8754347,109.4488971,97.6044,9.95287891379829,6.402675861285459,9.097576,5.74399995803833,8.50836384949495,candidate,cc249e1a-62c0-4274-812f-0019a041760e,1.0,0.5669305901961491,medium
92,1775973417.9635,-6.8746001,109.4489061,60.4436,6.163531889075271,3.395303834802565,10.176454,0.003000020980834961,6.5034910668341706,normal,cc249e1a-62c0-4274-812f-0019a041760e,1.0,0.3417092700731313,low
93,1775973421.526,-6.8746001,109.4489061,58.331154,5.9481223455512335,2.1312626677042883,10.176454,0.0,6.292498752525253,normal,cc249e1a-62c0-4274-812f-0019a041760e,1.0,0.3170211008660534,low
94,1775973424.3685,-6.8746001,109.4489061,53.10426,5.415127490019527,1.3806482765937385,10.176454,0.7829999923706055,8.13211471818182,normal,cc249e1a-62c0-4274-812f-0019a041760e,1.0,0.31366085013218786,low
95,1775973429.273,-6.873633,109.4489066,87.61683,8.934430208073094,6.164690000636389,8.892408,0.2630000114440918,7.434609888324873,candidate,cc249e1a-62c0-4274-812f-0019a041760e,1.0,0.47804794365688347,medium
96,1775973435.3705714,-6.873633,109.4489066,89.337715,9.109911641590147,5.885513197933022,8.892408000000001,2.0239999294281006,6.438703371717172,candidate,cc249e1a-62c0-4274-812f-0019a041760e,1.0,0.4845094899695167,medium
97,1775973439.0134284,-6.8735337,109.4494394,104.85335,10.692066098004927,12.049561190929332,7.445922999999998,4.129999876022339,4.756355007035176,high_conf,cc249e1a-62c0-4274-812f-0019a041760e,0.9538269166666664,0.605906109617503,medium
98,1775973444.4954615,-6.8735337,109.4494394,88.2172,8.99565091035165,6.1156005256701915,7.445922999999998,2.924999952316284,4.856194143589743,candidate,cc249e1a-62c0-4274-812f-0019a041760e,0.9538269166666664,0.4685749093326866,medium
99,1775973449.7316666,-6.873567,109.4500879,82.41071,8.403553711002228,4.2647213502173855,6.680509,2.561000108718872,7.569644888442211,candidate,cc249e1a-62c0-4274-812f-0019a041760e,0.8900424166666667,0.4396145293715928,medium
100,1775973454.7580998,-6.873567,109.4500879,86.47604,8.818102002212784,4.426236292869203,6.680508999999999,3.884999990463257,5.614603159183673,candidate,cc249e1a-62c0-4274-812f-0019a041760e,0.8900424166666665,0.4469329468034137,medium
101,1775973460.516545,-6.8735797,109.4508969,104.65583,10.671924663366186,6.402756513909166,9.255978,9.029000043869019,6.249809904060913,high_conf,cc249e1a-62c0-4274-812f-0019a041760e,1.0,0.5945194468346967,medium
102,1775973470.0047915,-6.8736433,109.451615,93.109505,9.494527183084948,6.001249222674913,8.667922,3.865999937057495,12.548752614,candidate,cc249e1a-62c0-4274-812f-0019a041760e,1.0,0.570721312915824,medium
103,1775973476.659,-6.8736433,109.451615,50.0265,5.101283312854033,1.1947918148454777,8.667922,0.0,4.170290205181347,normal,cc249e1a-62c0-4274-812f-0019a041760e,1.0,0.25743465270368776,low
104,1775973478.1803334,-6.8736917,109.45215,64.93825,6.621858636741395,3.5425419599446877,4.4909515,2.052999973297119,5.52310947236181,normal,cc249e1a-62c0-4274-812f-0019a041760e,0.7075792916666667,0.3212591274127468,low
105,1775973483.3085456,-6.8736917,109.45215,92.324295,9.41445804632571,6.714180337678979,4.4909515,2.750999927520752,5.54717181111111,candidate,cc249e1a-62c0-4274-812f-0019a041760e,0.7075792916666667,0.45803540475887805,medium
106,1775973487.7995713,-6.8729683,109.4523,103.56052,10.5602341268425,7.78014622323996,8.617479000000001,3.5930001735687256,5.857519006091371,high_conf,cc249e1a-62c0-4274-812f-0019a041760e,1.0,0.5622436009083346,medium
107,1775973494.4975183,-6.8729683,109.4523,92.58929,9.441480016111518,6.207906154919003,8.617479,4.14300012588501,9.79545991919192,candidate,cc249e1a-62c0-4274-812f-0019a041760e,1.0,0.5475437813466837,medium
108,1775973500.2865674,-6.8722733,109.4524,117.55734,11.987512555255872,9.825157401973275,6.536971999999999,7.303999900817871,8.686163702538071,high_conf,cc249e1a-62c0-4274-812f-0019a041760e,0.8780809999999999,0.6715866295742734,high
109,1775973506.422,-6.8722733,109.4524,77.11035,7.863067408340259,2.3262708626818376,6.536972,0.0,6.878576709183673,normal,cc249e1a-62c0-4274-812f-0019a041760e,0.8780809999999999,0.3698735885074599,medium
110,1775973509.284,-6.8717267,109.4524633,58.51404,5.9667715274839015,1.455647631854976,6.349613,0.0,5.365663072538861,normal,cc249e1a-62c0-4274-812f-0019a041760e,0.86246775,0.2799047558381218,low
111,1775973513.0227501,-6.8717267,109.4524633,80.64863,8.223871556545813,4.030856702384277,6.349613,1.319000005722046,6.991026044554456,candidate,cc249e1a-62c0-4274-812f-0019a041760e,0.86246775,0.41163009945607926,medium
112,1775973533.0205002,-6.8702833,109.4526067,83.99553,8.565160375867396,5.808378159889493,9.308237,1.2909998893737793,8.795276003076925,candidate,cc249e1a-62c0-4274-812f-0019a041760e,1.0,0.4822872054879884,medium
113,1775973536.2645,-6.8702833,109.4526067,94.95828,9.683049767249775,5.386971377398089,9.308237,0.25,10.086245976649744,candidate,cc249e1a-62c0-4274-812f-0019a041760e,1.0,0.5182151071853758,medium
114,1775973582.3441112,-6.8655217,109.4530138,92.68979,9.451728164051945,9.056486117898817,10.531018,2.2990000247955322,8.738801183589745,high_conf,cc249e1a-62c0-4274-812f-0019a041760e,1.0,0.5587362481640271,medium
115,1775973586.0689998,-6.8655217,109.4530138,123.05411,12.548027104056942,16.332421606692314,10.531018,0.3020000457763672,11.100646228571428,high_conf,cc249e1a-62c0-4274-812f-0019a041760e,1.0,0.7574750233050753,high
116,1775973593.114406,-6.8645797,109.4530747,118.22832,12.055933473714266,6.222881292518864,9.76029,9.651000022888184,8.835196278350514,high_conf,cc249e1a-62c0-4274-812f-0019a041760e,1.0,0.6672670194084379,high
117,1775973599.2872353,-6.8637375,109.4531423,98.46698,10.040837594897342,5.843589770773933,9.3108,3.629999876022339,7.761795494949496,high_conf,cc249e1a-62c0-4274-812f-0019a041760e,1.0,0.539609263689255,medium
118,1775973605.3087502,-6.8637375,109.4531423,111.034,11.32231699917913,9.052447544509512,9.3108,3.0929999351501465,6.587924563636364,high_conf,cc249e1a-62c0-4274-812f-0019a041760e,1.0,0.6061251936010854,medium
119,1775973611.0630589,-6.8628874,109.4531937,95.95384,9.784568634549005,10.712666552592369,9.207847,5.740000009536743,7.257189944162436,high_conf,cc249e1a-62c0-4274-812f-0019a041760e,1.0,0.6025306635136454,medium
120,1775973615.8333333,-6.8628874,109.4531937,91.71977,9.352813651960659,7.797510831248489,9.207847,0.7019999027252197,12.428887311111112,candidate,cc249e1a-62c0-4274-812f-0019a041760e,1.0,0.5626733355088864,medium
121,1775973622.5285141,-6.8620682,109.4532436,103.86177,10.590953077758462,7.605686279641456,8.713940999999998,9.026000022888184,8.017547092929291,high_conf,cc249e1a-62c0-4274-812f-0019a041760e,1.0,0.6233884705904968,medium
122,1775973630.3003335,-6.8613509,109.4533128,89.7673,9.153717120525359,5.428871804959803,7.970974000000002,4.919999837875366,6.350719105583756,candidate,cc249e1a-62c0-4274-812f-0019a041760e,0.9975811666666667,0.5014192498146157,medium
123,1775973636.8973331,-6.8613509,109.4533128,50.998234,5.200372604304222,2.5411355097795356,7.970974000000001,0.749000072479248,7.307532041025643,normal,cc249e1a-62c0-4274-812f-0019a041760e,0.9975811666666667,0.31241613157778053,low
124,1775973640.1175714,-6.8605233,109.4533667,98.950645,10.090157699112337,6.592504283638164,9.797223,0.8589999675750732,13.71315543147208,high_conf,cc249e1a-62c0-4274-812f-0019a041760e,1.0,0.5855545413694562,medium
125,1775973643.379,-6.8605233,109.4533667,55.038403,5.612355187551305,1.6664684041971813,9.797223,0.0,6.901585867005075,normal,cc249e1a-62c0-4274-812f-0019a041760e,1.0,0.3059961644824958,low
126,1775973649.198,-6.8597,109.4534417,61.801353,6.301984163807212,1.7348080315718652,9.759648,1.5260000228881836,6.5855171142857145,normal,cc249e1a-62c0-4274-812f-0019a041760e,1.0,0.3383362028824928,low
127,1775973653.4095557,-6.8597,109.4534417,115.86374,11.814813417425931,13.354863773346313,9.759648,2.4649999141693115,6.502088232323232,high_conf,cc249e1a-62c0-4274-812f-0019a041760e,1.0,0.6696822251005972,high
128,1775973664.26375,-6.8588383,109.4534833,66.45299,6.776319130386014,3.1224242290146127,9.096685,0.3920001983642578,9.653344219387757,normal,cc249e1a-62c0-4274-812f-0019a041760e,1.0,0.3914241422903417,medium
129,1775973666.576,-6.8588383,109.4534833,49.86229,5.084538552920723,1.5442900034279505,9.096685,0.0,4.687046627722772,normal,cc249e1a-62c0-4274-812f-0019a041760e,1.0,0.2660826233074294,low
130,1775973671.9448667,-6.857991,109.4534988,95.22281,9.71002432023168,6.348071985735712,7.911533000000003,7.4679999351501465,6.558700906,candidate,cc249e1a-62c0-4274-812f-0019a041760e,0.9926277500000003,0.5519206377575784,medium
131,1775973683.9235,-6.8573771,109.4534602,86.0865,8.778379976852442,4.69029048484073,7.265105700000001,1.5260000228881836,10.042072230927834,candidate,cc249e1a-62c0-4274-812f-0019a041760e,0.9387588083333334,0.4800032614792311,medium
132,1775973687.423,-6.8573771,109.4534602,84.0839,8.574171608041482,4.867748292362189,7.2651057,0.3899998664855957,7.576645027692307,candidate,cc249e1a-62c0-4274-812f-0019a041760e,0.9387588083333334,0.4433363287707327,medium
133,1775973695.071381,-6.8566759,109.4534206,91.44237,9.324526724212651,7.963510822579216,7.029168999999999,4.871999979019165,9.261834762,candidate,cc249e1a-62c0-4274-812f-0019a041760e,0.9190974166666666,0.553706748655709,medium
134,1775973702.8102417,-6.8560238,109.4533981,95.40498,9.7286004904835,6.791747701128278,6.695198500000001,8.989000082015991,7.9051617228426405,candidate,cc249e1a-62c0-4274-812f-0019a041760e,0.8912665416666667,0.5672571537607375,medium
135,1775973716.1152,-6.8555021,109.4533306,108.85257,11.099873045331485,8.66166010618858,5.874274,3.2070000171661377,7.703124483505154,high_conf,cc249e1a-62c0-4274-812f-0019a041760e,0.8228561666666667,0.5788538344139784,medium
136,1775973720.5177503,-6.8548736,109.4533174,100.40275,10.238231200256969,6.84524455261872,5.813676400000001,4.486999988555908,7.607235417258884,high_conf,cc249e1a-62c0-4274-812f-0019a041760e,0.8178063666666668,0.5362496488498368,medium
137,1775973726.981,-6.8548736,109.4533174,58.974846,6.013760662407652,1.5615439118817664,5.8136764,0.0,5.054950783673469,normal,cc249e1a-62c0-4274-812f-0019a041760e,0.8178063666666666,0.2731136689211573,low
138,1775973733.267862,-6.8542402,109.4532952,108.30224,11.043755002982671,6.3844200258936015,6.771951699999998,8.151000022888184,3.9254033928571435,high_conf,cc249e1a-62c0-4274-812f-0019a041760e,0.8976626416666664,0.5624206234988386,medium
139,1775973740.4710002,-6.8538295,109.4532564,91.745224,9.355409237609173,6.633066247077968,5.319297999999999,1.0809998512268066,8.042193168844221,candidate,cc249e1a-62c0-4274-812f-0019a041760e,0.7766081666666667,0.4762477086655721,medium
140,1775973745.968,-6.8538295,109.4532564,81.48136,8.308786384749125,3.6126174383592713,5.319298,0.01399993896484375,6.745572202040815,normal,cc249e1a-62c0-4274-812f-0019a041760e,0.7766081666666667,0.38403793408579845,medium
141,1775973750.497,-6.8533347,109.4532179,89.32771,9.10889141551906,7.441813155250288,5.35019,0.5559999942779541,6.306061093877551,candidate,cc249e1a-62c0-4274-812f-0019a041760e,0.7791824999999999,0.45795544396083665,medium
142,1775973758.1739998,-6.8533347,109.4532179,79.08567,8.064493991322214,5.083624126638151,5.3501900000000004,0.33899998664855957,9.066671859595958,candidate,cc249e1a-62c0-4274-812f-0019a041760e,0.7791825000000001,0.4189732927854272,medium
143,1775973761.8523333,-6.8529233,109.4531869,101.72766,10.373334421030627,9.175946760829985,3.3723971999999995,6.715000152587891,5.2647780112244895,high_conf,cc249e1a-62c0-4274-812f-0019a041760e,0.6143664333333333,0.533811726560299,medium
144,1775973784.9936666,-6.851689,109.4531074,53.67497,5.473323714010392,3.119232172310038,8.472813,0.2219998836517334,6.225734437055838,normal,cc249e1a-62c0-4274-812f-0019a041760e,1.0,0.3145896539375435,low
145,1775973790.9325,-6.8508483,109.453085,49.487328,5.046303069855659,3.0205094246070496,9.637144,0.004999876022338867,5.710374798994976,normal,cc249e1a-62c0-4274-812f-0019a041760e,1.0,0.292729650655132,low
146,1775973829.675,-6.8473778,109.45325,56.89275,5.801445957590003,2.066299125005867,9.894157,0.0,5.448969913567839,normal,cc249e1a-62c0-4274-812f-0019a041760e,1.0,0.30338507025945605,low
147,1775973835.8955002,-6.8473778,109.45325,57.281883,5.841126480500477,1.434867769060097,9.894157,0.5169999599456787,6.8157942707070704,normal,cc249e1a-62c0-4274-812f-0019a041760e,1.0,0.3138584911227997,low
148,1775973840.625,-6.8465309,109.4531269,50.151073,5.113986223633963,1.4691717488626883,9.306911,0.0,3.9266222515151514,normal,cc249e1a-62c0-4274-812f-0019a041760e,1.0,0.2589207201537152,low
149,1775973843.113875,-6.8465309,109.4531269,86.232956,8.793314332621232,5.398706895783125,9.306911,0.8630001544952393,11.08491716161616,candidate,cc249e1a-62c0-4274-812f-0019a041760e,1.0,0.5031865025541709,medium
150,1775973846.589714,-6.8465309,109.4531269,92.808784,9.463862175156654,5.774804366924476,9.306911,1.8250000476837158,5.25411096122449,candidate,cc249e1a-62c0-4274-812f-0019a041760e,1.0,0.48206430484653834,medium
151,1775973852.4214444,-6.8460016,109.4530638,81.22532,8.282677570832037,4.636555264721052,5.0290055,3.6579999923706055,6.912280009090908,candidate,cc249e1a-62c0-4274-812f-0019a041760e,0.752417125,0.42176699920775823,medium
152,1775973856.3848,-6.8460016,109.4530638,82.704254,8.433486868604469,4.69566399516019,5.0290055,0.9779999256134033,7.198097585714285,candidate,cc249e1a-62c0-4274-812f-0019a041760e,0.752417125,0.40956048316812366,medium
153,1775973865.7311723,-6.8453433,109.4529475,92.8872,9.471858381812343,5.922657604184649,7.146892000000001,7.945000171661377,7.9408271447236185,candidate,cc249e1a-62c0-4274-812f-0019a041760e,0.9289076666666667,0.5460413237713796,medium
154,1775973869.8056667,-6.8446046,109.4528489,119.31047,12.166282063701672,10.198408400747516,8.01516,0.9850001335144043,10.592127646938774,high_conf,cc249e1a-62c0-4274-812f-0019a041760e,1.0,0.6698181972436223,high
155,1775973873.5802498,-6.8446046,109.4528489,90.9697,9.276327797973824,7.305923981701852,8.015159999999998,2.822999954223633,7.552353425380711,candidate,cc249e1a-62c0-4274-812f-0019a041760e,1.0,0.5241873977284712,medium
156,1775973878.356,-6.8446046,109.4528489,88.68778,9.043636715901965,7.8373840393723215,8.01516,1.1510000228881836,5.7134063979487175,candidate,cc249e1a-62c0-4274-812f-0019a041760e,1.0,0.4927528601768879,medium
157,1775973879.6635,-6.8438233,109.4527317,81.8438,8.345744979172297,4.5632345147733036,7.6837735,1.1370000839233398,4.265802112820513,candidate,cc249e1a-62c0-4274-812f-0019a041760e,0.9736477916666666,0.41164457523982395,medium
158,1775973885.2768574,-6.8438233,109.4527317,72.27044,7.369533938704858,3.731738618488539,7.6837735,4.638999938964844,5.76858655,normal,cc249e1a-62c0-4274-812f-0019a041760e,0.9736477916666666,0.4103912668110443,medium
159,1775973892.4599,-6.8430717,109.452545,81.26995,8.287228564290558,4.322094220955711,8.955137000000002,1.996999979019165,5.844356389,candidate,cc249e1a-62c0-4274-812f-0019a041760e,1.0,0.4322806025797367,medium
160,1775973897.076,-6.8430717,109.452545,56.676037,5.779347381623695,1.233387776262701,8.955137,0.0,5.202716288324874,normal,cc249e1a-62c0-4274-812f-0019a041760e,1.0,0.2900702219713731,low
161,1775973905.7984288,-6.8423967,109.4523917,65.04042,6.63227707728939,3.335201624082306,8.406958000000001,3.7120001316070557,6.623348662564102,normal,cc249e1a-62c0-4274-812f-0019a041760e,1.0,0.38610882203279234,medium
162,1775973915.86665,-6.8416383,109.45221,86.62323,8.833111205151608,6.025124026696338,9.948551000000002,7.258999824523926,6.739871177777778,candidate,cc249e1a-62c0-4274-812f-0019a041760e,1.0,0.5202273041921871,medium
163,1775973922.2389998,-6.8407533,109.4519967,95.89283,9.778347345933627,5.005770898945413,10.214147999999998,3.8519999980926514,7.421821558375636,candidate,cc249e1a-62c0-4274-812f-0019a041760e,1.0,0.5191217845519406,medium
164,1775973928.34575,-6.8407533,109.4519967,89.40501,9.116773821845381,6.093390945547172,10.214148,0.2390000820159912,9.831718136410256,candidate,cc249e1a-62c0-4274-812f-0019a041760e,1.0,0.5057274160622782,medium
165,1775973934.601588,-6.8398917,109.451725,106.41365,10.851172418715873,7.646692746460395,8.421370500000002,8.823999881744385,9.737811737373738,high_conf,cc249e1a-62c0-4274-812f-0019a041760e,1.0,0.6472335289308606,medium
166,1775973939.766,-6.8391333,109.4515,60.696342,6.189304400585318,3.1096615695582535,9.017419,0.021999835968017578,6.0710524523076925,normal,cc249e1a-62c0-4274-812f-0019a041760e,1.0,0.33509062265222417,low
167,1775973946.8444667,-6.8391333,109.4515,85.63759,8.73260389633565,5.050535473816962,9.017419,4.236000061035156,6.69117792994924,candidate,cc249e1a-62c0-4274-812f-0019a041760e,1.0,0.4811959367638317,medium
168,1775973955.5561721,-6.8383183,109.4512283,80.47032,8.205688996752205,5.268585266167285,9.122936000000001,8.966000080108643,6.646111052061855,candidate,cc249e1a-62c0-4274-812f-0019a041760e,1.0,0.5024587578655241,medium
169,1775973961.8736665,-6.8376183,109.4509217,92.67499,9.450218984056736,6.964686256124535,7.838190000000001,2.873999834060669,6.32565368080808,candidate,cc249e1a-62c0-4274-812f-0019a041760e,0.9865158333333335,0.5124655046647979,medium
170,1775973971.18,-6.837215,109.45062,82.47791,8.410406203953439,4.643121151448803,3.4661395999999995,1.3619999885559082,7.161972465326634,candidate,cc249e1a-62c0-4274-812f-0019a041760e,0.6221783,0.39122840752303,medium
171,1775973977.741889,-6.837215,109.45062,121.19122,12.358065190457497,15.39608842698411,3.4661396,3.005000114440918,9.952999925510206,high_conf,cc249e1a-62c0-4274-812f-0019a041760e,0.6221783,0.6929265015311185,high
172,1775973984.3736389,-6.8374517,109.45016,91.64529,9.3452188056064,6.40461103183392,6.547266500000001,9.687999963760376,9.142532076142134,candidate,cc249e1a-62c0-4274-812f-0019a041760e,0.878938875,0.5651020987803849,medium
173,1775973994.5882077,-6.8377,109.4496917,96.33596,9.823534030479319,7.152995015147064,6.023279699999999,9.776999950408936,10.487291912820512,candidate,cc249e1a-62c0-4274-812f-0019a041760e,0.8352733083333332,0.5969786271331544,medium
174,1775974003.8333094,-6.8379683,109.44918,114.63576,11.689594305904668,14.050625179976654,6.348069,9.792999982833862,11.007286697959184,high_conf,cc249e1a-62c0-4274-812f-0019a041760e,0.8623390833333333,0.7525558005844482,high
175,1775974015.38549,-6.8382233,109.448705,103.46177,10.550164429239343,12.140989235229156,6.9307346,9.828999996185303,7.60797784489796,high_conf,cc249e1a-62c0-4274-812f-0019a041760e,0.9108945500000001,0.6667909756206463,high
176,1775974024.2436748,-6.83849,109.4482283,100.200645,10.217622225734578,7.726552122803952,6.746464300000002,9.71500015258789,11.156715648979594,high_conf,cc249e1a-62c0-4274-812f-0019a041760e,0.8955386916666668,0.6319498767183608,medium
177,1775974034.5239553,-6.8387717,109.4476917,110.48255,11.266084748614462,12.116605062526796,6.834481700000003,9.793999910354614,13.566184924623116,high_conf,cc249e1a-62c0-4274-812f-0019a041760e,0.9028734750000003,0.7451256493249897,high
178,1775974045.0460494,-6.83905,109.4471567,94.17855,9.603539434975247,8.400768674325656,6.624475000000003,9.705999851226807,11.937547348717947,high_conf,cc249e1a-62c0-4274-812f-0019a041760e,0.8853729166666668,0.625794425229077,medium
179,1775974054.488491,-6.839335,109.4466483,104.442604,10.650181662443343,7.994606182202099,6.366599000000001,9.884999990463257,9.8027322010101,high_conf,cc249e1a-62c0-4274-812f-0019a041760e,0.86388325,0.6332449381706754,medium
180,1775974064.3917677,-6.8396,109.4461267,102.65776,10.468178225999704,9.177584201202203,5.374214600000001,9.71399998664856,8.479356495918367,high_conf,cc249e1a-62c0-4274-812f-0019a041760e,0.7811845500000001,0.6155329466457755,medium
181,1775974075.4289792,-6.8398433,109.4456483,97.36762,9.9287340733074,8.908782802517344,6.050045,9.682999849319458,9.949538853333333,high_conf,cc249e1a-62c0-4274-812f-0019a041760e,0.83750375,0.6165726051886277,medium
182,1775974084.8222084,-6.8400767,109.4451717,88.183235,8.99218744423427,7.035744311451884,5.0020704,7.809000015258789,8.586372014646464,candidate,cc249e1a-62c0-4274-812f-0019a041760e,0.7501725333333333,0.5221771929996483,medium
183,1775974166.568,-6.8405233,109.4443483,85.38995,8.707351644037464,5.477707426769091,0.0,0.01399993896484375,6.4355874375,candidate,cc249e1a-62c0-4274-812f-0019a041760e,0.3,0.3457135543079997,low
184,1775974187.0646667,-6.8407783,109.4438633,68.54166,6.989304196642074,3.6434467972906504,2.0841103,0.4029998779296875,5.94602865510204,normal,cc249e1a-62c0-4274-812f-0019a041760e,0.5070091916666667,0.29585393335279864,low
185,1775974192.0605001,-6.840645,109.4440683,62.415813,6.364641646229854,3.6533254463613356,3.6828375,0.010999917984008789,6.234749115306123,normal,cc249e1a-62c0-4274-812f-0019a041760e,0.6402364583333333,0.29506984765108013,low
186,1776325442.936,-6.8953196,109.4101356,50.555046,5.155180005404496,1.014018754769803,0.0,0.0,3.7889247373056993,normal,d4030b3c-2d8e-49cc-9722-89da2a36bbc9,0.3,0.14837266339208194,low
187,1776325453.0980003,-6.8952914,109.410094,62.667305,6.390286693213279,2.2547444241601418,1.0321312,3.7300000190734863,6.584942213930349,normal,d4030b3c-2d8e-49cc-9722-89da2a36bbc9,0.3,0.2596008201242473,low
188,1776325463.1056151,-6.8952933,109.4100906,123.268166,12.56985474142546,10.96901649866883,0.46007089192307693,11.858999967575073,9.752436216080403,high_conf,d4030b3c-2d8e-49cc-9722-89da2a36bbc9,0.3,0.6633213623648826,high
189,1776325474.234148,-6.8951851,109.408663,77.49968,7.902768019660129,3.8063508100155783,8.440858999999998,9.620000123977661,12.479535700507615,normal,d4030b3c-2d8e-49cc-9722-89da2a36bbc9,1.0,0.5348012778562645,medium
190,1776325481.6385002,-6.8951334,109.4078626,103.45413,10.549385366052629,8.77389395509628,9.471583000000003,5.547000169754028,11.063711316161617,high_conf,d4030b3c-2d8e-49cc-9722-89da2a36bbc9,1.0,0.6385061442926987,medium
191,1776325493.131875,-6.8950852,109.4072383,73.38313,7.4829967420067,3.578243159414444,1.8249586,1.4700000286102295,14.678009361809044,normal,d4030b3c-2d8e-49cc-9722-89da2a36bbc9,0.3,0.37128025657509023,medium
192,1776325500.8079565,-6.8950823,109.4072428,79.98192,8.155886056910363,3.2676446672976467,2.0793185304347825,9.924000024795532,8.218400749999999,normal,d4030b3c-2d8e-49cc-9722-89da2a36bbc9,0.5066098775362319,0.4244565986508,medium
193,1776325508.195,-6.8950823,109.4072428,55.03341,5.611846043246166,1.164023532904301,2.190601,0.0,7.319629004040404,normal,d4030b3c-2d8e-49cc-9722-89da2a36bbc9,0.5158834166666667,0.23114112902100764,low
194,1776325510.983,-6.8938827,109.4072445,119.34186,12.16948295289421,5.941429019657224,9.731906,1.933000087738037,6.510432813131313,high_conf,d4030b3c-2d8e-49cc-9722-89da2a36bbc9,1.0,0.5861288668545754,medium
195,1776325520.7584,-6.8933476,109.4072948,69.10222,7.046465408676766,3.3596800702875713,2.7220306,0.7309999465942383,14.351309725888324,normal,d4030b3c-2d8e-49cc-9722-89da2a36bbc9,0.5601692166666666,0.384429213033331,medium
196,1776325579.879,-6.8937021,109.4119533,51.13453,5.214270928400627,0.18220498492625004,3.3639479,0.0,7.82010005527638,normal,d4030b3c-2d8e-49cc-9722-89da2a36bbc9,0.613662325,0.2253506151716727,low
197,1776325656.961,-6.8937211,109.4121463,50.02793,5.1014291322724885,0.9456686329160178,0.09150958,0.0,7.417034158163266,normal,d4030b3c-2d8e-49cc-9722-89da2a36bbc9,0.3,0.18015327948879767,low
198,1776325695.8925,-6.8940583,109.4158267,67.14126,6.846503138176646,1.766083887579735,11.597721,0.3229999542236328,8.5622829035533,normal,d4030b3c-2d8e-49cc-9722-89da2a36bbc9,1.0,0.36617215215136434,medium
199,1776325699.28,-6.8940583,109.4158267,61.26182,6.246967109053551,1.9145384971465735,11.597721,0.0,7.4931244,normal,d4030b3c-2d8e-49cc-9722-89da2a36bbc9,1.0,0.3355964250880328,low
200,1776325707.926,-6.8941033,109.4169217,91.63755,9.344429545257556,6.334882628586839,10.673795,4.088000059127808,8.885600735025381,candidate,d4030b3c-2d8e-49cc-9722-89da2a36bbc9,1.0,0.5368555026310624,medium
201,1776325711.617,-6.8941583,109.4183,53.81468,5.4875701692219065,1.501713657532204,15.941977,0.0,6.810501456852792,normal,d4030b3c-2d8e-49cc-9722-89da2a36bbc9,1.0,0.2989876105946127,low
202,1776325717.308,-6.8941583,109.4183,49.367416,5.034075448802598,1.6547246279120733,15.941977,0.0,6.970731505102041,normal,d4030b3c-2d8e-49cc-9722-89da2a36bbc9,1.0,0.2874266604304293,low
203,1776325719.977,-6.8941583,109.4183,49.401176,5.037518010737612,1.7893953163390142,15.941977,0.0,7.153131111794872,normal,d4030b3c-2d8e-49cc-9722-89da2a36bbc9,1.0,0.2909269171294705,low
204,1776325723.409,-6.8942167,109.4198767,54.624405,5.570139140277261,0.7416315488291676,16.044407,0.0,6.662105116161617,normal,d4030b3c-2d8e-49cc-9722-89da2a36bbc9,1.0,0.29095035962552873,low
205,1776325726.9439998,-6.8942167,109.4198767,89.59764,9.136416615255975,5.921904855439252,16.044407,0.5989999771118164,10.170684538775511,candidate,d4030b3c-2d8e-49cc-9722-89da2a36bbc9,1.0,0.5102482321665852,medium
206,1776325730.0395,-6.8942167,109.4198767,117.37108,11.968519321072947,8.842748025403713,16.044407,0.2849998474121094,12.330467571859295,high_conf,d4030b3c-2d8e-49cc-9722-89da2a36bbc9,1.0,0.6577021813202507,high
207,1776325733.7135,-6.8942233,109.4213717,61.4388,6.265014046590834,3.286316098312252,16.602365,1.5299999713897705,6.7782466710659905,normal,d4030b3c-2d8e-49cc-9722-89da2a36bbc9,1.0,0.3580696334327394,medium
208,1776325737.973,-6.8942233,109.4213717,57.113613,5.823967715784698,1.7534897576422426,16.602365,0.0,7.506796379,normal,d4030b3c-2d8e-49cc-9722-89da2a36bbc9,1.0,0.31978694214423964,low
209,1776325740.022,-6.8942233,109.4213717,50.134922,5.112339279978382,0.999037653272513,16.602365,0.0,7.650237908415842,normal,d4030b3c-2d8e-49cc-9722-89da2a36bbc9,1.0,0.2883809368179415,low
210,1776325756.2970002,-6.8942526,109.4243297,54.023056,5.508818607781454,1.8893411590998461,17.133614,2.2950000762939453,7.495934979899498,normal,d4030b3c-2d8e-49cc-9722-89da2a36bbc9,1.0,0.32861502628853173,low
211,1776325760.0760002,-6.8942526,109.4243297,100.93707,10.292716676948807,5.994873408255177,17.133614,0.009999990463256836,8.690281020100503,high_conf,d4030b3c-2d8e-49cc-9722-89da2a36bbc9,1.0,0.5307324222948522,medium
212,1776325777.403,-6.8942244,109.4273041,49.5156,5.04918601153299,0.5738797029321563,13.023852,0.0,6.341745543434344,normal,d4030b3c-2d8e-49cc-9722-89da2a36bbc9,1.0,0.26865966854936574,low
213,1776325794.6058333,-6.8940038,109.4298963,92.905754,9.473750363273902,4.323905940982211,11.214769000000002,1.312000036239624,8.54864169090909,candidate,d4030b3c-2d8e-49cc-9722-89da2a36bbc9,1.0,0.4918194584815095,medium
214,1776325797.5841668,-6.8940038,109.4298963,79.343956,8.090831833500738,3.473869609221826,11.214769000000002,0.9920001029968262,8.307703247179488,normal,d4030b3c-2d8e-49cc-9722-89da2a36bbc9,1.0,0.4309815960264083,medium
215,1776325807.9255,-6.8938977,109.4303365,59.76061,6.0938862914450915,1.1389418654912769,6.217279,0.44700002670288086,6.674460329591838,normal,d4030b3c-2d8e-49cc-9722-89da2a36bbc9,0.8514399166666666,0.29439375623138203,low
216,1776325838.938,-6.8931211,109.4337608,73.72134,7.5174845640458265,1.1666473312731447,10.311477,0.0,7.700429838383837,normal,d4030b3c-2d8e-49cc-9722-89da2a36bbc9,1.0,0.3702780111956261,medium
217,1776325848.424,-6.8928836,109.4345302,59.760235,6.093848052087105,1.6627690289844828,7.8833833,0.0,7.069989859296481,normal,d4030b3c-2d8e-49cc-9722-89da2a36bbc9,0.9902819416666666,0.32197641311946656,low
218,1776325859.229,-6.8927924,109.4350635,58.872807,6.003355580142047,1.4210337424521275,8.093332,0.0,6.642731076923076,normal,d4030b3c-2d8e-49cc-9722-89da2a36bbc9,1.0,0.3134225964537567,low
219,1776325865.38,-6.8926141,109.4360313,67.01436,6.833562939433955,1.611942273993551,10.661974,2.015000104904175,6.520006341836734,normal,d4030b3c-2d8e-49cc-9722-89da2a36bbc9,1.0,0.3575048444467398,medium
220,1776325880.238,-6.8925471,109.4369609,50.858505,5.1861242116319035,0.48752090435949513,12.629963,0.0,5.892378692385788,normal,d4030b3c-2d8e-49cc-9722-89da2a36bbc9,1.0,0.2678549993969628,low
221,1776325882.14,-6.8924181,109.4381326,57.85821,5.89989547908817,1.9114023864609855,12.54159,0.0,6.1633781868020305,normal,d4030b3c-2d8e-49cc-9722-89da2a36bbc9,1.0,0.3114997922256395,low
222,1776325884.475,-6.8924181,109.4381326,55.263405,5.635299006286551,1.1373038855666502,12.54159,0.0,5.585411406060605,normal,d4030b3c-2d8e-49cc-9722-89da2a36bbc9,1.0,0.28776278963825735,low
223,1776325893.508,-6.8923183,109.4392662,96.25903,9.815689353652878,5.967432456466833,13.345525,0.009999990463256836,7.532917308080807,candidate,d4030b3c-2d8e-49cc-9722-89da2a36bbc9,1.0,0.5036829626748488,medium
224,1776325906.375,-6.8922159,109.4404228,51.07934,5.208643114621202,0.6827673782574121,10.493664,0.0,6.302044097448979,normal,d4030b3c-2d8e-49cc-9722-89da2a36bbc9,1.0,0.2748847638843009,low
225,1776325914.073,-6.892126,109.4413801,62.765804,6.400330795939491,1.33710673663558,10.178842,0.23600006103515625,6.925410778680204,normal,d4030b3c-2d8e-49cc-9722-89da2a36bbc9,1.0,0.32998358118506854,low
226,1776325920.752,-6.892126,109.4413801,49.758537,5.0739586912962125,0.19645983447641405,10.178842,0.0,6.447384212121213,normal,d4030b3c-2d8e-49cc-9722-89da2a36bbc9,1.0,0.26583338980921123,low
227,1776325929.342,-6.8920783,109.4423127,51.851093,5.287340019272636,0.4455855897720437,9.616892,0.0,5.669898675126904,normal,d4030b3c-2d8e-49cc-9722-89da2a36bbc9,1.0,0.26856935114893354,low
228,1776325935.3615,-6.8921153,109.4432373,67.97429,6.931448557866346,1.8070528827174648,12.669988,0.8530001640319824,8.789653409090908,normal,d4030b3c-2d8e-49cc-9722-89da2a36bbc9,1.0,0.3757124674512194,medium
229,1776325959.227,-6.8922118,109.4449025,70.8051,7.220110843152351,1.1799312360790353,8.6324835,1.5380001068115234,6.069021530612246,normal,d4030b3c-2d8e-49cc-9722-89da2a36bbc9,1.0,0.35699663122339204,medium
230,1776325966.4248335,-6.8922617,109.445905,76.65545,7.816680517811894,2.2670524524217015,13.374542,3.5400002002716064,8.482740355555556,normal,d4030b3c-2d8e-49cc-9722-89da2a36bbc9,1.0,0.42834627618054705,medium
231,1776325971.5625,-6.8922617,109.445905,53.95179,5.5015514982180465,2.725130028925915,13.374542,0.8029999732971191,7.3466754696969705,normal,d4030b3c-2d8e-49cc-9722-89da2a36bbc9,1.0,0.3257675218654355,low
232,1776325975.546,-6.8923533,109.4472583,49.881958,5.086544130768408,1.2800846650466131,16.046465,0.0,7.286659861616162,normal,d4030b3c-2d8e-49cc-9722-89da2a36bbc9,1.0,0.28754202998162226,low
233,1776325978.943,-6.8923533,109.4472583,54.747456,5.5826868502495754,0.8666601596335216,16.046465,0.0,7.7747797101010105,normal,d4030b3c-2d8e-49cc-9722-89da2a36bbc9,1.0,0.30345160687459427,low
234,1776325983.221,-6.8925783,109.4487267,67.82391,6.9161140654555835,1.815751599587964,16.430964,0.8299999237060547,8.650786920792081,normal,d4030b3c-2d8e-49cc-9722-89da2a36bbc9,1.0,0.37382011297693946,medium
235,1776325991.3635,-6.8925783,109.4487267,73.266136,7.471066674144586,4.244959622885565,16.430964,0.03500008583068848,8.798720204081633,candidate,d4030b3c-2d8e-49cc-9722-89da2a36bbc9,1.0,0.4173144848217933,medium
236,1776325994.26975,-6.892851,109.4501571,65.2863,6.657349859534092,3.780153531025559,16.215229,1.7730000019073486,7.763407410204081,normal,d4030b3c-2d8e-49cc-9722-89da2a36bbc9,1.0,0.3883019939163289,medium
237,1776326000.9394999,-6.892851,109.4501571,54.676277,5.5754286122172205,2.1720757362630105,16.215229,0.6089999675750732,7.363097979899498,normal,d4030b3c-2d8e-49cc-9722-89da2a36bbc9,1.0,0.320061409598425,low
238,1776326004.798,-6.8933309,109.451531,57.89772,5.903924377845646,0.5336581901425762,15.327312,0.0,5.371970887755102,normal,d4030b3c-2d8e-49cc-9722-89da2a36bbc9,1.0,0.28717324087625085,low
239,1776326010.627,-6.8933309,109.451531,59.857666,6.10378324912177,1.0966734514878396,15.327312,0.0,5.732041110309279,normal,d4030b3c-2d8e-49cc-9722-89da2a36bbc9,1.0,0.3041105653278803,low
240,1776326021.4853334,-6.8938885,109.4526764,72.41846,7.384627778089357,3.3504312027983816,12.073319,1.2980000972747803,7.882207367005075,normal,d4030b3c-2d8e-49cc-9722-89da2a36bbc9,1.0,0.40448150857799064,medium
241,1776326023.456,-6.8943,109.453615,50.373608,5.1366784783794674,0.5980831163496424,10.888433,0.0,7.795553618181818,normal,d4030b3c-2d8e-49cc-9722-89da2a36bbc9,1.0,0.28562684759631374,low
242,1776326137.672,-6.8885985,109.4577344,51.323387,5.233528982884064,2.1584118645881767,11.756215,0.0,5.1084221865284976,normal,2ba192ad-a007-47e8-843d-e4f356c01155,1.0,0.2825517210692895,low
243,1776326142.17,-6.8885985,109.4577344,51.925404,5.294917632422897,0.36351351698561357,11.756215,0.0,6.2118899336734685,normal,2ba192ad-a007-47e8-843d-e4f356c01155,1.0,0.2729474745813566,low
244,1776326167.237,-6.8854117,109.4578583,50.089207,5.107677647310754,1.6455228267749737,14.228981,0.0,4.524741129,normal,2ba192ad-a007-47e8-843d-e4f356c01155,1.0,0.2665533425802691,low
245,1776326209.303,-6.8817917,109.4588817,49.36794,5.034128881932158,1.3379252437893343,12.8392315,0.0,7.013218225380711,normal,2ba192ad-a007-47e8-843d-e4f356c01155,1.0,0.2839321618745072,low
246,1776326236.834,-6.8784162,109.4595084,51.057922,5.2064590864362446,2.2605389745533033,11.375022,0.22600007057189941,7.134424005102041,normal,2ba192ad-a007-47e8-843d-e4f356c01155,1.0,0.30386129735745726,low
247,1776326239.017,-6.8784162,109.4595084,50.79206,5.179348707254771,0.3917318773727765,11.375022,0.0,7.590175076530613,normal,2ba192ad-a007-47e8-843d-e4f356c01155,1.0,0.28254803104990334,low
248,1776326242.232,-6.8784162,109.4595084,55.016132,5.610084177573381,0.6683011220157422,11.375022,0.0,5.676544563451776,normal,2ba192ad-a007-47e8-843d-e4f356c01155,1.0,0.282022477446927,low
249,1776326267.663,-6.8752995,109.4598969,56.414345,5.752662224103032,1.9955587391049183,10.907673,0.0,6.340926545454545,normal,2ba192ad-a007-47e8-843d-e4f356c01155,1.0,0.30936076067074,low
250,1776326275.302,-6.8752995,109.4598969,52.864124,5.390640432767561,0.5752018289804892,10.907673,0.0,5.0034857715736045,normal,2ba192ad-a007-47e8-843d-e4f356c01155,1.0,0.26725528355595407,low
251,1776326288.1563332,-6.8729567,109.4599953,68.16023,6.950409161130458,3.2831590449322205,11.542541,0.3429999351501465,7.7608554292929295,normal,2ba192ad-a007-47e8-843d-e4f356c01155,1.0,0.3808282888782252,medium
252,1776326293.978,-6.8729567,109.4599953,49.936165,5.092071706444097,1.7306551918957167,11.542541,0.0,7.015456449494949,normal,2ba192ad-a007-47e8-843d-e4f356c01155,1.0,0.29069878925766757,low
253,1776326303.88,-6.8719707,109.4600002,49.76217,5.074329154196387,1.4010573548440122,9.986065,0.0,6.322567593877552,normal,2ba192ad-a007-47e8-843d-e4f356c01155,1.0,0.2794880485141712,low
254,1776326311.978,-6.8711608,109.4600365,51.45112,5.246554123987295,0.7999561520210029,9.24306,0.0,7.056477631313132,normal,2ba192ad-a007-47e8-843d-e4f356c01155,1.0,0.28473017669859857,low
255,1776326338.0286667,-6.8697235,109.4610299,65.21473,6.650051750597809,1.3317210111230129,10.901502,0.6579999923706055,7.970360287755102,normal,2ba192ad-a007-47e8-843d-e4f356c01155,1.0,0.3513100975510374,medium
256,1776326367.252,-6.8701243,109.4635065,49.802017,5.078392417390241,0.711513489320055,10.747036,0.0,6.11797543939394,normal,2ba192ad-a007-47e8-843d-e4f356c01155,1.0,0.2691958899296121,low
257,1776326460.3769999,-6.8652433,109.4675117,70.7917,7.218744423426961,2.911795208232801,10.0674515,1.628000020980835,6.23958584923858,normal,2ba192ad-a007-47e8-843d-e4f356c01155,1.0,0.3805761084231179,medium
258,1776326511.276,-6.8608422,109.467994,52.32708,5.335877185379309,1.3541019040543072,9.212529,0.0,8.08279137755102,normal,2ba192ad-a007-47e8-843d-e4f356c01155,1.0,0.3042273340252839,low
259,1776326515.298,-6.8608422,109.467994,54.694485,5.5772853114978105,0.3629092855401333,9.212529,0.0,6.812318288659794,normal,2ba192ad-a007-47e8-843d-e4f356c01155,1.0,0.28794903769901237,low
260,1776326532.363,-6.8592751,109.4681057,52.501835,5.3536972360592054,0.8160730876297178,8.614576,0.0,5.8436030151515155,normal,2ba192ad-a007-47e8-843d-e4f356c01155,1.0,0.2769654027089252,low
261,1776326601.88,-6.8518419,109.4694627,64.92105,6.620104724855072,3.4213894830705125,13.746357,0.00599980354309082,5.262298305050504,normal,2ba192ad-a007-47e8-843d-e4f356c01155,1.0,0.34535132481759356,low
262,1776326614.089,-6.8504264,109.4699488,49.650925,5.062985321185114,0.7447132142919182,15.147931,0.0,4.685612192929293,normal,2ba192ad-a007-47e8-843d-e4f356c01155,1.0,0.25551698379225,low
263,1776326627.931,-6.8489183,109.47113,59.299965,6.046913573952369,1.260452000338073,13.116152,0.0,5.242111403,normal,2ba192ad-a007-47e8-843d-e4f356c01155,1.0,0.2996052065025534,low
264,1776326631.3045,-6.8489183,109.47113,52.15159,5.317982185557759,0.7235144169693511,13.116152,1.1089999675750732,5.737965223350253,normal,2ba192ad-a007-47e8-843d-e4f356c01155,1.0,0.28217884594061315,low
265,1776326641.768,-6.8488183,109.4723133,59.57865,6.075331535233745,0.40383703183493463,13.763158,0.0,5.422276818,normal,2ba192ad-a007-47e8-843d-e4f356c01155,1.0,0.2917079858396261,low
266,1776326676.154,-6.8489171,109.4755505,51.307034,5.231861440960981,1.14428796204507,12.058836,0.0,5.800146571428571,normal,2ba192ad-a007-47e8-843d-e4f356c01155,1.0,0.276572966248276,low
267,1776326723.217,-6.8491517,109.481025,61.581703,6.279586097189152,1.4854634109113054,12.39657,0.0,7.385887952820512,normal,2ba192ad-a007-47e8-843d-e4f356c01155,1.0,0.3303751762164184,low
268,1776326732.409,-6.84923,109.4819583,61.012936,6.2215880040584715,0.8621125547347341,8.102757,0.0,7.671594908629442,normal,2ba192ad-a007-47e8-843d-e4f356c01155,1.0,0.3234981218594103,low
269,1776326738.8472502,-6.849285,109.4826767,96.501366,9.840400748471701,7.896981668299848,8.61542,0.3989999294281006,11.777399294416243,candidate,2ba192ad-a007-47e8-843d-e4f356c01155,1.0,0.5714781287862535,medium
270,1776326744.1452,-6.849285,109.4826767,91.98113,9.37946495490305,7.723946248699725,8.61542,3.3239998817443848,6.986806409045225,candidate,2ba192ad-a007-47e8-843d-e4f356c01155,1.0,0.5312284045720129,medium
271,1776326767.381,-6.8494667,109.4842483,70.61356,7.200579198808972,2.0764928463111185,9.257279,0.0,6.288222454081631,normal,2ba192ad-a007-47e8-843d-e4f356c01155,1.0,0.3576315996229259,medium
272,1776326771.32,-6.8495133,109.4848133,70.60612,7.199820529946517,3.0933551909193198,4.6911783,0.9179999828338623,10.236525868020305,normal,2ba192ad-a007-47e8-843d-e4f356c01155,0.7242648583333333,0.3732553216765838,medium
273,1776326789.905,-6.8496033,109.4862883,49.808395,5.079042792390878,1.1710017389638028,13.203139,0.0,6.734765104999999,normal,2ba192ad-a007-47e8-843d-e4f356c01155,1.0,0.28071987276839966,low
274,1776326798.90875,-6.8494517,109.4874483,73.50511,7.495435240372605,3.519591032033233,13.755951,0.6759998798370361,7.432044258163266,normal,2ba192ad-a007-47e8-843d-e4f356c01155,1.0,0.40116632772959554,medium
275,1776326804.9759998,-6.8494517,109.4874483,68.89689,7.02552757567569,0.6332675166596262,13.755951,1.687999963760376,5.016087880612244,normal,2ba192ad-a007-47e8-843d-e4f356c01155,1.0,0.33502019180946824,low
276,1776326820.1395001,-6.8498583,109.4896683,53.323765,5.4375107707525,1.2847842084560348,10.612028,1.3890001773834229,7.020884842,normal,2ba192ad-a007-47e8-843d-e4f356c01155,1.0,0.3073472982444956,low
277,1776326834.883,-6.8502533,109.4900733,59.720463,6.089792436764849,1.6807704446640683,7.680685,0.0,6.7270465492227975,normal,2ba192ad-a007-47e8-843d-e4f356c01155,0.9733904166666667,0.31627923624408893,low
278,1776326837.7163334,-6.8502533,109.4900733,77.16336,7.868472923985255,1.8765155555597586,7.680685,0.47699999809265137,9.360174165,normal,2ba192ad-a007-47e8-843d-e4f356c01155,0.9733904166666667,0.4060090762066313,medium
279,1776326841.315,-6.8510533,109.490265,66.73165,6.804734542376857,1.8232744615629048,9.02411,2.801999807357788,8.058807902564103,normal,2ba192ad-a007-47e8-843d-e4f356c01155,1.0,0.3797979423325642,medium
280,1776326847.3646924,-6.8510533,109.490265,84.97922,8.665468840021822,4.506025970891647,9.024110000000004,2.9730000495910645,10.952063507614215,candidate,2ba192ad-a007-47e8-843d-e4f356c01155,1.0,0.5029560452749902,medium
281,1776326854.3733332,-6.8516917,109.4905867,74.50817,7.597718894831569,3.5111405593927025,5.0540576,2.0220000743865967,8.829026903553299,normal,2ba192ad-a007-47e8-843d-e4f356c01155,0.7545048000000001,0.39121262702345916,medium
282,1776326858.4833333,-6.8516917,109.4905867,70.734955,7.212958043776418,3.7612239420209015,5.0540576,0.687999963760376,8.909543801980197,normal,2ba192ad-a007-47e8-843d-e4f356c01155,0.7545048000000001,0.37209495337911913,medium
283,1776326859.323333,-6.8522811,109.490685,73.26218,7.470663274410732,2.413265665059744,7.604121,0.815000057220459,9.34833737948718,normal,2ba192ad-a007-47e8-843d-e4f356c01155,0.9670100833333333,0.40102063204019944,medium
284,1776326864.2336364,-6.8522811,109.490685,96.25868,9.815653663585424,8.268118077411268,7.604121000000001,3.744999885559082,10.06944721530612,high_conf,2ba192ad-a007-47e8-843d-e4f356c01155,0.9670100833333335,0.5798328480593898,medium
285,1776326871.9737058,-6.8528256,109.4906156,106.39913,10.849691790774628,10.459207057550495,4.9164066,5.855000019073486,8.338756864974618,high_conf,2ba192ad-a007-47e8-843d-e4f356c01155,0.7430338833333333,0.6071485829426763,medium
286,1776326879.7366996,-6.8528646,109.4906079,104.18917,10.624338586571358,5.930516200677013,3.79704976,4.6549999713897705,5.308769668367347,high_conf,2ba192ad-a007-47e8-843d-e4f356c01155,0.6497541466666666,0.4920259509041474,medium
287,1776326886.0712,-6.8528646,109.4906079,77.35302,7.887812861680595,4.7179116753469446,3.3173254,0.6449999809265137,9.293008118781726,candidate,2ba192ad-a007-47e8-843d-e4f356c01155,0.6097771166666667,0.3877318502475262,medium
288,1776326892.9983335,-6.8532191,109.490581,106.58931,10.869084753713041,6.2472365652719875,2.3795652,3.434000015258789,7.122361442424244,high_conf,2ba192ad-a007-47e8-843d-e4f356c01155,0.5316304333333334,0.49407998839033546,medium
289,1776326898.429,-6.8532191,109.490581,96.50382,9.840650986830367,8.267242466559892,2.3795652,0.8080000877380371,6.735624664948454,high_conf,2ba192ad-a007-47e8-843d-e4f356c01155,0.5316304333333334,0.4611375203255428,medium
290,1776326899.345,-6.8541332,109.4908966,105.76253,10.784776656656453,5.311324666308538,4.2119246,0.3300001621246338,8.844351308080807,high_conf,2ba192ad-a007-47e8-843d-e4f356c01155,0.6843270499999999,0.4951269325691806,medium
291,1776326904.0835001,-6.8541332,109.4908966,111.02399,11.321296263249938,7.164887617522438,4.2119246,0.3530001640319824,10.333605191919192,high_conf,2ba192ad-a007-47e8-843d-e4f356c01155,0.6843270499999999,0.5499379282691258,medium
292,1776326916.1554284,-6.8541647,109.4909159,98.65082,10.059584057756727,5.295721039092089,4.282162,8.3510000705719,11.31196173469388,high_conf,2ba192ad-a007-47e8-843d-e4f356c01155,0.6901801666666666,0.5569911564435179,medium
293,1776326923.9560883,-6.8549873,109.4915951,91.706566,9.351467218673044,5.820257391585231,6.9777510000000005,8.710000038146973,7.203744218274112,candidate,2ba192ad-a007-47e8-843d-e4f356c01155,0.9148125833333334,0.5375925169588374,medium
294,1776326931.5825713,-6.8553305,109.4920588,127.000755,12.95047289339377,14.921800964938901,5.442450999999999,2.944999933242798,11.868306671794869,high_conf,2ba192ad-a007-47e8-843d-e4f356c01155,0.7868709166666665,0.7490356270325123,high
295,1776326938.020875,-6.8553305,109.4920588,109.30041,11.145540016213488,10.525411501270401,5.442451,3.675999879837036,12.043310212121211,high_conf,2ba192ad-a007-47e8-843d-e4f356c01155,0.7868709166666668,0.642655638231957,medium
296,1776326949.5483782,-6.8556938,109.4925475,110.395645,11.257222904865577,10.657326099793876,3.6768157733333338,19.496000051498413,11.566330035175882,high_conf,2ba192ad-a007-47e8-843d-e4f356c01155,0.6397346477777778,0.7430891445152008,high
297,1776326965.6284547,-6.8558212,109.492751,95.70188,9.758875864846814,6.406125556315709,1.8755356,9.259999990463257,10.170103001010101,candidate,2ba192ad-a007-47e8-843d-e4f356c01155,0.3,0.49837726654191217,medium
298,1776326970.3937502,-6.8562458,109.4937891,64.71689,6.599286198650916,2.3888344963143116,5.681738,1.2139999866485596,7.09870889,normal,2ba192ad-a007-47e8-843d-e4f356c01155,0.8068115,0.32968168213669863,low
299,1776326975.457739,-6.8562458,109.4937891,90.25064,9.203004083963434,5.2007605638852255,5.681737999999999,5.346999883651733,10.700850853535352,candidate,2ba192ad-a007-47e8-843d-e4f356c01155,0.8068115,0.5161481342607207,medium
300,1776326983.4384089,-6.8563751,109.4942614,95.10081,9.697583782433348,6.379870237864662,5.640462,5.773000001907349,8.117051588832487,candidate,2ba192ad-a007-47e8-843d-e4f356c01155,0.8033718333333333,0.525245542815086,medium
301,1776326989.381,-6.8563751,109.4942614,60.12503,6.131046789678433,2.219553782646976,5.640462,0.0,8.050640987,normal,2ba192ad-a007-47e8-843d-e4f356c01155,0.8033718333333333,0.3113167861835447,low
302,1776326991.958,-6.85652,109.4947736,50.59441,5.159194016305263,0.7602014019735165,5.687852,0.0,6.766636075757576,normal,2ba192ad-a007-47e8-843d-e4f356c01155,0.807321,0.2497088029084795,low
303,1776327000.397,-6.8567621,109.4955157,50.586304,5.158367434343022,1.963185525412079,11.012184,0.0,6.4317943500000005,normal,2ba192ad-a007-47e8-843d-e4f356c01155,1.0,0.29021486823704085,low
304,1776327003.1955,-6.8567621,109.4955157,56.20623,5.731440400136642,1.5941815826326091,11.012184,0.375,8.236243432160805,normal,2ba192ad-a007-47e8-843d-e4f356c01155,1.0,0.324573820151484,low
305,1776327013.242,-6.8573191,109.4961371,49.49466,5.0470507257830155,1.6903133880104897,9.076166,0.0,5.273180806122449,normal,2ba192ad-a007-47e8-843d-e4f356c01155,1.0,0.272199599022643,low
306,1776327026.789,-6.858362,109.4961091,51.050537,5.205706026012961,1.138875713217316,12.339757,0.0,6.339080165,normal,2ba192ad-a007-47e8-843d-e4f356c01155,1.0,0.280752572525639,low
307,1776327031.362,-6.85949,109.496085,50.053772,5.104064282910067,0.2801949750843152,11.880818,0.0,5.798862915577889,normal,2ba192ad-a007-47e8-843d-e4f356c01155,1.0,0.2617091706133209,low
308,1776327037.5966666,-6.85949,109.496085,106.51111,10.861110572927554,7.634476150203844,11.880818,0.26600003242492676,8.5200066119403,high_conf,2ba192ad-a007-47e8-843d-e4f356c01155,1.0,0.5700217180259415,medium
309,1776327065.775,-6.8626033,109.495295,49.76955,5.0750817047615655,1.070578769663284,12.253992,0.0,6.574713747474747,normal,2ba192ad-a007-47e8-843d-e4f356c01155,1.0,0.2778358819448429,low
310,1776327069.8026667,-6.8626033,109.495295,78.442055,7.998863526280636,2.7815880688675416,12.253992000000002,0.6269998550415039,9.451761447474748,normal,2ba192ad-a007-47e8-843d-e4f356c01155,1.0,0.4274644233805645,medium
311,1776327073.5192664,-6.8637483,109.495,88.41818,9.016145166800081,4.403619945088501,12.695108000000001,5.516999959945679,8.31706518781726,candidate,2ba192ad-a007-47e8-843d-e4f356c01155,1.0,0.5078591384849476,medium
312,1776327079.353,-6.8637483,109.495,71.76974,7.3184767479210535,1.825301484430038,12.695108,1.1619999408721924,7.71050562121212,normal,2ba192ad-a007-47e8-843d-e4f356c01155,1.0,0.3808539790618781,medium
313,1776327081.44,-6.864765,109.4946967,59.363243,6.053366134204851,1.0963259227557514,11.6939745,0.3059999942779541,7.465929123232324,normal,2ba192ad-a007-47e8-843d-e4f356c01155,1.0,0.32123477532197664,low
314,1776327087.719,-6.864765,109.4946967,59.161285,6.032772149510792,1.4570277131454157,11.6939745,0.0,6.4355713147208125,normal,2ba192ad-a007-47e8-843d-e4f356c01155,1.0,0.3128722782172006,low
315,1776327115.079,-6.867785,109.4936067,54.94908,5.6032467764221225,0.9521523648752336,12.517015,0.26599979400634766,6.601139423469388,normal,2ba192ad-a007-47e8-843d-e4f356c01155,1.0,0.29610236665852196,low
316,1776327117.323,-6.867785,109.4936067,54.664726,5.57425073801961,1.4922720750377594,12.517015,0.0,4.940369318367346,normal,2ba192ad-a007-47e8-843d-e4f356c01155,1.0,0.28400214295536386,low
317,1776327120.497,-6.8687465,109.493248,56.285084,5.739481270362458,0.9559214099659292,12.781077,0.0,5.470866746192893,normal,2ba192ad-a007-47e8-843d-e4f356c01155,1.0,0.287882011478621,low
318,1776327137.8966,-6.8699323,109.492842,73.51567,7.49651206069351,3.3516237158512068,11.151989,4.9079999923706055,6.934080749494949,normal,2ba192ad-a007-47e8-843d-e4f356c01155,1.0,0.4269742898245965,medium
319,1776327145.9696429,-6.870865,109.492497,82.11976,8.373885067785636,4.707473752050434,10.641896000000001,5.683000087738037,8.83043538974359,candidate,2ba192ad-a007-47e8-843d-e4f356c01155,1.0,0.4965513851684294,medium
320,1776327159.039,-6.8717012,109.492014,54.60752,5.568417349451648,0.5180809875757844,11.583359,0.0,5.770091143147207,normal,2ba192ad-a007-47e8-843d-e4f356c01155,1.0,0.2796856624238751,low
321,1776327186.6065001,-6.8742637,109.4905932,85.77703,8.746822819209415,4.9738639319176485,10.716585,0.06100010871887207,8.2130038877551,candidate,635ce134-fb1a-4d66-97a1-2eba272d836a,1.0,0.4630267594164151,medium
322,1776327190.473,-6.875097,109.4898558,52.040638,5.306668230231527,0.8311837708882438,12.867254,0.0,5.383736914141415,normal,635ce134-fb1a-4d66-97a1-2eba272d836a,1.0,0.2712400021254021,low
323,1776327210.033,-6.8759127,109.4876747,49.466747,5.044204391917729,1.3548679489967832,13.021783,0.0,5.369197020202019,normal,635ce134-fb1a-4d66-97a1-2eba272d836a,1.0,0.26888740611893064,low
324,1776327220.241,-6.8761301,109.4865159,51.07449,5.2081485522579065,0.5619952171171032,13.323887,0.0,5.056757696410257,normal,635ce134-fb1a-4d66-97a1-2eba272d836a,1.0,0.2615764075551708,low
325,1776327225.308,-6.8761301,109.4865159,56.6104,5.772654270316571,2.2541400052639275,13.323887,0.0,4.197510084183674,normal,635ce134-fb1a-4d66-97a1-2eba272d836a,1.0,0.2928828093779456,low
326,1776327232.832,-6.8764021,109.4853761,61.12682,6.233200940178349,2.042552484801431,12.60545,0.0,5.419579701522843,normal,635ce134-fb1a-4d66-97a1-2eba272d836a,1.0,0.3170600422199389,low
327,1776327238.346,-6.8764021,109.4853761,51.522984,5.25388221258024,0.6837957394436222,12.60545,0.0,5.869126897959184,normal,635ce134-fb1a-4d66-97a1-2eba272d836a,1.0,0.2722859346597022,low
328,1776327256.1286666,-6.877968,109.4841416,52.220932,5.325053101721791,2.5545220898743954,13.4933195,2.442000150680542,4.783854256852792,normal,635ce134-fb1a-4d66-97a1-2eba272d836a,1.0,0.3061582428517389,low
329,1776327265.6529999,-6.8792101,109.4837727,75.205925,7.668870103450209,3.4764696293510187,14.326939,0.011999845504760742,6.899432105527638,normal,635ce134-fb1a-4d66-97a1-2eba272d836a,1.0,0.3962000980672419,medium
330,1776327308.235,-6.8835487,109.4819284,66.066345,6.736892312869329,2.1578082768482956,13.491373,0.0,5.028879256281407,normal,635ce134-fb1a-4d66-97a1-2eba272d836a,1.0,0.33139405264081684,low
331,1776327311.767,-6.8847869,109.481293,51.790173,5.2811279081031755,1.1881763418023228,13.455391,0.0,4.376284028717948,normal,635ce134-fb1a-4d66-97a1-2eba272d836a,1.0,0.2652401210564638,low
332,1776327322.503,-6.8859114,109.4807586,51.673508,5.269231388904468,1.6088689859844088,13.784265,0.0,4.830343036923076,normal,635ce134-fb1a-4d66-97a1-2eba272d836a,1.0,0.2743299079441533,low
333,1776327333.78,-6.8870844,109.4803978,59.710953,6.088822686646307,1.948520577659497,13.131133,0.0,5.476018756476684,normal,635ce134-fb1a-4d66-97a1-2eba272d836a,1.0,0.3116739930455863,low
334,1776327339.105,-6.8870844,109.4803978,60.820282,6.201942763328966,1.7767130111265157,13.131133,0.0,5.829927941836735,normal,635ce134-fb1a-4d66-97a1-2eba272d836a,1.0,0.31664702186616067,low
335,1776327367.732,-6.8884786,109.4789555,52.97081,5.401519377157338,1.9441157432429272,9.145595,0.0,7.845827694897959,normal,635ce134-fb1a-4d66-97a1-2eba272d836a,1.0,0.31140840619300725,low
336,1776327374.884,-6.8883203,109.4782084,50.60767,5.160546160003671,0.4608220138377723,7.6626616,0.0,6.678622994949495,normal,635ce134-fb1a-4d66-97a1-2eba272d836a,0.9718884666666667,0.2699195041966391,low
337,1776327379.968,-6.8880884,109.4773202,61.880768,6.310082240112577,1.1573885324972986,12.199763,0.0,5.997452578680202,normal,635ce134-fb1a-4d66-97a1-2eba272d836a,1.0,0.3141808756904374,low
338,1776327385.7253335,-6.8880884,109.4773202,77.0196,7.8538134837074844,3.215831048719172,12.199763000000003,5.315999984741211,5.251149901507538,normal,635ce134-fb1a-4d66-97a1-2eba272d836a,1.0,0.4242767630496946,medium
339,1776327392.7786667,-6.8877375,109.4762062,77.33067,7.885533795944589,3.022389317193849,12.874359,1.878999948501587,4.491114963917526,normal,635ce134-fb1a-4d66-97a1-2eba272d836a,1.0,0.38929337183395635,medium
340,1776327403.501,-6.8879056,109.4754527,70.90276,7.230069391688294,1.9846021876937352,9.781095,0.21200013160705566,7.405422002040815,normal,635ce134-fb1a-4d66-97a1-2eba272d836a,1.0,0.36969611108289085,medium
341,1776327423.758,-6.8897812,109.4743714,58.77914,5.993804204289947,1.3566616350554217,12.424725,0.0,5.426396170408164,normal,635ce134-fb1a-4d66-97a1-2eba272d836a,1.0,0.30078402595116405,low
342,1776327440.823,-6.8917172,109.4732485,56.551483,5.7666464083045685,1.020587847532612,12.4907055,0.0,5.261334445128206,normal,635ce134-fb1a-4d66-97a1-2eba272d836a,1.0,0.2875878042505168,low
343,1776327451.005,-6.89272,109.4725983,74.92221,7.639939224913707,3.6302204516392664,12.635401,0.00599980354309082,8.397215116161616,normal,635ce134-fb1a-4d66-97a1-2eba272d836a,1.0,0.4112910095785348,medium
344,1776327458.538,-6.89272,109.4725983,49.9468,5.093156174636599,0.7585351613936564,12.635401,0.0,5.342141648484849,normal,635ce134-fb1a-4d66-97a1-2eba272d836a,1.0,0.2629066540536953,low
345,1776327472.103,-6.8948733,109.47171,50.7645,5.176538369371804,1.2963984041132957,13.011663,0.0,4.532569134010153,normal,635ce134-fb1a-4d66-97a1-2eba272d836a,1.0,0.2646027402505603,low
346,1776327495.892,-6.8968222,109.4710016,67.287056,6.86137019267538,0.568405192869708,9.2457695,0.0,4.7469113730000005,normal,635ce134-fb1a-4d66-97a1-2eba272d836a,1.0,0.3132663389702205,low
347,1776327508.8355,-6.8972309,109.4711562,70.61146,7.200365058404246,1.9691956445224659,10.566069999999998,2.488999843597412,6.758297313131313,normal,635ce134-fb1a-4d66-97a1-2eba272d836a,1.0,0.3799104666488761,medium
348,1776327515.6715,-6.8977534,109.4725256,61.65964,6.287533459438239,2.4514274488219616,15.454458,0.24300003051757812,8.186654819095477,normal,635ce134-fb1a-4d66-97a1-2eba272d836a,1.0,0.35198719947448165,medium
349,1776327525.9936001,-6.8983117,109.4738665,93.14017,9.497654142852044,3.876599450831553,17.252846,5.307999849319458,7.356062269696968,candidate,635ce134-fb1a-4d66-97a1-2eba272d836a,1.0,0.5065417131260141,medium
350,1776327534.1234999,-6.8988594,109.4753631,51.812992,5.2834547985295695,1.9072697451798082,17.122408,1.937000036239624,6.612503405050505,normal,635ce134-fb1a-4d66-97a1-2eba272d836a,1.0,0.31027019021457714,low
351,1776327539.908,-6.8988594,109.4753631,54.00973,5.50745973395604,1.5836263963704478,17.122408,1.0079998970031738,7.753895568367348,normal,635ce134-fb1a-4d66-97a1-2eba272d836a,1.0,0.3173510661671885,low
352,1776327545.5357144,-6.8993811,109.4768036,90.051094,9.182656054819946,6.0138953596286076,16.581879000000008,4.463000059127808,9.763038694527362,candidate,635ce134-fb1a-4d66-97a1-2eba272d836a,1.0,0.5387706912726448,medium
353,1776327550.008,-6.8993811,109.4768036,55.502205,5.659649829452463,1.4717682837109585,16.581879,0.0,7.902722075376885,normal,635ce134-fb1a-4d66-97a1-2eba272d836a,1.0,0.31465138473961285,low
354,1776327552.0405,-6.8998749,109.4782188,67.0517,6.837370559773215,3.8001824339880397,16.516527,1.369999885559082,8.113554925999999,normal,635ce134-fb1a-4d66-97a1-2eba272d836a,1.0,0.394707177153822,medium
355,1776327557.4069,-6.8998749,109.4782188,79.31899,8.088286010003417,3.17030244944193,16.516527,3.367000102996826,9.141823554545455,normal,635ce134-fb1a-4d66-97a1-2eba272d836a,1.0,0.45334205103422626,medium
356,1776327564.5495,-6.9002616,109.4796338,78.73668,8.0289069152055,4.378774243527662,17.62286,5.679999828338623,6.444247165829146,candidate,635ce134-fb1a-4d66-97a1-2eba272d836a,1.0,0.4584785039394678,medium
357,1776327572.7604,-6.900495,109.481185,53.000576,5.404554664436888,2.1757948950110735,17.017231,1.8489999771118164,6.904245248730965,normal,635ce134-fb1a-4d66-97a1-2eba272d836a,1.0,0.319659537416385,low
358,1776327576.41,-6.900495,109.481185,55.04275,5.612798458189086,1.1424342131633882,17.017231,0.0,6.873273618090452,normal,635ce134-fb1a-4d66-97a1-2eba272d836a,1.0,0.29929277007982524,low
359,1776327582.7545,-6.9006117,109.4826433,55.990307,5.70942238175116,1.0212365647884927,14.419943,1.0230000019073486,5.301019460204081,normal,635ce134-fb1a-4d66-97a1-2eba272d836a,1.0,0.2939547364020294,low
360,1776327586.941,-6.9006117,109.4826433,73.54796,7.499804724345216,3.734782848962741,14.419943,0.0279998779296875,5.740575162626264,normal,635ce134-fb1a-4d66-97a1-2eba272d836a,1.0,0.3829378190476963,medium
361,1776327591.618,-6.90071,109.48386,50.00272,5.098858427699571,1.6578892569883852,14.709732,0.0,6.98454762755102,normal,635ce134-fb1a-4d66-97a1-2eba272d836a,1.0,0.28973412019981026,low
362,1776327594.117,-6.90071,109.48386,52.711613,5.375088638831813,0.9052827287994066,14.709732,0.0,7.131761779899498,normal,635ce134-fb1a-4d66-97a1-2eba272d836a,1.0,0.29098123652991736,low
363,1776327597.881,-6.90071,109.48386,55.879772,5.698150948591008,0.934170294549527,14.709732,0.0,7.281008547959184,normal,635ce134-fb1a-4d66-97a1-2eba272d836a,1.0,0.3034111908508565,low
364,1776327602.6723335,-6.900805,109.485335,66.305885,6.761318595035003,2.65401135468205,15.596084,1.811000108718872,7.404419572588834,normal,635ce134-fb1a-4d66-97a1-2eba272d836a,1.0,0.37476141511744326,medium
365,1776327607.6445,-6.900805,109.485335,59.716118,6.08934937007031,2.0228743213942506,15.596084,1.3509998321533203,5.782250194923859,normal,635ce134-fb1a-4d66-97a1-2eba272d836a,1.0,0.32590407632358964,low
366,1776327616.104,-6.9009133,109.4867267,49.930866,5.09153135882284,1.3304162427249038,14.265527,0.0,7.257779181818183,normal,635ce134-fb1a-4d66-97a1-2eba272d836a,1.0,0.2880522507679343,low
367,1776327619.429,-6.9009133,109.4867267,58.141876,5.92882136101523,0.9124720772268871,14.265527,0.0,8.750257364646464,normal,635ce134-fb1a-4d66-97a1-2eba272d836a,1.0,0.32468400403966996,low
368,1776327622.4206667,-6.9009883,109.4881933,68.32169,6.9668734991051995,3.216930432225921,16.609571,1.7269999980926514,6.463484891836735,normal,635ce134-fb1a-4d66-97a1-2eba272d836a,1.0,0.3789053650891107,medium
369,1776327626.4073334,-6.9009883,109.4881933,59.13021,6.029603381378962,1.6040672268584164,16.609571,2.635999917984009,6.200790889583334,normal,635ce134-fb1a-4d66-97a1-2eba272d836a,1.0,0.33263273686346095,low
370,1776327633.4551249,-6.9010144,109.4895721,88.05445,8.979055028985433,6.077755777281714,15.341241,2.9660000801086426,10.878611898477157,candidate,635ce134-fb1a-4d66-97a1-2eba272d836a,1.0,0.5318969549323846,medium
371,1776327640.6346667,-6.9010144,109.4895721,54.422512,5.549551783738585,3.055782724807183,15.341241000000002,1.1979999542236328,6.3746442102564105,normal,635ce134-fb1a-4d66-97a1-2eba272d836a,1.0,0.3252448407641476,low
372,1776327641.494,-6.9009498,109.491038,56.442524,5.755535682419583,3.0882606366535454,16.052315,0.046000003814697266,8.982614682828283,normal,635ce134-fb1a-4d66-97a1-2eba272d836a,1.0,0.34830189973751646,low
373,1776327652.3140001,-6.9009039,109.4926134,51.784317,5.280530762288856,1.0118764678598375,17.670198,0.6940000057220459,7.88747680612245,normal,635ce134-fb1a-4d66-97a1-2eba272d836a,1.0,0.3016771115979226,low
374,1776327656.6002,-6.9009039,109.4926134,82.34834,8.397193740981885,3.969664651620463,17.670198,2.42900013923645,7.406246710204082,normal,635ce134-fb1a-4d66-97a1-2eba272d836a,1.0,0.4497022251567518,medium
375,1776327661.0410001,-6.9009039,109.4926134,71.534744,7.294513824802558,3.606316746739324,17.670198,0.7029998302459717,9.494543835820895,normal,635ce134-fb1a-4d66-97a1-2eba272d836a,1.0,0.41536499890765943,medium
376,1776327661.537,-6.9008338,109.4941083,55.053883,5.613933708248995,2.313068729740593,16.671747,0.0,8.307594443298969,normal,635ce134-fb1a-4d66-97a1-2eba272d836a,1.0,0.32733566461787156,low
377,1776327666.9433002,-6.9008338,109.4941083,90.719574,9.250822044225092,6.310415175995752,16.671747000000003,5.983999967575073,10.832045913705585,candidate,635ce134-fb1a-4d66-97a1-2eba272d836a,1.0,0.5665061482361929,medium
378,1776327672.722,-6.900759,109.4955557,52.090946,5.311798218555777,1.2744849284632636,14.591485,0.0,6.030254741116751,normal,635ce134-fb1a-4d66-97a1-2eba272d836a,1.0,0.28299439661535075,low
379,1776327676.939333,-6.900759,109.4955557,67.98165,6.932199068999098,3.1836264672490637,14.591485,3.5820000171661377,8.352325065326633,normal,635ce134-fb1a-4d66-97a1-2eba272d836a,1.0,0.4095302075487132,medium
380,1776327684.073,-6.9007063,109.4969357,53.620113,5.467729856780859,0.16720706707926553,15.855841,0.0,5.617668312820513,normal,635ce134-fb1a-4d66-97a1-2eba272d836a,1.0,0.2706000252439769,low
381,1776327688.391833,-6.9007063,109.4969357,92.501205,9.4324978458495,6.228108283582684,15.855841,3.5989999771118164,10.346133531632654,candidate,635ce134-fb1a-4d66-97a1-2eba272d836a,1.0,0.5485310982806009,medium
382,1776327693.9845,-6.900685,109.4984695,52.80203,5.384308606914696,1.166235744888764,17.031681,1.6949999332427979,5.793496239795918,normal,635ce134-fb1a-4d66-97a1-2eba272d836a,1.0,0.294851212654469,low
383,1776327699.6905,-6.900685,109.4984695,71.04911,7.244992938465225,2.06450015473631,17.031681,3.1549999713897705,4.856629888944724,normal,635ce134-fb1a-4d66-97a1-2eba272d836a,1.0,0.3696518018485368,medium
384,1776327703.296,-6.9006245,109.5000758,51.559795,5.257635889931833,0.9299723734975949,18.009808,1.374000072479248,5.877039381909549,normal,635ce134-fb1a-4d66-97a1-2eba272d836a,1.0,0.28608604847471075,low
385,1776327707.9705,-6.9006245,109.5000758,64.5249,6.579708667077953,2.3056607868597023,18.009808,2.5940001010894775,7.686897879396985,normal,635ce134-fb1a-4d66-97a1-2eba272d836a,1.0,0.3731840605380303,medium
386,1776327715.5845,-6.9006001,109.5016856,72.02538,7.344544773189622,3.146057539152576,17.34123,2.116000175476074,6.953444898477158,normal,635ce134-fb1a-4d66-97a1-2eba272d836a,1.0,0.3981323100567523,medium
387,1776327720.6385002,-6.9006001,109.5016856,62.639923,6.3874945062789035,2.2898633542621076,17.34123,1.6180000305175781,9.950938863917525,normal,635ce134-fb1a-4d66-97a1-2eba272d836a,1.0,0.38060190813863537,medium
388,1776327724.579,-6.900575,109.5031883,64.11471,6.537880927737811,0.7608528674701174,16.111835,0.0,6.410976990816326,normal,635ce134-fb1a-4d66-97a1-2eba272d836a,1.0,0.3207370529358322,low
389,1776327728.9495,-6.900575,109.5031883,51.603626,5.262105408064936,1.3988365966268184,16.111835,0.312999963760376,6.90659801928934,normal,635ce134-fb1a-4d66-97a1-2eba272d836a,1.0,0.2936013780649588,low
390,1776327738.138,-6.90057,109.50431,55.326683,5.641751566539033,0.7685155825518439,10.009803,0.0,5.004443608121828,normal,635ce134-fb1a-4d66-97a1-2eba272d836a,1.0,0.2779290703878885,low
391,1776327745.229,-6.900565,109.5053133,69.86473,7.124219789632545,2.5842629626936207,11.501983,0.0,6.7808750091836725,normal,635ce134-fb1a-4d66-97a1-2eba272d836a,1.0,0.3660320100692027,medium
392,1776327754.004,-6.9005588,109.5063312,59.257248,6.042557652205391,2.2361808474504024,12.998636,0.0,6.951983854822335,normal,635ce134-fb1a-4d66-97a1-2eba272d836a,1.0,0.32768039071532096,low
393,1776327758.318,-6.9005588,109.5063312,52.23607,5.326596748124997,1.4841386090406146,12.998636,0.0,7.722709297979796,normal,635ce134-fb1a-4d66-97a1-2eba272d836a,1.0,0.30210789952037276,low
394,1776327763.28325,-6.9003793,109.5077245,74.876915,7.635320420327023,0.9604806880053601,17.236624,0.9700000286102295,9.956175235,normal,635ce134-fb1a-4d66-97a1-2eba272d836a,1.0,0.40047670299468663,medium
395,1776327769.0851667,-6.9003793,109.5077245,65.14498,6.6429392300122885,3.532977765109591,17.236624000000003,5.495000123977661,9.07077127106599,normal,635ce134-fb1a-4d66-97a1-2eba272d836a,1.0,0.4258151406511982,medium
396,1776327775.195,-6.9003309,109.5092548,53.59957,5.4656350537645375,1.4204882296155257,16.1645,0.0,8.505838407035178,normal,635ce134-fb1a-4d66-97a1-2eba272d836a,1.0,0.31333637430330663,low
397,1776327779.5156002,-6.9003309,109.5092548,66.235504,6.754141730356443,3.622682946257787,16.1645,3.0889999866485596,9.585867398979591,normal,635ce134-fb1a-4d66-97a1-2eba272d836a,1.0,0.4169600990141386,medium
398,1776327785.5910003,-6.9004209,109.5107393,63.14443,6.4389399030249885,2.434659326764476,16.59714,1.8040001392364502,7.350981984848484,normal,635ce134-fb1a-4d66-97a1-2eba272d836a,1.0,0.36086429045188584,medium
399,1776327793.029,-6.9004138,109.5122419,66.36063,6.76690103144295,1.890835513280108,17.07371,0.0,7.254805774619288,normal,635ce134-fb1a-4d66-97a1-2eba272d836a,1.0,0.3502007278131195,medium
400,1776327795.465,-6.9004138,109.5122419,55.179684,5.626761840179879,1.1630788519190134,17.07371,0.0,6.173362253807107,normal,635ce134-fb1a-4d66-97a1-2eba272d836a,1.0,0.2933722503644586,low
401,1776327810.92,-6.9004586,109.513577,53.113148,5.416033813789623,0.8411378162569437,13.091223,0.8960001468658447,7.702589974874373,normal,635ce134-fb1a-4d66-97a1-2eba272d836a,1.0,0.3038480757445807,low
402,1776327815.7855,-6.9004573,109.5145767,52.914433,5.395770523063432,1.1699024663540334,15.521713,0.315000057220459,6.047093681407034,normal,635ce134-fb1a-4d66-97a1-2eba272d836a,1.0,0.2870611343610737,low
403,1776327823.745,-6.9004,109.5159509,51.71236,5.27319319033513,0.6459598537496352,14.949814,0.0,5.938742814141414,normal,635ce134-fb1a-4d66-97a1-2eba272d836a,1.0,0.27311741145777196,low
404,1776327828.635,-6.9004,109.5159509,54.73993,5.5819194118276885,3.0880437815387283,14.949813999999998,1.8430001735687256,6.362837453333333,normal,635ce134-fb1a-4d66-97a1-2eba272d836a,1.0,0.33156050263988623,low
405,1776327832.718,-6.9003327,109.5175285,70.45597,7.184509491008652,2.182192496986975,17.138735,0.0,9.007591712643679,normal,635ce134-fb1a-4d66-97a1-2eba272d836a,1.0,0.3841825738991477,medium
406,1776327895.6879,-6.9003327,109.5175285,106.589195,10.869073026976594,6.549791912027054,17.138735,2.9119999408721924,10.834476707070706,high_conf,7b68bd61-6146-4cdb-8ad6-424ae6e78950,1.0,0.5992343261531601,medium
407,1776327900.3407998,-6.9003327,109.5175285,81.09044,8.268923638551392,3.638134352403476,17.138735,0.7290000915527344,10.269256929292931,normal,7b68bd61-6146-4cdb-8ad6-424ae6e78950,1.0,0.45545200499759136,medium
408,1776327907.8885624,-6.8982702,109.522018,107.307724,10.942342594056074,9.126533604756517,7.9533443,6.615000009536743,6.248019638578681,high_conf,7b68bd61-6146-4cdb-8ad6-424ae6e78950,0.996112025,0.6177919551120434,medium
409,1776327914.63875,-6.8976299,109.5219521,75.57105,7.706102491676567,1.0809934490435176,7.2139273,1.6419999599456787,8.191507003045686,normal,7b68bd61-6146-4cdb-8ad6-424ae6e78950,0.9344939416666667,0.38291029476709443,medium
410,1776327926.829,-6.8971527,109.521921,62.792267,6.403029270953894,1.4413531926413803,0.27535456,0.24200010299682617,7.6585431610256425,normal,7b68bd61-6146-4cdb-8ad6-424ae6e78950,0.3,0.23335208205904495,low
411,1776327932.4436002,-6.8971523,109.5219209,80.79734,8.23903575634901,3.080123750583124,0.23332044400000002,1.692000150680542,7.068845675257732,normal,7b68bd61-6146-4cdb-8ad6-424ae6e78950,0.3,0.3196665942906437,low
412,1776327940.2156997,-6.8971523,109.5219209,87.02223,8.873797882049425,3.700698015366493,0.17026926999999997,2.765000104904175,7.414096928205128,candidate,7b68bd61-6146-4cdb-8ad6-424ae6e78950,0.3,0.35977712577363186,medium
413,1776327944.4848335,-6.8963452,109.5218313,69.79445,7.117053224087736,2.121555763773076,7.8502927,2.2119998931884766,8.221372984924622,normal,7b68bd61-6146-4cdb-8ad6-424ae6e78950,0.9875243916666667,0.388904531056155,medium
414,1776327950.1943333,-6.8963452,109.5218313,100.562904,10.254562363294296,6.7244227254545805,7.850292700000001,5.120999813079834,6.092249507070708,high_conf,7b68bd61-6146-4cdb-8ad6-424ae6e78950,0.9875243916666667,0.5512746588398558,medium
415,1776327954.5722854,-6.8955923,109.5218136,103.52487,10.556598838543234,10.372344027349856,5.849049,3.7130000591278076,8.313045331658293,high_conf,7b68bd61-6146-4cdb-8ad6-424ae6e78950,0.8207540833333333,0.5913428061061673,medium
416,1776327961.35725,-6.8955923,109.5218136,65.09908,6.6382587325947195,1.3973427092185546,5.849049,2.5340001583099365,7.057354015228427,normal,7b68bd61-6146-4cdb-8ad6-424ae6e78950,0.8207540833333333,0.3306199512875755,low
417,1776327967.7530003,-6.895093,109.5217288,98.66803,10.061338989359262,7.5285885424456405,7.580147,9.785000085830688,8.082053914000001,high_conf,7b68bd61-6146-4cdb-8ad6-424ae6e78950,0.96501225,0.6061678703814184,medium
418,1776327975.6991,-6.8943442,109.5216533,89.788086,9.155836702645654,6.3497313546045016,6.016776999999999,3.9129998683929443,8.112228616161616,candidate,7b68bd61-6146-4cdb-8ad6-424ae6e78950,0.8347314166666666,0.4973471110838637,medium
419,1776327982.1421669,-6.8943442,109.5216533,94.777794,9.66464531720822,4.602588502017778,6.016777,1.4479999542236328,10.939913418719211,candidate,7b68bd61-6146-4cdb-8ad6-424ae6e78950,0.8347314166666666,0.5004739262976318,medium
420,1776327983.948,-6.8936293,109.52161,51.412132,5.242578454416137,0.9160490446408969,7.935999,0.0,8.55273190909091,normal,7b68bd61-6146-4cdb-8ad6-424ae6e78950,0.9946665833333332,0.2994126704583564,low
421,1776327986.357,-6.8936293,109.52161,50.249794,5.124052964060103,1.2770075453721876,7.935999,0.3619999885559082,8.45519902538071,normal,7b68bd61-6146-4cdb-8ad6-424ae6e78950,0.9946665833333332,0.30180498310408543,low
422,1776327990.512875,-6.8936293,109.52161,78.874245,8.04293464128933,3.5414759399772153,7.935999,3.6500000953674316,8.764146726,normal,7b68bd61-6146-4cdb-8ad6-424ae6e78950,0.9946665833333332,0.45421082148160424,medium
423,1776327994.6278334,-6.8929577,109.5215033,84.92064,8.6594953424462,3.926085963960322,7.217356,3.745999813079834,6.5991059715736045,candidate,7b68bd61-6146-4cdb-8ad6-424ae6e78950,0.9347796666666666,0.45051848496266195,medium
424,1776328000.441,-6.8929577,109.5215033,75.327515,7.681268832883809,1.8783904994119964,7.217356,2.866999864578247,8.168695518781727,normal,7b68bd61-6146-4cdb-8ad6-424ae6e78950,0.9347796666666666,0.4011565708972523,medium
425,1776328008.9221537,-6.8921722,109.5212912,80.91157,8.250683974649855,3.1133248753844334,8.4508295,7.417999982833862,7.517508823232324,normal,7b68bd61-6146-4cdb-8ad6-424ae6e78950,1.0,0.4737681829809388,medium
426,1776328013.745,-6.8913892,109.5211659,56.599815,5.771574900705134,1.3186502128715751,8.32302,0.0,6.872347141414141,normal,7b68bd61-6146-4cdb-8ad6-424ae6e78950,1.0,0.30669165442957996,low
427,1776328019.8063333,-6.8913892,109.5211659,83.63187,8.528077376066243,3.840667066856681,8.32302,4.976999998092651,8.257489157360405,candidate,7b68bd61-6146-4cdb-8ad6-424ae6e78950,1.0,0.48010711739534795,medium
428,1776328026.6604376,-6.8907709,109.5209664,78.779434,8.033266609902464,3.9309668405574856,8.329266,7.874000072479248,7.3593243312820515,normal,7b68bd61-6146-4cdb-8ad6-424ae6e78950,1.0,0.47866645367046057,medium
429,1776328033.359,-6.8900317,109.520653,53.999012,5.50636680211897,1.4270362761463002,8.720802,0.0,6.904013142288556,normal,7b68bd61-6146-4cdb-8ad6-424ae6e78950,1.0,0.29957522311463447,low
430,1776328037.9753335,-6.8900317,109.520653,80.3267,8.191043832501416,3.909031222714427,8.720802,0.4140000343322754,8.505295022613065,normal,7b68bd61-6146-4cdb-8ad6-424ae6e78950,1.0,0.4370700710781743,medium
431,1776328076.715,-6.886614,109.5199406,66.48561,6.779645444672747,1.9514533299329118,9.213651,0.0,6.985487206122449,normal,7b68bd61-6146-4cdb-8ad6-424ae6e78950,1.0,0.34881408783230694,low
432,1776328087.4913332,-6.8857661,109.5197404,66.45847,6.776877934870726,3.2043258218492716,9.343961,0.2740001678466797,9.419809024875622,normal,7b68bd61-6146-4cdb-8ad6-424ae6e78950,1.0,0.38932874411446283,medium
433,1776328102.1373332,-6.8849981,109.5193752,73.0733,7.451402874580005,3.2611763458382637,9.956474,1.6349999904632568,5.991312170854271,normal,7b68bd61-6146-4cdb-8ad6-424ae6e78950,1.0,0.39025294340976735,medium
434,1776328111.719,-6.884353,109.5188766,60.337433,6.152705867956947,2.592879470166228,8.965126,0.0,8.11315583147208,normal,7b68bd61-6146-4cdb-8ad6-424ae6e78950,1.0,0.3467130642323982,low
435,1776328125.9787502,-6.8830577,109.5176164,75.69885,7.719134464878424,3.6240375145943924,9.927559,0.6160001754760742,9.573236768000001,normal,7b68bd61-6146-4cdb-8ad6-424ae6e78950,1.0,0.4296702258101405,medium
436,1776328132.8499997,-6.8830577,109.5176164,67.643234,6.897690240805985,2.83194726615473,9.927559,1.5099999904632568,8.808155723618091,normal,7b68bd61-6146-4cdb-8ad6-424ae6e78950,1.0,0.39244290115784086,medium
437,1776328134.217,-6.8823911,109.5170546,64.63595,6.591032615623072,1.4287062338550391,9.643308,0.0,7.77365932828283,normal,7b68bd61-6146-4cdb-8ad6-424ae6e78950,1.0,0.34362905350598627,low
438,1776328141.1055,-6.8823911,109.5170546,51.08767,5.209492538226612,1.6068042589179932,9.643308,0.22300004959106445,6.63507418592965,normal,7b68bd61-6146-4cdb-8ad6-424ae6e78950,1.0,0.2911584285201765,low
439,1776328144.3395,-6.8816441,109.5166778,60.08343,6.126804770232445,3.038732084374065,8.900605,0.005000114440917969,6.2360456666666675,normal,7b68bd61-6146-4cdb-8ad6-424ae6e78950,1.0,0.3335888409369242,low
440,1776328170.4819999,-6.8803328,109.5157698,64.32055,6.558870766265748,3.330237808301385,10.526628,0.009999990463256836,6.819966835820895,normal,7b68bd61-6146-4cdb-8ad6-424ae6e78950,1.0,0.357006891578874,medium
441,1776328172.961,-6.8803328,109.5157698,77.37977,7.89054060255031,3.5180934463187943,10.526628,0.009999990463256836,7.7697219353535365,normal,7b68bd61-6146-4cdb-8ad6-424ae6e78950,1.0,0.4122616356586491,medium
442,1776328177.004,-6.8794314,109.5154207,60.374313,6.1564665813504105,0.9670013403235282,11.61829,0.0,6.472481835353537,normal,7b68bd61-6146-4cdb-8ad6-424ae6e78950,1.0,0.31127246963106725,low
443,1776328181.582,-6.8794314,109.5154207,53.04921,5.409513952267084,1.1257098160429715,11.61829,0.0,7.0196209740932645,normal,7b68bd61-6146-4cdb-8ad6-424ae6e78950,1.0,0.29376691858004933,low
444,1776328184.831,-6.8784654,109.515302,60.87184,6.207200216179837,1.4361927261752685,10.613341,0.0,7.141334803030301,normal,7b68bd61-6146-4cdb-8ad6-424ae6e78950,1.0,0.3250619574486149,low
445,1776328186.909,-6.8784654,109.515302,60.380238,6.1570707632066,3.4098173030695498,10.613341,0.009999990463256836,6.828655331632652,normal,7b68bd61-6146-4cdb-8ad6-424ae6e78950,1.0,0.34481120377076774,low
446,1776328194.014,-6.8784654,109.515302,49.308636,5.028081556902714,1.2697285529912485,10.613341,0.0,6.241209532663317,normal,7b68bd61-6146-4cdb-8ad6-424ae6e78950,1.0,0.2755744583221368,low
447,1776328195.9019997,-6.8775018,109.5152138,65.57002,6.686281247928702,2.4646068889841235,11.178357999999998,0.4570000171661377,8.222234170984457,normal,7b68bd61-6146-4cdb-8ad6-424ae6e78950,1.0,0.3672899818640849,medium
448,1776328226.592,-6.8748242,109.5151736,55.588802,5.668480265941989,1.0400925179701563,11.302207,0.0,6.887018877551021,normal,7b68bd61-6146-4cdb-8ad6-424ae6e78950,1.0,0.3000007310051137,low
449,1776328232.032,-6.8748242,109.5151736,66.98548,6.830617999010875,4.156940781397274,11.302207,0.053999900817871094,6.595446489795918,candidate,7b68bd61-6146-4cdb-8ad6-424ae6e78950,1.0,0.3743580266606774,medium
450,1776328238.414,-6.8740059,109.5151669,62.173687,6.339951665451506,1.586026768669905,8.105886,0.0,7.044840775634518,normal,7b68bd61-6146-4cdb-8ad6-424ae6e78950,1.0,0.33037143778896705,low
451,1776328242.779,-6.8740059,109.5151669,51.644794,5.266303375770523,1.010345181500486,8.105886,0.0,7.880846426395939,normal,7b68bd61-6146-4cdb-8ad6-424ae6e78950,1.0,0.2957864144666143,low
452,1776328245.959,-6.8736801,109.5143922,50.894913,5.189836794420113,1.4596849560029213,10.51472,0.0,6.585922916080402,normal,7b68bd61-6146-4cdb-8ad6-424ae6e78950,1.0,0.28651749101282414,low
453,1776328266.154,-6.8732563,109.5123032,49.851646,5.083453166983629,0.36110890215937624,11.818841,0.0,6.154921691542288,normal,7b68bd61-6146-4cdb-8ad6-424ae6e78950,1.0,0.2654004839935109,low
454,1776328274.042,-6.8732563,109.5123032,73.27189,7.471653418853533,1.4331808103502675,11.818841,0.0,6.121160223350255,normal,7b68bd61-6146-4cdb-8ad6-424ae6e78950,1.0,0.35707433055522014,medium
455,1776328277.259,-6.8727947,109.5113375,76.32256,7.782735184798071,2.189098946805797,11.468603,1.4219999313354492,7.291278596923076,normal,7b68bd61-6146-4cdb-8ad6-424ae6e78950,1.0,0.39867581744664216,medium
456,1776328303.15,-6.8723705,109.5103121,52.94651,5.399041466759801,1.4241597464053146,8.5267105,0.0,7.567910363636363,normal,7b68bd61-6146-4cdb-8ad6-424ae6e78950,1.0,0.30229250218257886,low
457,1776328306.867,-6.8721814,109.5095969,54.82962,5.591065246541888,1.7108304917740274,7.7324395,0.0,6.00294105076142,normal,7b68bd61-6146-4cdb-8ad6-424ae6e78950,0.9777032916666666,0.2939758098392413,low
458,1776328333.409,-6.8717289,109.5082726,50.405678,5.1399487082744875,0.3411233950127139,8.540215,0.0,5.43312943248731,normal,7b68bd61-6146-4cdb-8ad6-424ae6e78950,1.0,0.2601758268444211,low
459,1776328350.561,-6.8707359,109.5074224,50.22748,5.121777569302464,0.6681898056736948,9.370118,0.0,7.562174483838382,normal,7b68bd61-6146-4cdb-8ad6-424ae6e78950,1.0,0.2837855434101736,low
460,1776328354.428,-6.8707359,109.5074224,68.43035,6.977953735475418,1.6024278375425365,9.370118,0.0,7.6617201683673475,normal,7b68bd61-6146-4cdb-8ad6-424ae6e78950,1.0,0.3574725006678636,medium
461,1776328358.831,-6.8704289,109.5065042,73.46534,7.491379828993591,2.3365372208674016,11.155028,0.0,7.3802174243654814,normal,7b68bd61-6146-4cdb-8ad6-424ae6e78950,1.0,0.38077954581985285,medium
462,1776328361.2175,-6.8704289,109.5065042,61.712418,6.292915317667093,1.9338226101067286,11.155028,0.19099998474121094,6.877141409045225,normal,7b68bd61-6146-4cdb-8ad6-424ae6e78950,1.0,0.33297970149019535,low
463,1776328363.39,-6.8704289,109.5065042,65.85145,6.71497912131054,0.6387858110020135,11.155028,0.0,6.358289317948719,normal,7b68bd61-6146-4cdb-8ad6-424ae6e78950,1.0,0.3245786049765579,low
464,1776328369.4935002,-6.8700779,109.5055462,62.029305,6.325228798825288,1.5088828873747957,11.267054,2.06499981880188,7.139688649746192,normal,7b68bd61-6146-4cdb-8ad6-424ae6e78950,1.0,0.34572324974471563,low
465,1776328373.719,-6.8700779,109.5055462,53.480297,5.453472592577486,1.0299868847769373,11.267054,0.0,6.798587880808081,normal,7b68bd61-6146-4cdb-8ad6-424ae6e78950,1.0,0.29194377556390705,low
466,1776328377.928,-6.8697811,109.5047234,65.12475,6.640876344113434,1.609534269837474,9.685911,0.0,6.022720947959184,normal,7b68bd61-6146-4cdb-8ad6-424ae6e78950,1.0,0.33089989718447055,low
467,1776328385.716,-6.8694399,109.5037327,55.624413,5.672111577348024,1.3209205923923852,12.233199,0.0,5.7032517494949495,normal,7b68bd61-6146-4cdb-8ad6-424ae6e78950,1.0,0.2923544693866056,low
468,1776328393.0783331,-6.8694399,109.5037327,85.337776,8.702031376667874,4.846992653713873,12.233199,3.8380000591278076,7.360206317525773,candidate,7b68bd61-6146-4cdb-8ad6-424ae6e78950,1.0,0.48096244792551673,medium
469,1776328398.4614444,-6.8691243,109.5026869,82.507126,8.413385406841277,4.990255755141088,11.817939,6.085000038146973,4.804972111616162,candidate,7b68bd61-6146-4cdb-8ad6-424ae6e78950,1.0,0.4662656448236624,medium
470,1776328406.652,-6.868809,109.5016738,61.15551,6.236126505993383,0.8546948791271947,11.688814,0.0,6.471714972588832,normal,7b68bd61-6146-4cdb-8ad6-424ae6e78950,1.0,0.31251137346374047,low
471,1776328422.84175,-6.8685626,109.5006164,80.78273,8.237545950961849,3.3196621412003284,12.146336,3.748000144958496,9.798750368367346,normal,7b68bd61-6146-4cdb-8ad6-424ae6e78950,1.0,0.46926438016907074,medium
472,1776328427.724,-6.8683833,109.4995767,66.00182,6.730312594005088,1.4732352863107951,10.247604,0.0,7.902080654358974,normal,7b68bd61-6146-4cdb-8ad6-424ae6e78950,1.0,0.34999014328194744,low
473,1776328430.456,-6.8683833,109.4995767,60.785713,6.1984177063523225,2.0406930319948904,10.247604,1.125,7.91326602244898,normal,7b68bd61-6146-4cdb-8ad6-424ae6e78950,1.0,0.3481858546533607,low
474,1776328450.2648335,-6.8687983,109.4981617,81.051605,8.264963570638292,4.026224252731554,12.529883,3.9549999237060547,6.741082898477157,candidate,7b68bd61-6146-4cdb-8ad6-424ae6e78950,1.0,0.4514703240641174,medium
475,1776328454.739,-6.8687983,109.4981617,64.39617,6.566581860268288,0.33444526647569767,12.529883,0.0,6.60248713877551,normal,7b68bd61-6146-4cdb-8ad6-424ae6e78950,1.0,0.31825154820012014,low
476,1776328456.7305,-6.8696217,109.4975117,73.79909,7.52541285760173,4.382196778122532,10.601732999999998,1.3250000476837158,10.500786406122447,candidate,7b68bd61-6146-4cdb-8ad6-424ae6e78950,1.0,0.4468578306709432,medium
477,1776328460.152,-6.8696217,109.4975117,71.68753,7.310093660934162,3.008291920363614,10.601733,0.06800007820129395,8.172998989743588,normal,7b68bd61-6146-4cdb-8ad6-424ae6e78950,1.0,0.3911046129852527,medium
478,1776328463.3499997,-6.8696217,109.4975117,84.018845,8.567537844217954,4.904740169015073,10.601733,0.35899996757507324,8.888128271794871,candidate,7b68bd61-6146-4cdb-8ad6-424ae6e78950,1.0,0.464953579749842,medium
479,1776328466.149,-6.8695433,109.4967533,55.995773,5.709979758633173,1.148041113701944,9.907888,0.0,7.6175362575757575,normal,7b68bd61-6146-4cdb-8ad6-424ae6e78950,1.0,0.30962409112635747,low
480,1776328505.1399999,-6.8705943,109.4952747,57.645626,5.878217943946201,0.9935742198308589,10.35238,0.9139997959136963,7.644547614213198,normal,7b68bd61-6146-4cdb-8ad6-424ae6e78950,1.0,0.32056231662331613,low
481,1776328506.49,-6.8704289,109.4942554,50.75821,5.1758969678738405,1.728170881940643,10.862292,0.4720001220703125,7.119482812182742,normal,7b68bd61-6146-4cdb-8ad6-424ae6e78950,1.0,0.29805175916311105,low
482,1776328511.6073334,-6.8704289,109.4942554,58.760086,5.991861237017739,1.7410465066393976,10.862292000000002,0.9240000247955322,7.811111616161616,normal,7b68bd61-6146-4cdb-8ad6-424ae6e78950,1.0,0.33516761764089714,low
483,1776328535.704,-6.8708481,109.4925794,52.292103,5.332310523981176,0.6551611218698422,4.7819195,0.0,8.037048011167512,normal,7b68bd61-6146-4cdb-8ad6-424ae6e78950,0.731826625,0.2548476897166156,low
484,1776328536.3923333,-6.8712424,109.4922937,70.75204,7.21470022892629,2.1564993968814368,8.535994,0.497999906539917,9.4216907185567,normal,7b68bd61-6146-4cdb-8ad6-424ae6e78950,1.0,0.39261981847251143,medium
485,1776328559.678,-6.8729733,109.4912046,52.67471,5.371325580091061,1.3610453387814638,11.793431,0.0,5.216389803030304,normal,7b68bd61-6146-4cdb-8ad6-424ae6e78950,1.0,0.27830823011744277,low
486,1776328571.107,-6.8738993,109.4906904,53.479057,5.453346147767077,0.5298795987946223,11.487965,0.0,5.3565024338461535,normal,7b68bd61-6146-4cdb-8ad6-424ae6e78950,1.0,0.27211314997210423,low
487,1776328584.667,-6.8748629,109.4901058,58.223457,5.937140307852325,1.771107493341031,13.355692,0.0,6.897291977435898,normal,7b68bd61-6146-4cdb-8ad6-424ae6e78950,1.0,0.31795968117791906,low
488,1776328600.482,-6.8758815,109.4878741,56.7903,5.790998964988044,1.810832909027915,14.437806,0.0,4.993900702564103,normal,7b68bd61-6146-4cdb-8ad6-424ae6e78950,1.0,0.2955820206028199,low
489,1776328619.2205,-6.8762457,109.4858998,60.96691,6.216894658216619,3.251072551894799,4.6099014,0.017000198364257812,5.02373985678392,normal,7b68bd61-6146-4cdb-8ad6-424ae6e78950,0.7174917833333333,0.28539792324874813,low
490,1776328812.626,-6.8765089,109.4851407,50.24629,5.123695655499075,1.7552701728081663,12.423529,0.0,4.3863723525000005,normal,606f1311-3f3f-40aa-9c26-05d27f54675c,1.0,0.2671208193399107,low
491,1776328816.88,-6.8919167,109.4731233,56.66124,5.777838507543351,0.9879956367723746,13.3292465,0.0,4.90199828040201,normal,606f1311-3f3f-40aa-9c26-05d27f54675c,1.0,0.28414936289827797,low
492,1776328834.884,-6.8935917,109.4722167,51.10717,5.211480984841919,1.2771673492415745,9.51464,0.0,7.661068461538463,normal,606f1311-3f3f-40aa-9c26-05d27f54675c,1.0,0.2951779326442695,low
493,1776328851.653,-6.8943383,109.47193,53.236835,5.428646377713083,1.4885076709787222,8.665863,0.0,7.029494922680413,normal,606f1311-3f3f-40aa-9c26-05d27f54675c,1.0,0.29895698293986317,low
494,1776328889.456,-6.897075,109.4709008,61.854652,6.307419149250764,0.8789526579970051,2.203476,0.0,6.491664306122448,normal,606f1311-3f3f-40aa-9c26-05d27f54675c,0.5169563333333334,0.24289482202275597,low
495,1776328903.0205,-6.8972245,109.4711449,51.746502,5.276674705429479,1.3276106538237256,8.466317,0.4809999465942383,5.549836057142858,normal,606f1311-3f3f-40aa-9c26-05d27f54675c,1.0,0.28163561056172554,low
496,1776328905.2855,-6.8976533,109.47229,52.429356,5.346306434919162,1.7027343409296853,14.6433325,0.3970000743865967,5.943787577889448,normal,606f1311-3f3f-40aa-9c26-05d27f54675c,1.0,0.29163847776937374,low
497,1776328910.756,-6.8976533,109.47229,52.235874,5.326576761687223,1.2362406765952778,14.6433325,0.0,6.120825814285714,normal,606f1311-3f3f-40aa-9c26-05d27f54675c,1.0,0.28386995861665687,low
498,1776328918.825625,-6.898145,109.4735083,74.077286,7.553780954760291,3.490799124837249,16.562218,3.7039999961853027,8.95936801020408,normal,606f1311-3f3f-40aa-9c26-05d27f54675c,1.0,0.44051359027822007,medium
499,1776328923.1304998,-6.898145,109.4735083,74.54939,7.601922165061464,3.7697716540826463,16.562218,0.009000062942504883,8.057755100507613,normal,606f1311-3f3f-40aa-9c26-05d27f54675c,1.0,0.4085590897524809,medium
500,1776328927.1564999,-6.8987417,109.4750467,67.691185,6.902579882018835,1.8408266911991606,17.281284,1.003000020980835,6.3029114766839385,normal,606f1311-3f3f-40aa-9c26-05d27f54675c,1.0,0.35275477209973904,medium
501,1776328929.805,-6.8987417,109.4750467,74.5885,7.60591027517042,2.012386612403606,17.281284,0.0,6.448418408163264,normal,606f1311-3f3f-40aa-9c26-05d27f54675c,1.0,0.3717353010604064,medium
502,1776328933.7725,-6.8987417,109.4750467,60.13455,6.132017559513187,2.27770115035149,17.281284,0.4549999237060547,6.227081398,normal,606f1311-3f3f-40aa-9c26-05d27f54675c,1.0,0.3277716231561134,low
503,1776328940.1283684,-6.8993252,109.4766185,84.584015,8.625169145426828,4.476631467095265,20.125965,6.950000047683716,10.256351462244897,candidate,606f1311-3f3f-40aa-9c26-05d27f54675c,1.0,0.5252676339595826,medium
504,1776328948.57763,-6.8998899,109.4782572,86.40394,8.810749848317215,5.671441006729462,19.552602999999998,9.402000188827515,9.533158127411168,candidate,606f1311-3f3f-40aa-9c26-05d27f54675c,1.0,0.5581055351888492,medium
505,1776328957.8780832,-6.9003352,109.4800094,69.19589,7.0560170904437305,3.2699640707720348,16.694824000000004,5.70799994468689,9.204072636548224,normal,606f1311-3f3f-40aa-9c26-05d27f54675c,1.0,0.43911020094023595,medium
506,1776328967.3655,-6.9005201,109.4814097,51.88553,5.290851615995269,1.9467985498748992,14.275498,0.5889999866485596,6.943993583673469,normal,606f1311-3f3f-40aa-9c26-05d27f54675c,1.0,0.3037720050931789,low
507,1776328970.249,-6.9005201,109.4814097,49.449005,5.042395211412664,0.552652339009345,14.275498,0.0,6.16991428080808,normal,606f1311-3f3f-40aa-9c26-05d27f54675c,1.0,0.26654534360799836,low
508,1776328972.393,-6.9005201,109.4814097,50.819458,5.182142525735088,1.1089695516136815,14.275498,0.0,6.624657301010101,normal,606f1311-3f3f-40aa-9c26-05d27f54675c,1.0,0.2823143565951013,low
509,1776328974.5235,-6.9005201,109.4814097,74.85865,7.633457908664019,3.1874994240195558,14.275498,0.006999969482421875,7.214439211111112,normal,606f1311-3f3f-40aa-9c26-05d27f54675c,1.0,0.3944230048198931,medium
510,1776328979.680071,-6.9006368,109.4829539,78.67408,8.022523491712258,2.18209326421409,18.659704,8.914999961853027,7.336991952284263,normal,606f1311-3f3f-40aa-9c26-05d27f54675c,1.0,0.4645851301044869,medium
511,1776328986.0908,-6.9007706,109.4846725,69.79096,7.116697343129407,2.1139440946516297,17.67589,2.2880001068115234,8.491910888,normal,606f1311-3f3f-40aa-9c26-05d27f54675c,1.0,0.39381995102044803,medium
512,1776328992.807,-6.9007706,109.4846725,66.36794,6.7676464439946376,2.5826161025753036,17.67589,0.0,6.751927262626262,normal,606f1311-3f3f-40aa-9c26-05d27f54675c,1.0,0.35397208323181173,medium
513,1776329003.3514285,-6.9008514,109.4860409,81.199005,8.279994187617586,3.4991891863732163,15.752391000000001,3.9489998817443848,7.498827916494846,normal,606f1311-3f3f-40aa-9c26-05d27f54675c,1.0,0.45261716111166245,medium
514,1776329007.5619004,-6.9009676,109.4876733,71.381676,7.278905232673747,3.3612190863212117,19.872644,4.659999847412109,6.5074369464646455,normal,606f1311-3f3f-40aa-9c26-05d27f54675c,1.0,0.41395962193701813,medium
515,1776329013.225,-6.9009676,109.4876733,59.80609,6.098523960781715,1.5781253878217345,19.872644,1.6119999885559082,6.016807452791879,normal,606f1311-3f3f-40aa-9c26-05d27f54675c,1.0,0.3249647595322496,low
516,1776329018.3150003,-6.9010308,109.4892958,90.68899,9.247703344159321,4.808114049610564,16.379683,5.807999849319458,9.266225939086294,candidate,606f1311-3f3f-40aa-9c26-05d27f54675c,1.0,0.5317150139994195,medium
517,1776329030.25275,-6.9009741,109.4907088,57.909775,5.905153645740391,2.297818717710344,10.934167,3.4769999980926514,6.084729810050252,normal,606f1311-3f3f-40aa-9c26-05d27f54675c,1.0,0.34243518710622656,low
518,1776329040.4056194,-6.9009315,109.4918976,86.38431,8.808748145391139,4.273214346120447,17.19612,8.857999801635742,9.498819005,candidate,606f1311-3f3f-40aa-9c26-05d27f54675c,1.0,0.5363196272768376,medium
519,1776329050.8198333,-6.9008414,109.4937002,94.09633,9.595155328272142,7.736302860509744,19.301962,9.358000040054321,8.942875306532665,candidate,606f1311-3f3f-40aa-9c26-05d27f54675c,1.0,0.6034661639939334,medium
520,1776329060.8111818,-6.9007633,109.4954317,81.802505,8.341534061070805,4.791537824972536,18.184621999999997,9.773000001907349,6.204421583673469,candidate,606f1311-3f3f-40aa-9c26-05d27f54675c,1.0,0.5030913222583082,medium
521,1776329066.7848332,-6.90069,109.4971333,71.11546,7.251758755538334,4.07331420298631,18.742065,3.2070000171661377,8.926406461928934,candidate,606f1311-3f3f-40aa-9c26-05d27f54675c,1.0,0.43358132169065405,medium
522,1776329072.7158182,-6.90069,109.4971333,74.26886,7.573316066138794,3.170916850011602,18.742065,4.140000104904175,7.763046729230769,normal,606f1311-3f3f-40aa-9c26-05d27f54675c,1.0,0.4292342830281985,medium
523,1776329077.6712222,-6.9006533,109.4988333,79.03286,8.059108870001479,3.458365072680659,19.088474,3.5460000038146973,9.116962189795919,normal,606f1311-3f3f-40aa-9c26-05d27f54675c,1.0,0.4570662220433747,medium
524,1776329081.611,-6.9006533,109.4988333,56.71001,5.782811663514044,0.8275564952391468,19.088474,0.22600007057189941,7.805853206030151,normal,606f1311-3f3f-40aa-9c26-05d27f54675c,1.0,0.3116069049492409,low
525,1776329089.037385,-6.9006204,109.5005683,71.74055,7.315500196295371,3.376585870627127,19.430914,6.193000078201294,7.536206050761421,normal,606f1311-3f3f-40aa-9c26-05d27f54675c,1.0,0.4369039225743702,medium
526,1776329095.353,-6.9006204,109.5005683,97.99431,9.992638668658513,5.5353680871885125,19.430914,0.0,9.024672135678392,candidate,606f1311-3f3f-40aa-9c26-05d27f54675c,1.0,0.5182690283664239,medium
527,1776329095.687,-6.9006062,109.5023057,50.898346,5.190186862996028,5.854231195152466,18.949936,0.6440000534057617,8.762827124489796,candidate,606f1311-3f3f-40aa-9c26-05d27f54675c,1.0,0.3662078909253014,medium
528,1776329100.2716665,-6.9006062,109.5023057,90.44736,9.223063941305135,4.362859711602586,18.949936000000005,6.322000026702881,7.608751081818181,candidate,606f1311-3f3f-40aa-9c26-05d27f54675c,1.0,0.5136634007537418,medium
529,1776329106.9555001,-6.9005762,109.5040333,57.79839,5.893795536702136,1.419141589311035,18.540493,1.1049997806549072,5.591778641624367,normal,606f1311-3f3f-40aa-9c26-05d27f54675c,1.0,0.30832280318576943,low
530,1776329112.363,-6.9005762,109.5040333,71.014084,7.241421280457649,3.1129323253121,18.540493,4.7200000286102295,5.469348482412061,normal,606f1311-3f3f-40aa-9c26-05d27f54675c,1.0,0.4002873121702102,medium
531,1776329116.2370002,-6.900555,109.5058867,80.97526,8.257178547210312,3.171297748241051,19.225904,1.2339999675750732,7.7135298205128215,normal,606f1311-3f3f-40aa-9c26-05d27f54675c,1.0,0.4289753176052738,medium
532,1776329121.1719167,-6.900555,109.5058867,86.90425,8.861767270168713,5.121091557364138,19.225904000000003,5.168999910354614,7.873271935025382,candidate,606f1311-3f3f-40aa-9c26-05d27f54675c,1.0,0.5047110271452449,medium
533,1776329127.606,-6.900415,109.5075733,59.955917,6.113802062885899,1.7516515724898745,18.921188,0.3680000305175781,6.55352026632653,normal,606f1311-3f3f-40aa-9c26-05d27f54675c,1.0,0.3231215337862654,low
534,1776329130.8173332,-6.900415,109.5075733,56.25242,5.736150469324388,1.7945138696263256,18.921188,0.750999927520752,7.085800162244899,normal,606f1311-3f3f-40aa-9c26-05d27f54675c,1.0,0.3191812598187362,low
535,1776329135.0285,-6.900415,109.5075733,62.24265,6.346983934371065,3.0480027845603255,18.921188,0.9030001163482666,8.10696359072165,normal,606f1311-3f3f-40aa-9c26-05d27f54675c,1.0,0.3656136775864581,medium
536,1776329137.0852,-6.9003017,109.50922,57.193996,5.832164500619478,1.7479521187753544,16.896786,2.5970001220703125,6.639871515306122,normal,606f1311-3f3f-40aa-9c26-05d27f54675c,1.0,0.33175160433978235,low
537,1776329143.566,-6.9003017,109.50922,55.73446,5.683333248356982,0.8821983819732668,16.896786,0.0,6.858526018090452,normal,606f1311-3f3f-40aa-9c26-05d27f54675c,1.0,0.29827738869070053,low
538,1776329155.3355,-6.9004317,109.5108883,52.915833,5.395913283333249,1.9380097527408755,19.361277,0.46700000762939453,5.942301362051284,normal,606f1311-3f3f-40aa-9c26-05d27f54675c,1.0,0.29669543000220017,low
539,1776329157.0591667,-6.900445,109.5125283,57.443584,5.857615393635951,3.014954887229865,19.425617,2.632999897003174,6.859435133668342,normal,606f1311-3f3f-40aa-9c26-05d27f54675c,1.0,0.3505436453201304,medium
540,1776329161.249667,-6.900445,109.5125283,71.10742,7.2509389037031005,4.022592063213874,19.425617,0.7799999713897705,9.362534693333332,candidate,606f1311-3f3f-40aa-9c26-05d27f54675c,1.0,0.4183915428154222,medium
541,1776329165.7779999,-6.90045,109.514135,65.211525,6.649724931551549,3.8275939336530334,17.194296,0.003999948501586914,7.9523702602040816,normal,606f1311-3f3f-40aa-9c26-05d27f54675c,1.0,0.3768152154901625,medium
542,1776329171.8149228,-6.90045,109.514135,84.5621,8.622934437346087,4.470806185799018,17.194296000000005,6.976999998092651,9.43259183131313,candidate,606f1311-3f3f-40aa-9c26-05d27f54675c,1.0,0.5175204951522645,medium
543,1776329177.437,-6.9003998,109.5158231,59.023483,6.018720256152713,0.6094659387273008,18.90548,0.0,6.6059358120603004,normal,606f1311-3f3f-40aa-9c26-05d27f54675c,1.0,0.30359226230461933,low
544,1776329182.723,-6.9003998,109.5158231,54.149494,5.521711695635105,1.4972437379335573,18.90548,0.0,5.231085396954316,normal,606f1311-3f3f-40aa-9c26-05d27f54675c,1.0,0.28508585322129554,low
545,1776329188.257,-6.9003489,109.5175524,65.23638,6.652259436198906,2.773072272149159,19.3579,0.0,6.80335366,normal,606f1311-3f3f-40aa-9c26-05d27f54675c,1.0,0.35299645705300137,medium
546,1776329193.9625,-6.9003489,109.5175524,64.69946,6.597508833291696,3.1071834753066563,19.3579,3.623000144958496,8.497638762626263,normal,606f1311-3f3f-40aa-9c26-05d27f54675c,1.0,0.3992392485848856,medium
547,1776329196.418,-6.9002412,109.5193155,49.103745,5.007188489443388,1.5433979289715762,17.259901,0.0,6.356389344723619,normal,606f1311-3f3f-40aa-9c26-05d27f54675c,1.0,0.27934523763533475,low
548,1776329202.873,-6.9002412,109.5193155,50.268066,5.125916189524456,0.17157735728017845,17.259901,0.0,5.444972851776649,normal,606f1311-3f3f-40aa-9c26-05d27f54675c,1.0,0.25773839088288353,low
549,1776329205.361,-6.9002412,109.5193155,60.76172,6.195971101242524,1.263204994127042,17.259901,0.0,7.803680877157361,normal,606f1311-3f3f-40aa-9c26-05d27f54675c,1.0,0.3288415860752196,low
550,1776329206.264,-6.9002005,109.5208786,54.739334,5.581858636741395,1.593898167377311,18.801794,0.0,6.764495621428572,normal,606f1311-3f3f-40aa-9c26-05d27f54675c,1.0,0.3027971072450337,low
551,1776329210.5456667,-6.9002005,109.5208786,51.326935,5.233890778196428,1.2780122155089169,18.801794,2.3610000610351562,5.556048906532664,normal,606f1311-3f3f-40aa-9c26-05d27f54675c,1.0,0.29413691128285196,low
552,1776329216.5046666,-6.9001204,109.5225412,55.536983,5.663196198497959,3.134907867201006,17.911886,0.22699999809265137,8.28648929137056,normal,606f1311-3f3f-40aa-9c26-05d27f54675c,1.0,0.3406224057847535,low
553,1776329223.3461876,-6.9001204,109.5225412,70.95367,7.2352607669285645,3.9293000658713058,17.911886,6.562000036239624,8.84522764321608,normal,606f1311-3f3f-40aa-9c26-05d27f54675c,1.0,0.4563078875798557,medium
554,1776329226.65025,-6.8998175,109.5240863,93.36414,9.520492726874112,6.992336752141132,17.113186,1.3310000896453857,9.05433230964467,candidate,606f1311-3f3f-40aa-9c26-05d27f54675c,1.0,0.5311440194260139,medium
555,1776329232.7294285,-6.8998175,109.5240863,83.314835,8.495748803108096,5.027251125230497,17.113186,3.9609999656677246,7.017345739795919,candidate,606f1311-3f3f-40aa-9c26-05d27f54675c,1.0,0.4740706006371518,medium
556,1776329237.71625,-6.8992956,109.525414,77.54765,7.907659598333785,1.946033672185877,14.587992,3.3869998455047607,5.653135552763819,normal,606f1311-3f3f-40aa-9c26-05d27f54675c,1.0,0.39939466221036257,medium
557,1776329243.9815,-6.8992956,109.525414,82.52509,8.415217225046272,4.195048571441458,14.587992,0.7899999618530273,8.964239966169155,candidate,606f1311-3f3f-40aa-9c26-05d27f54675c,1.0,0.45523073156836413,medium
558,1776329257.0082002,-6.8984134,109.5277102,70.51581,7.190611472827113,3.427594729567113,10.68974,1.2209999561309814,8.57607917,normal,606f1311-3f3f-40aa-9c26-05d27f54675c,1.0,0.4050152361466366,medium
559,1776329262.5374,-6.8984134,109.5277102,110.188484,11.236098361825904,9.715061320653115,10.68974,1.0859999656677246,9.42011047363184,high_conf,606f1311-3f3f-40aa-9c26-05d27f54675c,1.0,0.6228437741188543,medium
560,1776329300.169,-6.8957631,109.5272134,50.938744,5.194306312553216,1.1643845840600737,10.143143,0.0,8.965579558974358,normal,3a9b8fd6-92e7-4ce1-89d1-f0025de3bc91,1.0,0.3055902477761746,low
561,1776329305.638,-6.8957631,109.5272134,56.508167,5.762229405556434,1.6065667252664144,10.143143,0.0,6.677612156565656,normal,3a9b8fd6-92e7-4ce1-89d1-f0025de3bc91,1.0,0.30808072883522925,low
562,1776329330.5877998,-6.8931519,109.5261306,75.31658,7.680153773204918,3.41154224403905,11.3909855,1.7869999408721924,8.666731974489796,normal,3a9b8fd6-92e7-4ce1-89d1-f0025de3bc91,1.0,0.42618438827792116,medium
563,1776329358.327,-6.8911806,109.5254404,50.652832,5.165151402364722,2.1467053772475397,11.869766,0.0,6.464595395918367,normal,3a9b8fd6-92e7-4ce1-89d1-f0025de3bc91,1.0,0.293008361320612,low
564,1776329361.0355,-6.890215,109.52498,55.32492,5.641571790570684,1.5987361289997173,11.811846,0.4830000400543213,7.282427562626262,normal,3a9b8fd6-92e7-4ce1-89d1-f0025de3bc91,1.0,0.3134531703663412,low
565,1776329367.0089998,-6.890215,109.52498,70.71992,7.211424900450205,1.9831498062583421,11.811845999999997,1.3370001316070557,6.295103702020202,normal,3a9b8fd6-92e7-4ce1-89d1-f0025de3bc91,1.0,0.36719258805623295,medium
566,1776329372.6266668,-6.88923,109.524745,80.46059,8.204696812876977,3.4413767054861197,10.165764,0.26800012588500977,6.5573169610256405,normal,3a9b8fd6-92e7-4ce1-89d1-f0025de3bc91,1.0,0.41217422471021903,medium
567,1776329376.2865,-6.88923,109.524745,76.33102,7.78359786471425,2.096309721081014,10.165763999999998,2.546999931335449,8.573581473366835,normal,3a9b8fd6-92e7-4ce1-89d1-f0025de3bc91,1.0,0.41837443462794527,medium
568,1776329395.852,-6.8874383,109.5245917,54.824577,5.5905510036556825,1.3691859366289518,11.008879,0.0,6.026845037373737,normal,3a9b8fd6-92e7-4ce1-89d1-f0025de3bc91,1.0,0.29332513315221226,low
569,1776329400.569,-6.88661,109.5241467,72.821785,7.425755482249291,2.3775670337710797,11.151972,0.0,7.182468206030151,normal,3a9b8fd6-92e7-4ce1-89d1-f0025de3bc91,1.0,0.3772445224210951,medium
570,1776329407.02225,-6.88661,109.5241467,75.44892,7.693648697567467,1.8174828590577545,11.151972,1.0349998474121094,8.457658272727272,normal,3a9b8fd6-92e7-4ce1-89d1-f0025de3bc91,1.0,0.3992427082175072,medium
571,1776329413.058875,-6.8855867,109.5239067,90.758484,9.254789760009789,5.9246133166277195,11.8597145,3.880999803543091,8.397652845,candidate,3a9b8fd6-92e7-4ce1-89d1-f0025de3bc91,1.0,0.5226298752833758,medium
572,1776329419.289,-6.8847238,109.5236637,87.19392,8.891305389710045,4.9766612768612335,9.472076,0.016000032424926758,8.399008005128206,candidate,3a9b8fd6-92e7-4ce1-89d1-f0025de3bc91,1.0,0.46924556558200997,medium
573,1776329431.7810001,-6.8839159,109.5234337,85.56253,8.724949906441038,3.579474154563769,9.28328,1.4399998188018799,7.719266227272728,candidate,3a9b8fd6-92e7-4ce1-89d1-f0025de3bc91,1.0,0.45107255147017994,medium
574,1776329437.2983334,-6.8839159,109.5234337,74.68225,7.6154701146670885,1.824906822150449,9.28328,0.8460001945495605,7.480112250251256,normal,3a9b8fd6-92e7-4ce1-89d1-f0025de3bc91,1.0,0.3860330400372354,medium
575,1776329441.154875,-6.8831477,109.5231874,66.79779,6.811478945409494,2.409056020875451,8.446203,2.8969998359680176,7.266695307179488,normal,3a9b8fd6-92e7-4ce1-89d1-f0025de3bc91,1.0,0.38045154961992206,medium
576,1776329449.179,-6.8831477,109.5231874,58.284584,5.943373527147395,0.6819337694655544,8.446203,0.0,6.800097457575758,normal,3a9b8fd6-92e7-4ce1-89d1-f0025de3bc91,1.0,0.30383878470204206,low
577,1776329453.73575,-6.8826428,109.5229537,78.61687,8.01668969525781,3.882220987278094,3.5987322,0.7709999084472656,9.240588217258884,normal,3a9b8fd6-92e7-4ce1-89d1-f0025de3bc91,0.6332276833333333,0.3856888713647492,medium
578,1776329461.7450001,-6.8826173,109.5229529,70.32678,7.171335777253191,1.8407733556086554,3.6038327,1.0799999237060547,5.856406811167513,normal,3a9b8fd6-92e7-4ce1-89d1-f0025de3bc91,0.633652725,0.3030291467584755,low
579,1776329464.8385,-6.8826173,109.5229529,75.5268,7.701590247434139,2.30783113686991,3.6038327,0.30299997329711914,5.1326053116751265,normal,3a9b8fd6-92e7-4ce1-89d1-f0025de3bc91,0.633652725,0.3134334294073381,low
580,1776329472.7528331,-6.8822098,109.52279,91.79393,9.360375867396105,9.061118723308537,3.3330586000000006,1.9260001182556152,8.491530872820512,high_conf,3a9b8fd6-92e7-4ce1-89d1-f0025de3bc91,0.6110882166666667,0.49222830337960666,medium
581,1776329477.2654288,-6.8822098,109.52279,101.73156,10.37373211035369,5.1023533409146165,3.3330586000000006,2.36899995803833,8.64929031122449,high_conf,3a9b8fd6-92e7-4ce1-89d1-f0025de3bc91,0.6110882166666667,0.48184525685014856,medium
582,1776329487.713167,-6.8812917,109.522345,89.07172,9.08278770018304,4.993298360648025,5.028836300000001,4.044000148773193,5.501016973333334,candidate,3a9b8fd6-92e7-4ce1-89d1-f0025de3bc91,0.752403025,0.44214609652205,medium
583,1776329497.0107777,-6.8807883,109.5221833,73.009315,7.444878220391265,2.15932696665217,7.576196,6.038999795913696,7.714212878172588,normal,3a9b8fd6-92e7-4ce1-89d1-f0025de3bc91,0.964683,0.42139636158699756,medium
584,1776329502.714,-6.8800783,109.5219583,56.29532,5.740525051878063,1.304798314059591,8.464607,4.253000020980835,6.452504454545455,normal,3a9b8fd6-92e7-4ce1-89d1-f0025de3bc91,1.0,0.33423855837152844,low
585,1776329511.5115,-6.8793702,109.52173,96.5673,9.84712414535035,6.598282981733297,6.5170956,0.309999942779541,10.08023125257732,candidate,3a9b8fd6-92e7-4ce1-89d1-f0025de3bc91,0.8764246333333334,0.5204054504495265,medium
586,1776329519.1455998,-6.8793702,109.52173,93.991615,9.584477369947944,4.266012923560477,6.5170956,0.7620000839233398,10.808055671717172,candidate,3a9b8fd6-92e7-4ce1-89d1-f0025de3bc91,0.8764246333333334,0.49341225496418245,medium
587,1776329521.3295002,-6.87892,109.5215809,57.63591,5.877227187673671,0.8024289364953135,4.329484,0.3250000476837158,4.495801369696971,normal,3a9b8fd6-92e7-4ce1-89d1-f0025de3bc91,0.6941236666666667,0.23791304984834774,low
588,1776329525.73575,-6.87892,109.5215809,92.537445,9.436193297405334,4.910456011732516,4.329484,0.4290001392364502,9.947896891836734,candidate,3a9b8fd6-92e7-4ce1-89d1-f0025de3bc91,0.6941236666666667,0.45838942043710057,medium
589,1776329528.2033331,-6.87892,109.5215809,83.73729,8.538827224383455,4.396883939247204,4.329484,0.21499991416931152,6.231770723076923,candidate,3a9b8fd6-92e7-4ce1-89d1-f0025de3bc91,0.6941236666666667,0.3855834739535733,medium
590,1776329558.055,-6.8771916,109.5216909,49.76002,5.074109915210597,1.5894059952738633,5.601053,0.0,7.617293964467006,normal,3a9b8fd6-92e7-4ce1-89d1-f0025de3bc91,0.8000877500000001,0.2640864238829103,low
591,1776329564.902,-6.8766472,109.5217096,49.701378,5.0681300953944515,1.6114485833307715,7.459678,0.0,6.632461126903553,normal,3a9b8fd6-92e7-4ce1-89d1-f0025de3bc91,0.9549731666666668,0.2780567657758981,low
592,1776329585.44075,-6.8753121,109.5220103,74.06845,7.552879933514503,2.7219553351256076,6.6152563,1.500999927520752,7.059952613265306,normal,3a9b8fd6-92e7-4ce1-89d1-f0025de3bc91,0.8846046916666668,0.3787553733731796,medium
593,1776329608.256,-6.8743308,109.5223027,56.96267,5.808575813351145,1.7989940596240166,9.499415,0.0,5.940204934673367,normal,3a9b8fd6-92e7-4ce1-89d1-f0025de3bc91,1.0,0.3049874611518939,low
594,1776329614.8892498,-6.8736091,109.5224611,76.49022,7.799831746824858,3.548463725442498,7.0821095,2.2960000038146973,8.294473025252525,normal,3a9b8fd6-92e7-4ce1-89d1-f0025de3bc91,0.923509125,0.420731821251542,medium
595,1776329618.3815,-6.8736091,109.5224611,57.49662,5.863023560543101,1.4589823393593564,7.0821095,0.2569999694824219,7.692455020408163,normal,3a9b8fd6-92e7-4ce1-89d1-f0025de3bc91,0.923509125,0.30971470098263665,low
596,1776329622.0873334,-6.8728765,109.5223587,98.26241,10.019977260328451,5.475374117011094,7.925517,1.878999948501587,8.187974362436547,high_conf,3a9b8fd6-92e7-4ce1-89d1-f0025de3bc91,0.9937930833333333,0.5240263627715344,medium
597,1776329626.3125713,-6.8728765,109.5223587,89.481224,9.124545486990971,7.631177104832026,7.925517,1.3959999084472656,7.852007725888325,candidate,3a9b8fd6-92e7-4ce1-89d1-f0025de3bc91,0.9937930833333333,0.51411297735928,medium
598,1776329629.047,-6.8728765,109.5223587,59.939873,6.112166030193797,1.1886640535073398,7.925517,0.0,7.2401884717948715,normal,3a9b8fd6-92e7-4ce1-89d1-f0025de3bc91,0.9937930833333333,0.3188859117781625,low
599,1776329654.9372501,-6.870971,109.5220766,112.40852,11.462479032085371,8.178226886411565,8.1265955,0.3320000171661377,10.282514834343436,high_conf,3a9b8fd6-92e7-4ce1-89d1-f0025de3bc91,1.0,0.6137731031133763,medium
600,1776329660.181,-6.870971,109.5220766,65.95574,6.725613741695687,0.6598584457574973,8.1265955,0.24599981307983398,8.17913384365482,normal,3a9b8fd6-92e7-4ce1-89d1-f0025de3bc91,1.0,0.3443435978753229,low
601,1776329661.087,-6.8704455,109.5219473,54.02547,5.509064767275268,1.1709202459160064,6.577246,0.1959998607635498,7.3008845727272735,normal,3a9b8fd6-92e7-4ce1-89d1-f0025de3bc91,0.8814371666666667,0.2839980786489708,low
602,1776329666.6707501,-6.8704455,109.5219473,89.70219,9.147077748262658,4.797256990705349,6.577246,0.3149998188018799,8.729339219387755,candidate,3a9b8fd6-92e7-4ce1-89d1-f0025de3bc91,0.8814371666666667,0.4631244646682137,medium
603,1776329703.264,-6.8681249,109.5220997,50.46586,5.146085564387431,1.2947425380968607,8.995701,0.0,8.107429331313131,normal,3a9b8fd6-92e7-4ce1-89d1-f0025de3bc91,1.0,0.2974681136937972,low
604,1776329722.1575,-6.8667875,109.5220974,60.312767,6.150190635946017,1.8161720007040245,6.718773,0.3689999580383301,7.345359045454544,normal,3a9b8fd6-92e7-4ce1-89d1-f0025de3bc91,0.8932310833333332,0.31661545822937054,low
605,1776329731.0005002,-6.8667875,109.5220974,58.51033,5.966393212768887,3.345910469630239,6.718773,0.003000020980834961,7.476998820618556,normal,3a9b8fd6-92e7-4ce1-89d1-f0025de3bc91,0.8932310833333332,0.32781047039458466,low
606,1776329740.7851536,-6.8662288,109.5222136,95.2453,9.712317661994668,4.950729813386734,2.7425669,17.246000051498413,8.897601560606061,candidate,3a9b8fd6-92e7-4ce1-89d1-f0025de3bc91,0.561880575,0.5675904447014154,medium
607,1776329756.302684,-6.8665306,109.5236055,103.18779,10.522226244436174,6.227273843320607,8.368103999999999,7.3429999351501465,7.637284426395939,high_conf,3a9b8fd6-92e7-4ce1-89d1-f0025de3bc91,1.0,0.587602042591292,medium
608,1776329762.751375,-6.8666887,109.5242986,77.44242,7.896929124624617,3.1508704396811127,6.014732,2.764000177383423,7.532796454081632,normal,3a9b8fd6-92e7-4ce1-89d1-f0025de3bc91,0.8345610000000001,0.40207978725188037,medium
609,1776329767.9222355,-6.8666887,109.5242986,99.23361,10.119012098932867,9.118776921916337,6.014732,4.740000009536743,13.722603368686869,high_conf,3a9b8fd6-92e7-4ce1-89d1-f0025de3bc91,0.8345610000000001,0.6227326908703127,medium
610,1776329777.6949525,-6.8668141,109.5248324,98.99296,10.094472628267553,5.6736027419180495,5.474096000000001,7.507999897003174,10.446825928205127,high_conf,3a9b8fd6-92e7-4ce1-89d1-f0025de3bc91,0.7895080000000001,0.5630046658308293,medium
611,1776329784.3796,-6.8669571,109.5254207,63.15995,6.44052250258753,1.23074741500084,4.9376583,3.49399995803833,7.842402924000001,normal,3a9b8fd6-92e7-4ce1-89d1-f0025de3bc91,0.7448048583333333,0.3254814051119528,low
612,1776329796.566625,-6.8669685,109.52546,94.0565,9.591093798595852,3.7659305517180943,3.9218733,2.427000045776367,10.187249105527638,candidate,3a9b8fd6-92e7-4ce1-89d1-f0025de3bc91,0.6601561083333334,0.4619603849144582,medium
613,1776329801.717,-6.8673851,109.5271579,69.01249,7.037315495097714,2.164782231650276,11.198877,0.0,6.107814303061225,normal,3a9b8fd6-92e7-4ce1-89d1-f0025de3bc91,1.0,0.3516209917510199,medium
614,1776329821.312,-6.8678096,109.5281234,53.348648,5.440048130605253,0.8189742860737448,11.880853,0.0,4.139563791836735,normal,3a9b8fd6-92e7-4ce1-89d1-f0025de3bc91,1.0,0.2636955691860873,low
615,1776329840.3872857,-6.8689621,109.5298934,76.55529,7.8064670402227065,3.1148392587241562,11.780964999999998,1.9539999961853027,8.961704303030302,normal,3a9b8fd6-92e7-4ce1-89d1-f0025de3bc91,1.0,0.4307817079839307,medium
616,1776329843.7975557,-6.8696615,109.5306086,87.76009,8.949038662540216,3.603919630828183,9.950747,3.134000062942505,8.104624663316583,candidate,3a9b8fd6-92e7-4ce1-89d1-f0025de3bc91,1.0,0.4754540183392833,medium
617,1776329849.2312498,-6.8696615,109.5306086,75.646935,7.713840608158749,1.2906456524981982,9.950747,2.110999822616577,6.198394040201006,normal,3a9b8fd6-92e7-4ce1-89d1-f0025de3bc91,1.0,0.3802850759511564,medium
618,1776329857.009227,-6.8702652,109.530927,89.96894,9.174278678243846,4.939535863017015,6.337579700000001,9.990000009536743,7.801957732323233,candidate,3a9b8fd6-92e7-4ce1-89d1-f0025de3bc91,0.8614649750000001,0.5284237952613531,medium
619,1776329864.951125,-6.8708924,109.5312574,84.278,8.593964299735385,4.528589233882529,8.840767,3.930999994277954,8.909326330653267,candidate,3a9b8fd6-92e7-4ce1-89d1-f0025de3bc91,1.0,0.48887952827516357,medium
620,1776329874.9264998,-6.8714778,109.5315634,67.738266,6.907380807921156,2.0449078171078394,6.7197237,0.21900010108947754,6.8705751692307695,normal,3a9b8fd6-92e7-4ce1-89d1-f0025de3bc91,0.8933103083333334,0.3387710638766854,low
621,1776329878.6929998,-6.8714778,109.5315634,60.196472,6.13833184624719,1.4316331887699099,6.7197237,0.4519999027252197,8.176328728205128,normal,3a9b8fd6-92e7-4ce1-89d1-f0025de3bc91,0.8933103083333334,0.32001968949416415,low
622,1776329883.5622501,-6.8718437,109.5321255,81.38818,8.299284669076597,3.2394658261673714,8.133464,0.48000001907348633,9.264434979899496,normal,3a9b8fd6-92e7-4ce1-89d1-f0025de3bc91,1.0,0.44010537784826936,medium
623,1776329889.7832499,-6.8718437,109.5321255,59.552002,6.072614195469401,1.1093932363289853,8.133464,3.6130001544952393,8.2474126010101,normal,3a9b8fd6-92e7-4ce1-89d1-f0025de3bc91,1.0,0.35488303428292683,medium
624,1776329894.695,-6.8720754,109.5328479,51.02062,5.202655341018595,1.5132697666187942,8.079499,0.0,6.716977509183675,normal,3a9b8fd6-92e7-4ce1-89d1-f0025de3bc91,1.0,0.28884237324949424,low
625,1776329900.694,-6.8720754,109.5328479,54.516453,5.5591310998149215,1.2957242808681366,8.079499,0.9800000190734863,7.349238450505052,normal,3a9b8fd6-92e7-4ce1-89d1-f0025de3bc91,1.0,0.3114609096318879,low
626,1776329902.3723335,-6.8723017,109.5335083,80.29111,8.187414662499426,4.257112289733511,7.4423685,0.3510000705718994,9.237882244897959,candidate,3a9b8fd6-92e7-4ce1-89d1-f0025de3bc91,0.9535307083333333,0.4407243730510605,medium
627,1776329905.5279999,-6.8723017,109.5335083,56.208286,5.73165005379003,0.9526808433146696,7.4423685,1.2590000629425049,8.333464742424242,normal,3a9b8fd6-92e7-4ce1-89d1-f0025de3bc91,0.9535307083333333,0.31743807476773084,low
628,1776329917.1441667,-6.87252,109.5341517,75.59149,7.708186791615893,4.768428485628679,4.362271,4.047999858856201,8.276777870646766,candidate,3a9b8fd6-92e7-4ce1-89d1-f0025de3bc91,0.6968559166666667,0.41203678597298327,medium
629,1776329925.1156666,-6.8731817,109.5340717,66.44675,6.775682827469115,1.248871315928907,10.304739,0.6809999942779541,9.85032359898477,normal,3a9b8fd6-92e7-4ce1-89d1-f0025de3bc91,1.0,0.3724351161509547,medium
630,1776329929.2406666,-6.8731817,109.5340717,60.937286,6.213873850907293,1.3090641915720749,10.304739,3.3999998569488525,6.387983466666668,normal,3a9b8fd6-92e7-4ce1-89d1-f0025de3bc91,1.0,0.34273476173363715,low
631,1776329939.3746362,-6.8740783,109.5337717,74.30846,7.577354142342187,4.171622932908276,10.59813,3.2950000762939453,6.5828607208121825,candidate,3a9b8fd6-92e7-4ce1-89d1-f0025de3bc91,1.0,0.4239940430531712,medium
632,1776329952.0110002,-6.8749267,109.5333267,52.518654,5.355412296757812,1.0471926519568882,10.488495,0.2739999294281006,8.07417154822335,normal,3a9b8fd6-92e7-4ce1-89d1-f0025de3bc91,1.0,0.3031209838382474,low
633,1776329953.3178,-6.8759,109.533185,74.642815,7.61144886378121,1.6238715654070368,9.490448,1.0940001010894775,9.115885769696972,normal,3a9b8fd6-92e7-4ce1-89d1-f0025de3bc91,1.0,0.40084170949413844,medium
634,1776329961.4576666,-6.8759,109.533185,80.59052,8.217945985632198,3.951000130445613,9.490448,2.1409997940063477,10.75242252284264,normal,3a9b8fd6-92e7-4ce1-89d1-f0025de3bc91,1.0,0.4730649103502361,medium
635,1776329963.3432,-6.877023,109.5330789,69.28649,7.06525571933331,3.4642221155603607,12.635495,1.7200000286102295,10.062541107142858,normal,3a9b8fd6-92e7-4ce1-89d1-f0025de3bc91,1.0,0.4192611610197452,medium
636,1776329969.3990624,-6.877023,109.5330789,80.55784,8.214613553048187,3.636568671004649,12.635495,5.062999963760376,5.748482038775511,normal,3a9b8fd6-92e7-4ce1-89d1-f0025de3bc91,1.0,0.44412800667146995,medium
637,1776329974.45525,-6.8780734,109.5329372,73.91611,7.537345576725998,1.717306094494368,10.546407,1.680999994277954,7.5683756870000005,normal,3a9b8fd6-92e7-4ce1-89d1-f0025de3bc91,1.0,0.3893921449362434,medium
638,1776329988.8296537,-6.8789385,109.5326339,86.80113,8.851251956580484,4.091128558711673,11.694599,7.412999868392944,9.029086597014926,candidate,3a9b8fd6-92e7-4ce1-89d1-f0025de3bc91,1.0,0.5199101655894754,medium
639,1776329994.031,-6.8799461,109.5323166,70.88473,7.228230843356295,2.2474527094927383,11.3868265,1.0190000534057617,8.41760277128205,normal,3a9b8fd6-92e7-4ce1-89d1-f0025de3bc91,1.0,0.38867519896209796,medium
640,1776330015.613,-6.8820045,109.5318637,53.20637,5.425539812270245,1.941712173690217,13.721282,0.0,5.4054043618090475,normal,3a9b8fd6-92e7-4ce1-89d1-f0025de3bc91,1.0,0.28903557271138686,low
641,1776330033.226,-6.884695,109.5315667,51.738403,5.2758488372685886,0.9114372400142267,14.257806,0.0,4.908869442424243,normal,3a9b8fd6-92e7-4ce1-89d1-f0025de3bc91,1.0,0.26670897766483415,low
642,1776330036.7629998,-6.884695,109.5315667,71.43306,7.284144942462513,3.2449079107166137,14.257806,0.21799993515014648,7.095956746192893,normal,3a9b8fd6-92e7-4ce1-89d1-f0025de3bc91,1.0,0.3841040652968258,medium
643,1776330043.35,-6.8859417,109.5314367,53.085796,5.413244686003885,1.5287624354563727,13.604623,0.0,4.962639996954315,normal,3a9b8fd6-92e7-4ce1-89d1-f0025de3bc91,1.0,0.2793499491923429,low
644,1776330048.932,-6.8859417,109.5314367,74.243004,7.570679487898518,1.0300674313385998,13.604623,0.0,6.140424134673367,normal,3a9b8fd6-92e7-4ce1-89d1-f0025de3bc91,1.0,0.3555629810381915,medium
645,1776330059.551,-6.8870528,109.5313273,71.65164,7.306433899445785,2.183014974492848,9.525545,0.0,7.484994507614213,normal,3a9b8fd6-92e7-4ce1-89d1-f0025de3bc91,1.0,0.3737810280202897,medium
646,1776330090.0276668,-6.8889993,109.5312327,82.224,8.384514589589719,3.3735254542820274,6.840018999999999,2.505999803543091,8.73702981734694,normal,44eda033-50cf-4664-89ef-2aa88372c53f,0.9033349166666667,0.440655633534145,medium
647,1776330093.7588098,-6.8901653,109.5311733,99.60846,10.157236161176344,7.77621250156728,7.446692500000002,3.8570001125335693,14.11057821827411,high_conf,44eda033-50cf-4664-89ef-2aa88372c53f,0.9538910416666668,0.6222540344137898,medium
648,1776330110.35,-6.8907804,109.5311572,51.43214,5.244618702615062,1.2933141106483956,6.3652015,0.0,6.939841242424243,normal,44eda033-50cf-4664-89ef-2aa88372c53f,0.8637667916666667,0.26919765596409195,low
649,1776330125.1564999,-6.8922409,109.5311397,66.60033,6.791343629068031,2.3313804689089275,10.874035,1.6200001239776611,8.797857833333333,normal,44eda033-50cf-4664-89ef-2aa88372c53f,1.0,0.3835218847950448,medium
650,1776330131.3174999,-6.8922409,109.5311397,92.61537,9.444139435994963,6.2984374017914195,10.874034999999997,1.7030000686645508,13.346515499999997,candidate,44eda033-50cf-4664-89ef-2aa88372c53f,1.0,0.5636375490939869,medium
651,1776330136.799795,-6.8930405,109.531108,98.89801,10.084790422825328,8.585405384724503,7.968693700000002,9.297000169754028,7.070223489898989,high_conf,44eda033-50cf-4664-89ef-2aa88372c53f,0.9973911416666668,0.6114583729006073,medium
652,1776330143.8556924,-6.8940273,109.531071,87.186295,8.890527856097648,6.214012775021065,12.801818999999998,2.9099998474121094,13.415796166666668,candidate,44eda033-50cf-4664-89ef-2aa88372c53f,1.0,0.5542752475477626,medium
653,1776330152.773,-6.8953055,109.5310369,65.32853,6.6616561211014975,3.1615756407258786,12.365341,0.026000022888183594,7.874731040816327,normal,44eda033-50cf-4664-89ef-2aa88372c53f,1.0,0.3684450158865077,medium
654,1776330157.946,-6.8953055,109.5310369,53.807384,5.486826184272917,0.2211746375887163,12.365341,0.0,5.797516187817259,normal,44eda033-50cf-4664-89ef-2aa88372c53f,1.0,0.27359932755919164,low
655,1776330176.385,-6.8974696,109.5309519,50.818855,5.182081036847445,1.088004310437808,11.895103,0.0,7.097487842639594,normal,44eda033-50cf-4664-89ef-2aa88372c53f,1.0,0.2865368450068992,low
656,1776330182.393,-6.8974696,109.5309519,53.022114,5.4067509292163995,1.3931950341862587,11.895103,0.0,4.054763954081633,normal,44eda033-50cf-4664-89ef-2aa88372c53f,1.0,0.2688602866881587,low
657,1776330193.583,-6.8982371,109.5309386,58.46008,5.961269138798673,1.388480153857537,1.8549641,0.0,7.238099631313132,normal,44eda033-50cf-4664-89ef-2aa88372c53f,0.3,0.2122775265501719,low
658,1776330213.2849998,-6.8983373,109.5329715,67.3265,6.865392361305848,2.7433625349712294,6.3594713,0.28600001335144043,6.449953596984924,normal,44eda033-50cf-4664-89ef-2aa88372c53f,0.8632892750000001,0.3380066982564313,low
659,1776330218.9006815,-6.8983373,109.5329715,93.75653,9.560505371355152,9.421514246895253,6.359471299999999,6.556000232696533,9.514788568041238,high_conf,44eda033-50cf-4664-89ef-2aa88372c53f,0.8632892749999999,0.5864208220877073,medium
660,1776330228.3294547,-6.8991928,109.5331644,83.100334,8.473875788368098,4.002443746495541,11.6770315,9.66700005531311,8.715818060301507,candidate,44eda033-50cf-4664-89ef-2aa88372c53f,1.0,0.5207392039703659,medium
661,1776330235.040625,-6.9002631,109.5333778,108.463135,11.060161726991378,6.772203152607543,12.331162,2.943000078201294,12.49295237676768,high_conf,44eda033-50cf-4664-89ef-2aa88372c53f,1.0,0.6242379655812117,medium
662,1776330240.720143,-6.9002631,109.5333778,87.92421,8.96577424502761,5.284209209581411,12.331162000000003,4.183000087738037,8.184601898989898,candidate,44eda033-50cf-4664-89ef-2aa88372c53f,1.0,0.5055156672969748,medium
663,1776330246.76764,-6.9011798,109.5335516,89.63135,9.139854078609924,6.739655925854543,6.940078,6.6529998779296875,9.283601768844221,candidate,44eda033-50cf-4664-89ef-2aa88372c53f,0.9116731666666666,0.5453462181068345,medium
664,1776330254.7472,-6.9020223,109.5336823,90.57807,9.23639265192497,4.468386657344153,8.845973,0.5619997978210449,9.312552551020408,candidate,44eda033-50cf-4664-89ef-2aa88372c53f,1.0,0.48723764137398773,medium
665,1776330258.4883335,-6.9020223,109.5336823,81.91861,8.353373476161584,4.9962009115229264,8.845973,2.4250001907348633,10.47856103030303,candidate,44eda033-50cf-4664-89ef-2aa88372c53f,1.0,0.4899860996183826,medium
666,1776330265.918,-6.9025469,109.533751,55.678116,5.67758775932658,0.8755614778507849,7.163003,0.0,7.685856414070352,normal,44eda033-50cf-4664-89ef-2aa88372c53f,0.9302502500000001,0.29538696284651433,low
667,1776330279.594,-6.9032841,109.5338401,55.48841,5.658243130936661,0.9397672858545887,8.2748995,0.0,7.228251725628141,normal,44eda033-50cf-4664-89ef-2aa88372c53f,1.0,0.30166316051406217,low
668,1776330285.923429,-6.9041139,109.5338127,78.00754,7.954555327252427,2.9835706331455856,8.393529,3.677999973297119,7.6072472846938775,normal,44eda033-50cf-4664-89ef-2aa88372c53f,1.0,0.4344759881279879,medium
669,1776330290.683,-6.9041139,109.5338127,57.129425,5.825580091060658,1.6244528687088,8.393529,0.0,8.14356100510204,normal,44eda033-50cf-4664-89ef-2aa88372c53f,1.0,0.3242886907655907,low
670,1776330294.3898332,-6.9048424,109.5337255,66.26004,6.756643706056606,1.9664075609947953,8.567645999999998,2.315000057220459,7.180972568527917,normal,44eda033-50cf-4664-89ef-2aa88372c53f,1.0,0.3679037861982861,medium
671,1776330308.396125,-6.9055739,109.533632,63.085476,6.432928268062998,1.8371617560706923,6.8550296,6.507999897003174,5.590404658163266,normal,44eda033-50cf-4664-89ef-2aa88372c53f,0.9045858,0.35850136536171207,medium
672,1776330340.7240713,-6.9072077,109.533366,82.2831,8.390541112408417,3.4840641868586832,1.4109254,6.1620001792907715,7.066544944162435,normal,44eda033-50cf-4664-89ef-2aa88372c53f,0.3,0.3640069548844854,medium
673,1776330346.476,-6.9072194,109.5333626,53.333553,5.438508868981763,0.8933222197400276,1.8712497,0.0,8.039784574874373,normal,44eda033-50cf-4664-89ef-2aa88372c53f,0.3,0.19653487610701326,low
674,1776330352.732,-6.9072194,109.5333626,79.078094,8.063721454319262,0.9867213164015713,1.8712497,0.9079999923706055,7.641810015075376,normal,44eda033-50cf-4664-89ef-2aa88372c53f,0.3,0.28751709038118745,low
675,1776330354.9320002,-6.9072375,109.531958,59.476734,6.064938995477559,0.8869823714074029,10.089826,2.06000018119812,7.732607157360408,normal,44eda033-50cf-4664-89ef-2aa88372c53f,1.0,0.33506335454382297,low
676,1776330362.8026667,-6.9072375,109.531958,75.97211,7.74699923011426,3.053067952230592,10.089826,0.9460000991821289,9.700219928571427,normal,44eda033-50cf-4664-89ef-2aa88372c53f,1.0,0.42730516808589875,medium
677,1776330364.092,-6.9072601,109.5310707,82.031456,8.364880565738556,3.6830569256817767,9.814699,0.2760000228881836,9.342284370558376,normal,44eda033-50cf-4664-89ef-2aa88372c53f,1.0,0.44689775962328726,medium
678,1776330374.321,-6.9066048,109.5304693,49.26536,5.023668633019431,1.7351018434176277,11.856181,0.0,4.2061360700507615,normal,44eda033-50cf-4664-89ef-2aa88372c53f,1.0,0.2618634946101769,low
679,1776330381.8488,-6.9066048,109.5304693,85.58466,8.727206538420358,3.4255461610053892,11.856181,1.1459999084472656,9.004209866666667,candidate,44eda033-50cf-4664-89ef-2aa88372c53f,1.0,0.4591721014563291,medium
680,1776330398.9229617,-6.9045371,109.5299926,76.713356,7.822585286514764,3.9631668265597604,11.456523,7.92900013923645,9.573566451282053,normal,44eda033-50cf-4664-89ef-2aa88372c53f,1.0,0.49352599857237195,medium
681,1776330409.692069,-6.9037473,109.5293918,82.49146,8.411787919422025,4.438410112937403,10.717181999999996,9.886000156402588,8.877833164646464,candidate,44eda033-50cf-4664-89ef-2aa88372c53f,1.0,0.527277211935884,medium
682,1776330423.306,-6.9030027,109.5286847,57.552986,5.868771292949172,1.0997463691972345,11.40735,0.0,4.704132273469388,normal,44eda033-50cf-4664-89ef-2aa88372c53f,1.0,0.286649279940129,low
683,1776330432.903,-6.9021007,109.5279989,58.347736,5.949813238975593,1.3319053242089882,12.833583,0.0,5.268603138693466,normal,44eda033-50cf-4664-89ef-2aa88372c53f,1.0,0.29753192524844013,low
684,1776330445.495,-6.9000137,109.5269511,59.91195,6.109318676612299,2.356643980622922,12.723315,0.0,5.483408378680204,normal,44eda033-50cf-4664-89ef-2aa88372c53f,1.0,0.31744334610866215,low
685,1776330451.5119092,-6.9000137,109.5269511,86.026886,8.772301040620397,4.251045720999864,12.723314999999998,2.5329999923706055,10.683637641752577,candidate,44eda033-50cf-4664-89ef-2aa88372c53f,1.0,0.4974127472676115,medium
686,1776330455.348,-6.8991047,109.5264969,49.261795,5.023305104189505,1.0126572178092892,7.3043237,0.0,4.445613945,normal,44eda033-50cf-4664-89ef-2aa88372c53f,0.9420269750000001,0.24653428189946514,low
687,1776330462.32775,-6.8991047,109.5264969,58.67495,5.98317978106693,1.8520696623136235,7.3043237,3.437999963760376,5.639063751269036,normal,44eda033-50cf-4664-89ef-2aa88372c53f,0.9420269750000001,0.32630253023211614,low
688,1776330465.709,-6.8993255,109.5257563,82.33426,8.395757980554013,5.1703216574661965,13.707379,0.07400012016296387,9.051783258883248,candidate,44eda033-50cf-4664-89ef-2aa88372c53f,1.0,0.46191306931108617,medium
689,1776330470.14,-6.8993255,109.5257563,60.401833,6.159272840368526,1.0265099313024204,13.707379,0.0,6.8624312010152275,normal,44eda033-50cf-4664-89ef-2aa88372c53f,1.0,0.31579428749631405,low
690,1776330476.0926666,-6.8997911,109.5246125,88.80747,9.055841699255097,6.494845678635483,13.297557,3.0989999771118164,6.43233384568528,candidate,44eda033-50cf-4664-89ef-2aa88372c53f,1.0,0.4984354138453897,medium
691,1776330483.8745,-6.8997911,109.5246125,77.759476,7.929259838986811,3.572918789156318,13.297557,0.01100015640258789,5.082291565482233,normal,44eda033-50cf-4664-89ef-2aa88372c53f,1.0,0.38874415232785986,medium
692,1776330504.836,-6.9016073,109.5240176,52.728176,5.376777594795368,2.426321150682654,11.251232,0.0,4.65114108910891,normal,44eda033-50cf-4664-89ef-2aa88372c53f,1.0,0.28624043313777975,low
693,1776330510.857,-6.9016073,109.5240176,50.84714,5.184965304155854,1.4083456210324403,11.251232,0.0,6.058492688,normal,44eda033-50cf-4664-89ef-2aa88372c53f,1.0,0.2807247221392285,low
694,1776330527.671,-6.9036808,109.5244784,69.538055,7.0909082102450895,0.9055289134552805,10.450902,0.0,5.596013301020408,normal,44eda033-50cf-4664-89ef-2aa88372c53f,1.0,0.33303888767082845,low
695,1776330538.062,-6.9046157,109.5244821,55.1292,5.62161390485028,0.4101973920794109,11.4267,0.0,6.2351707179487175,normal,44eda033-50cf-4664-89ef-2aa88372c53f,1.0,0.2845221741908459,low
696,1776330545.0935001,-6.9054918,109.5243159,53.068565,5.411487612997303,0.688538248529085,8.593568,0.30500006675720215,5.51875631734694,normal,44eda033-50cf-4664-89ef-2aa88372c53f,1.0,0.2765695697326796,low
697,1776330571.3432858,-6.9071312,109.5240146,84.00566,8.566193348391144,6.302290827250834,8.085454,1.9470000267028809,7.446632056994819,candidate,44eda033-50cf-4664-89ef-2aa88372c53f,1.0,0.4806618925713256,medium
698,1776330581.346,-6.9076492,109.5239096,66.489716,6.780064140149797,2.5443224038410506,6.50122,0.2239999771118164,8.528475543147207,normal,44eda033-50cf-4664-89ef-2aa88372c53f,0.8751016666666667,0.3537412974528869,medium
699,1776330584.266,-6.9076492,109.5239096,49.257965,5.022914552879934,0.7902618927055132,6.50122,0.0,7.839616683417086,normal,44eda033-50cf-4664-89ef-2aa88372c53f,0.8751016666666667,0.2659214204154299,low
700,1776330587.266,-6.9083842,109.5237737,49.125534,5.009410349099846,0.8077191701405261,7.765759,0.0,6.044277484693877,normal,44eda033-50cf-4664-89ef-2aa88372c53f,0.9804799166666667,0.264477185125776,low
701,1776330634.055,-6.9107803,109.5233033,49.324585,5.0297079022907925,1.0428505187855304,8.403666,0.0,6.252331107142857,normal,44eda033-50cf-4664-89ef-2aa88372c53f,1.0,0.2729412268403851,low
702,1776330636.927,-6.9114455,109.5231965,52.19498,5.322406734205871,0.9971905173097566,7.6622715,0.0,7.3509742071428565,normal,44eda033-50cf-4664-89ef-2aa88372c53f,0.9718559583333333,0.2882307313376371,low
703,1776330639.578,-6.9114455,109.5231965,49.078262,5.004589946617857,1.4904668296585806,7.6622715,0.0,5.052934150738916,normal,44eda033-50cf-4664-89ef-2aa88372c53f,0.9718559583333333,0.26202936122168463,low
704,1776330643.106,-6.9114455,109.5231965,51.011837,5.201759724268737,1.3458050181489887,7.6622715,0.0,4.795134267676769,normal,44eda033-50cf-4664-89ef-2aa88372c53f,0.9718559583333333,0.2643105784941181,low
705,1776330657.3673334,-6.9136273,109.5227905,86.57425,8.828116635140441,5.930363736657517,13.218589,0.24899983406066895,11.441728221105528,candidate,44eda033-50cf-4664-89ef-2aa88372c53f,1.0,0.5095368509223476,medium
706,1776330686.982,-6.9161112,109.5219515,67.52275,6.885404291985541,1.902586776728925,10.917024,0.0,6.628513469387754,normal,44eda033-50cf-4664-89ef-2aa88372c53f,1.0,0.3483179978304116,low
707,1776330691.3795998,-6.9161112,109.5219515,64.723045,6.599913833980004,2.098534838181633,10.917024,3.7060000896453857,6.505297289340101,normal,44eda033-50cf-4664-89ef-2aa88372c53f,1.0,0.3686552455448276,medium
708,1776330697.1297138,-6.9162771,109.5206872,70.38869,7.177648840327737,3.567669562456002,15.091302,3.505000114440918,6.532633373737374,normal,44eda033-50cf-4664-89ef-2aa88372c53f,1.0,0.4045119880460333,medium
709,1776330702.251,-6.9162771,109.5206872,54.894947,5.5977267466464085,2.174438781257707,15.091302,0.5220000743865967,6.707259609137057,normal,44eda033-50cf-4664-89ef-2aa88372c53f,1.0,0.313939349752429,low
710,1776330708.234,-6.9162604,109.5193256,61.479984,6.269213645842362,3.177337809955846,15.258626,0.09399986267089844,5.574229785786803,normal,44eda033-50cf-4664-89ef-2aa88372c53f,1.0,0.33440414075671254,low
711,1776330712.6525002,-6.9162604,109.5193256,74.649086,7.612088327818368,3.2908625228046233,15.258626,0.0010001659393310547,6.119102408163265,normal,44eda033-50cf-4664-89ef-2aa88372c53f,1.0,0.384559840598283,medium
712,1776330736.3712502,-6.9187536,109.5175551,81.59833,8.320714005292327,3.8535930497150965,14.5803,0.3279998302459717,9.451581152284264,normal,44eda033-50cf-4664-89ef-2aa88372c53f,1.0,0.4489756074937845,medium
713,1776330740.739,-6.9187536,109.5175551,53.01451,5.405975537008051,0.5546360391621699,14.5803,0.0,6.63787966497462,normal,44eda033-50cf-4664-89ef-2aa88372c53f,1.0,0.2830026080236102,low
714,1776412478.339,-6.8866138,109.4370931,64.41584,6.5685876420592155,0.9869059129706849,7.6710114,0.0,6.962817299492387,normal,c72307ef-f384-4659-aded-5319b398f560,0.9725842833333334,0.3256516272812079,low
715,1776412483.0681999,-6.8866138,109.4370931,75.04451,7.652410354198428,3.277249746090279,7.6710114,2.6369998455047607,8.140350616161616,normal,c72307ef-f384-4659-aded-5319b398f560,0.9725842833333334,0.4210533868329849,medium
716,1776412486.656,-6.8866138,109.4370931,67.089966,6.841272605833797,1.3393956935741618,7.6710114,0.0,8.843223199009902,normal,c72307ef-f384-4659-aded-5319b398f560,0.9725842833333334,0.3568139542934167,medium
717,1776412492.710375,-6.8857338,109.4371825,91.51341,9.331770788189647,4.6308545224700435,9.76136,8.312000036239624,10.216283343434345,candidate,c72307ef-f384-4659-aded-5319b398f560,1.0,0.5605794663414697,medium
718,1776412501.2917144,-6.8849142,109.4374548,78.20651,7.974844620742047,4.237338927783125,10.267677,2.440999984741211,9.571038844999999,candidate,c72307ef-f384-4659-aded-5319b398f560,1.0,0.45967622955392895,medium
719,1776412506.889,-6.8849142,109.4374548,83.787125,8.54390898013083,4.604650626065457,10.267677,0.0,8.310171942857142,candidate,c72307ef-f384-4659-aded-5319b398f560,1.0,0.4522392792644825,medium
720,1776412515.2491431,-6.8839389,109.4376352,92.69572,9.45233285576624,7.389649571594298,10.232009000000001,6.315999984741211,9.696051256852792,candidate,c72307ef-f384-4659-aded-5319b398f560,1.0,0.5782227157140998,medium
721,1776412522.3000712,-6.8830409,109.4373532,91.75428,9.356332692611646,7.723349580178928,11.661129000000003,9.940000057220459,6.755648823232322,candidate,c72307ef-f384-4659-aded-5319b398f560,1.0,0.5791691261721985,medium
722,1776412530.7508,-6.8820589,109.4370739,66.01941,6.732106274823717,3.2248998877145394,10.772656,1.3310000896453857,10.11725245959596,normal,c72307ef-f384-4659-aded-5319b398f560,1.0,0.4028490813718516,medium
723,1776412536.9450002,-6.8820589,109.4370739,80.91064,8.250589141042049,3.7671332589457225,10.772656,1.8859999179840088,9.482817511675128,normal,c72307ef-f384-4659-aded-5319b398f560,1.0,0.45788090926244573,medium
724,1776412541.706,-6.881521,109.4367362,81.61444,8.322356768111435,4.324918261384399,7.7778296,7.868000030517578,9.592697050761423,candidate,c72307ef-f384-4659-aded-5319b398f560,0.9814858,0.5114032865702303,medium
725,1776412548.3804998,-6.881521,109.4367362,72.52108,7.395092105866937,3.785329484379464,7.7778296,0.003000020980834961,9.765035796954313,normal,c72307ef-f384-4659-aded-5319b398f560,0.9814858,0.4152883063035959,medium
726,1776412549.5828571,-6.8814003,109.435865,84.530014,8.619662575905126,4.090603515911313,7.1789694,1.560999870300293,7.795786983838385,candidate,c72307ef-f384-4659-aded-5319b398f560,0.9315807833333334,0.4452828688893595,medium
727,1776412554.5467143,-6.8814003,109.435865,88.49977,9.024465031381768,6.0784799724991485,7.1789694,2.25600004196167,10.430945589847715,candidate,c72307ef-f384-4659-aded-5319b398f560,0.9315807833333334,0.5134346542267471,medium
728,1776412575.2226844,-6.8814168,109.4346743,83.81108,8.54635171031902,4.968005361630313,8.294653000000002,5.822000026702881,8.899348898477156,candidate,c72307ef-f384-4659-aded-5319b398f560,1.0,0.5071712553278417,medium
729,1776412581.2845001,-6.880461,109.4347438,76.0587,7.755828952802435,3.320760019869888,11.002100999999998,6.83299994468689,8.397911676530612,normal,c72307ef-f384-4659-aded-5319b398f560,1.0,0.4638388625903512,medium
730,1776412593.2312498,-6.8797336,109.4348053,71.43748,7.284595657028649,2.808883647855051,6.411637,2.7929999828338623,7.088081331658291,normal,c72307ef-f384-4659-aded-5319b398f560,0.8676364166666666,0.3786350744451275,medium
731,1776412599.3623333,-6.8791605,109.4350235,64.46966,6.574075754717463,3.1389205545062397,6.8449836,0.21300005912780762,8.665390471794872,normal,c72307ef-f384-4659-aded-5319b398f560,0.9037486333333333,0.3597731469437876,medium
732,1776412604.4804,-6.8791605,109.4350235,78.87823,8.043340998200202,3.3105019704343928,6.844983600000001,2.9010000228881836,7.277912412182741,normal,c72307ef-f384-4659-aded-5319b398f560,0.9037486333333333,0.4178912104524987,medium
733,1776412612.56125,-6.8786107,109.4353168,77.50079,7.902881208159769,3.102781375703704,6.904663,2.3310000896453857,7.3460694,normal,c72307ef-f384-4659-aded-5319b398f560,0.9087219166666667,0.4077067818276039,medium
734,1776412636.4194999,-6.877619,109.4359866,63.220844,6.446731962494838,3.2328501397822342,8.219899,0.0010001659393310547,7.735993989898989,normal,c72307ef-f384-4659-aded-5319b398f560,1.0,0.3607231519238968,medium
735,1776412641.794857,-6.8772433,109.4365778,85.8433,8.75358047855282,4.683577509834229,6.794964,0.684999942779541,11.852067017525776,candidate,c72307ef-f384-4659-aded-5319b398f560,0.8995803333333334,0.48391423953151724,medium
736,1776412647.7054,-6.8772433,109.4365778,80.17514,8.175589013577522,4.5271148764759666,6.794964,0.48799991607666016,9.313504664948454,candidate,c72307ef-f384-4659-aded-5319b398f560,0.8995803333333334,0.4373356958041708,medium
737,1776412653.058,-6.876786,109.4369846,71.02977,7.2430208073093265,0.2478536570488723,6.9692397,0.0,8.267057469387755,normal,c72307ef-f384-4659-aded-5319b398f560,0.9141033083333334,0.34240111393899775,low
738,1776412657.2763333,-6.876786,109.4369846,92.67227,9.449941621246808,7.157303571242021,6.9692397,2.8910000324249268,12.11889847208122,candidate,c72307ef-f384-4659-aded-5319b398f560,0.9141033083333334,0.5590173132648077,medium
739,1776412664.2466667,-6.8762402,109.4372783,74.43387,7.590142403369143,3.727197891198729,6.1419387,0.312999963760376,10.495698722222224,normal,c72307ef-f384-4659-aded-5319b398f560,0.8451615583333334,0.4098719094553508,medium
740,1776412667.06625,-6.8762402,109.4372783,79.872574,8.144735868007935,4.438079993275246,6.1419387,0.309999942779541,8.524040775510205,candidate,c72307ef-f384-4659-aded-5319b398f560,0.8451615583333334,0.4182052422242203,medium
741,1776412676.8295,-6.8758444,109.4377816,79.67545,8.124634814131227,4.091902457464774,7.5197673,0.25800013542175293,10.185597296482412,candidate,c72307ef-f384-4659-aded-5319b398f560,0.9599806083333333,0.4458561218177682,medium
742,1776412682.03,-6.8754456,109.438225,79.978676,8.155555260970871,3.4017248953196524,7.438505,4.139999866485596,8.620833202020203,normal,c72307ef-f384-4659-aded-5319b398f560,0.9532087499999999,0.45239944420101463,medium
743,1776412688.2546666,-6.8754456,109.438225,77.98692,7.952452672421265,3.3815532806223088,7.438505,1.6850001811981201,8.550187757575758,normal,c72307ef-f384-4659-aded-5319b398f560,0.9532087499999999,0.42589153564810467,medium
744,1776412694.4463634,-6.8747548,109.4384443,91.7392,9.354794960562476,5.607725653333426,8.720528,9.20300006866455,10.37833954404145,candidate,c72307ef-f384-4659-aded-5319b398f560,1.0,0.5817536974263652,medium
745,1776412704.517683,-6.8738975,109.4385554,92.22336,9.404165540730016,8.03976244261976,10.212739,9.669000148773193,11.882211463212435,high_conf,c72307ef-f384-4659-aded-5319b398f560,1.0,0.6311577001213022,medium
746,1776412711.5955558,-6.8729556,109.4387181,86.61371,8.832140435316852,5.292550350551826,10.441877,3.9060001373291016,8.050910551546393,candidate,c72307ef-f384-4659-aded-5319b398f560,1.0,0.49781041334835857,medium
747,1776412717.8856668,-6.8729556,109.4387181,67.05662,6.83787226015,3.2419054415623,10.441877,2.9030001163482666,8.213597219095478,normal,c72307ef-f384-4659-aded-5319b398f560,1.0,0.40059582469547556,medium
748,1776412719.597,-6.8718913,109.4388723,63.246056,6.449302871010999,1.478183361208785,9.88155,0.0,7.691304585,normal,c72307ef-f384-4659-aded-5319b398f560,1.0,0.3387808478276962,low
749,1776412721.738,-6.8718913,109.4388723,66.59674,6.790977550947571,1.6550878940973197,9.88155,0.0,8.398780930612245,normal,c72307ef-f384-4659-aded-5319b398f560,1.0,0.35893881161708097,medium
750,1776412728.8973334,-6.8718913,109.4388723,78.48133,8.002868461707108,3.682716428169905,9.88155,0.5,10.583823211055277,normal,c72307ef-f384-4659-aded-5319b398f560,1.0,0.44844241239784105,medium
751,1776412735.1599581,-6.871535,109.4391143,89.6312,9.139838782866729,4.844596538041764,7.858962000000001,9.471999883651733,8.821089752040818,candidate,c72307ef-f384-4659-aded-5319b398f560,0.9882468333333334,0.550812431591875,medium
752,1776412744.1153889,-6.8716767,109.44008,93.70292,9.555038672737378,6.119308324948273,11.831920000000004,9.454999923706055,8.67144033034826,candidate,c72307ef-f384-4659-aded-5319b398f560,1.0,0.5804141882202235,medium
753,1776412754.8585882,-6.8718517,109.4410333,94.0063,9.585974823206701,6.553531214066964,10.698502000000001,9.861000061035156,11.774592279187816,candidate,c72307ef-f384-4659-aded-5319b398f560,1.0,0.6193215440524096,medium
754,1776412763.651625,-6.8721567,109.4420283,87.884476,8.961722504626964,5.11213820513858,12.225682,8.014999866485596,10.6698064,candidate,c72307ef-f384-4659-aded-5319b398f560,1.0,0.5563075117783929,medium
755,1776412775.250926,-6.8725567,109.44295,113.872925,11.611806784171964,9.839459267261272,8.278792000000001,8.627000093460083,10.4967349035533,high_conf,c72307ef-f384-4659-aded-5319b398f560,1.0,0.7049976675723879,high
756,1776412784.582818,-6.8726867,109.4437067,92.42423,9.424648580300103,6.91745621006957,8.644245,10.009000062942505,13.550994095959593,candidate,c72307ef-f384-4659-aded-5319b398f560,1.0,0.6364570146145822,medium
757,1776412795.0042918,-6.8728333,109.4445817,104.52221,10.658299215328375,8.848159459942222,10.803505,9.690000057220459,13.831549108247422,high_conf,c72307ef-f384-4659-aded-5319b398f560,1.0,0.7011293646314604,high
758,1776412805.1213412,-6.8729683,109.445525,113.31921,11.555343567885059,13.335557372637496,8.971608,9.51800012588501,10.315881351515152,high_conf,c72307ef-f384-4659-aded-5319b398f560,1.0,0.7513040097665246,high
759,1776412811.8615384,-6.8731217,109.446285,107.11804,10.923000209041824,6.276738447548616,8.331294,2.3359999656677246,12.07132573979592,high_conf,c72307ef-f384-4659-aded-5319b398f560,1.0,0.6049469828880123,medium
760,1776412818.1164548,-6.8731217,109.446285,85.08413,8.676166682812173,5.1210761642146565,8.331294,4.42300009727478,7.408086416080402,candidate,c72307ef-f384-4659-aded-5319b398f560,1.0,0.4884371899645288,medium
761,1776412823.3366952,-6.8732283,109.4469633,96.881935,9.87920798641738,7.124030843571373,8.013710000000001,8.684000015258789,9.04328993939394,candidate,c72307ef-f384-4659-aded-5319b398f560,1.0,0.6010692173960938,medium
762,1776412833.1706667,-6.8733691,109.4477908,68.00276,6.934351689924694,3.2807409351299746,10.2491865,3.701000213623047,8.193859744444445,normal,c72307ef-f384-4659-aded-5319b398f560,1.0,0.4102097655243847,medium
763,1776412843.9846,-6.873462,109.4486289,74.81245,7.628746819760061,3.396999751504075,7.996289299999999,1.7910001277923584,6.970568873737374,normal,c72307ef-f384-4659-aded-5319b398f560,0.9996907749999999,0.4082135708187948,medium
764,1776412849.2616,-6.873462,109.4486289,86.69714,8.840647927681728,4.620951414312588,7.996289299999999,0.6040000915527344,10.716735403045684,candidate,c72307ef-f384-4659-aded-5319b398f560,0.9996907749999999,0.4896464141291737,medium
765,1776412851.9760997,-6.8734816,109.4493523,86.093475,8.779091228910994,4.711735239642213,7.165779599999999,2.4830000400543213,11.122781959183673,candidate,c72307ef-f384-4659-aded-5319b398f560,0.9304816333333332,0.4966575291527522,medium
766,1776412856.9682498,-6.8734816,109.4493523,84.19922,8.585930975409545,4.064346552345317,7.1657796,0.3989999294281006,9.761275195939087,candidate,c72307ef-f384-4659-aded-5319b398f560,0.9304816333333332,0.45337486828463175,medium
767,1776412862.9455714,-6.8734981,109.4498329,113.24811,11.548093385610786,12.505092653105883,5.384808,3.4000000953674316,7.935796223232324,high_conf,c72307ef-f384-4659-aded-5319b398f560,0.7820673333333332,0.6385188601198604,medium
768,1776412877.636889,-6.8735207,109.4502335,90.507286,9.229174692683026,6.863727966614609,5.2128153,3.195000171661377,7.993540636734693,candidate,c72307ef-f384-4659-aded-5319b398f560,0.7677346083333334,0.4893940706250717,medium
769,1776412880.49,-6.8735509,109.4509692,64.29487,6.556252135030822,1.7847765728954001,8.772349,0.0,6.718882613402063,normal,c72307ef-f384-4659-aded-5319b398f560,1.0,0.3368642991279346,low
770,1776412885.2652001,-6.8735509,109.4509692,92.12807,9.394448664936547,8.080796328420005,8.772349,0.505000114440918,13.212656369387755,high_conf,c72307ef-f384-4659-aded-5319b398f560,1.0,0.5734482920059951,medium
771,1776412889.7354283,-6.8735509,109.4509692,103.504684,10.554540439395717,6.129335263283349,8.772349,0.9060001373291016,14.800474763819096,high_conf,c72307ef-f384-4659-aded-5319b398f560,1.0,0.6058461252667191,medium
772,1776412892.659,-6.873632,109.4518159,95.76303,9.765111429489174,6.021507959390239,8.766832,3.620999813079834,12.702055616161616,candidate,c72307ef-f384-4659-aded-5319b398f560,1.0,0.5794669912442999,medium
773,1776412899.43675,-6.873632,109.4518159,97.23445,9.915154512499171,5.9618937029269485,8.766832,1.752000093460083,10.873502222222223,candidate,c72307ef-f384-4659-aded-5319b398f560,1.0,0.5519689854491647,medium
774,1776412902.6129336,-6.8735018,109.4521896,104.81793,10.688454263178558,6.929454924174776,5.722699599999999,3.951000213623047,8.073323815,high_conf,c72307ef-f384-4659-aded-5319b398f560,0.8102249666666665,0.5512988010596318,medium
775,1776412908.0706666,-6.8735018,109.4521896,64.16549,6.543059046667313,3.0013321289783144,5.722699600000001,0.46000003814697266,9.81045878974359,normal,c72307ef-f384-4659-aded-5319b398f560,0.8102249666666668,0.35578372506691897,medium
776,1776412916.6418333,-6.8726275,109.4523298,89.04386,9.079946770813683,5.270478108774233,9.534370000000001,6.911999940872192,12.376684464646463,candidate,c72307ef-f384-4659-aded-5319b398f560,1.0,0.5698524049655309,medium
777,1776412925.5934665,-6.8722091,109.4524057,99.12951,10.108396853155767,6.240278184732934,3.8774889999999997,9.019999980926514,13.105419769230767,high_conf,c72307ef-f384-4659-aded-5319b398f560,0.6564574166666667,0.5873182145665307,medium
778,1776412933.578,-6.872182,109.452411,38.47483,3.923340794256958,3.0195362717652956,0.9597185,0.0,7.639991277777778,normal,c72307ef-f384-4659-aded-5319b398f560,0.3,0.16892002283858149,low
779,1776412937.5575,-6.872182,109.452411,69.436584,7.080561047860381,1.6031078415748423,0.9597185,0.36300015449523926,9.602704272081219,normal,c72307ef-f384-4659-aded-5319b398f560,0.3,0.27706031060294134,low
780,1776412953.9512,-6.870026,109.4526214,91.445145,9.324809695461752,6.056149831099789,12.148663,3.2079999446868896,5.343429416243656,candidate,c72307ef-f384-4659-aded-5319b398f560,1.0,0.4924263307591322,medium
781,1776412991.9712002,-6.8651228,109.453021,84.81189,8.648405928630064,4.737206219525914,14.353835,1.185999870300293,11.137950715151518,candidate,c72307ef-f384-4659-aded-5319b398f560,1.0,0.4932516095007207,medium
782,1776412995.284,-6.8651228,109.453021,71.03633,7.24368974114504,2.673657291549583,14.353835,0.0,7.016757798969072,normal,c72307ef-f384-4659-aded-5319b398f560,1.0,0.3733104088337153,medium
783,1776413000.5833333,-6.8651228,109.453021,98.33538,10.027418129534551,6.277215172105382,14.353834999999998,0.2239999771118164,12.256476196938776,high_conf,c72307ef-f384-4659-aded-5319b398f560,1.0,0.5609086816769163,medium
784,1776413000.928,-6.8640626,109.4530938,96.97412,9.888608240326718,4.8806169175991485,9.30169,0.006000041961669922,13.964046263681592,candidate,c72307ef-f384-4659-aded-5319b398f560,1.0,0.5536507318945635,medium
785,1776413012.8551667,-6.8631877,109.4531627,73.89739,7.535436667975303,4.483326704796339,11.163759,2.620000123977661,7.541090239795919,candidate,c72307ef-f384-4659-aded-5319b398f560,1.0,0.43033817497233723,medium
786,1776413019.7094545,-6.8631877,109.4531627,89.40887,9.11716743230359,5.670069723634866,11.163759,4.202000141143799,9.52654614153846,candidate,c72307ef-f384-4659-aded-5319b398f560,1.0,0.5281280919919805,medium
787,1776413021.037,-6.8623057,109.4532228,33.033367,3.368465989915007,3.96660711971075,6.7812223,0.0,8.709086147959184,normal,c72307ef-f384-4659-aded-5319b398f560,0.8984351916666666,0.2621685381203366,low
788,1776413026.5384285,-6.8623057,109.4532228,74.73494,7.620842999393269,3.871618614029538,6.781222299999998,0.7680001258850098,10.240324062311558,normal,c72307ef-f384-4659-aded-5319b398f560,0.8984351916666664,0.4217331084358343,medium
789,1776413032.095,-6.8619099,109.4532567,71.97079,7.338978142382975,1.3125472433164074,4.8291683,0.5180001258850098,8.341040598984772,normal,c72307ef-f384-4659-aded-5319b398f560,0.735764025,0.3366070126491668,low
790,1776413035.943,-6.8619099,109.4532567,69.69249,7.1066561975802145,3.7287771591495313,4.8291683,1.301999807357788,4.867105196969696,normal,c72307ef-f384-4659-aded-5319b398f560,0.735764025,0.33177777437219064,low
791,1776413043.5458,-6.8618712,109.4532612,94.97358,9.684609933055631,3.8312498262846617,3.2473814000000005,1.6329998970031738,9.86907074242424,candidate,c72307ef-f384-4659-aded-5319b398f560,0.6039484500000001,0.44829339357208836,medium
792,1776413063.552143,-6.8603867,109.4533683,82.6793,8.430942268766602,4.423065599219618,8.2633505,1.1979999542236328,11.164648365979383,candidate,c72307ef-f384-4659-aded-5319b398f560,1.0,0.4825554464704831,medium
793,1776413068.4908001,-6.8603867,109.4533683,77.31389,7.883822712139212,4.52387691871806,8.2633505,2.2219998836517334,8.414230181,candidate,c72307ef-f384-4659-aded-5319b398f560,1.0,0.4475477479467105,medium
794,1776413074.211,-6.859715,109.4534417,65.18174,6.646687706811195,1.8731869103048688,9.576921,0.5019998550415039,9.158229354545455,normal,c72307ef-f384-4659-aded-5319b398f560,1.0,0.36792429879220745,medium
795,1776413082.928,-6.8588283,109.4534867,64.95102,6.623160814345368,0.9189201640036528,9.847666,0.0,8.294566116161615,normal,c72307ef-f384-4659-aded-5319b398f560,1.0,0.34335320274381587,low
796,1776413087.355,-6.8588283,109.4534867,76.416916,7.792356819097246,2.6079826869387976,9.847666,0.0,7.533240673366834,normal,c72307ef-f384-4659-aded-5319b398f560,1.0,0.39550190171683064,medium
797,1776413092.8695457,-6.8578714,109.4535036,110.41386,11.259080317947516,10.732185307563775,7.912289,2.504999876022339,10.479389494358974,high_conf,c72307ef-f384-4659-aded-5319b398f560,0.99269075,0.655983904700146,high
798,1776413096.33875,-6.8578714,109.4535036,68.119995,6.946306332947541,3.3611252498101374,7.912289,0.5329999923706055,9.38160531,normal,c72307ef-f384-4659-aded-5319b398f560,0.99269075,0.39738305086073233,medium
799,1776413099.16075,-6.8578714,109.4535036,98.45706,10.039826036414066,5.7028770269453695,7.912289,0.312000036239624,9.757064588832488,high_conf,c72307ef-f384-4659-aded-5319b398f560,0.99269075,0.5301349886952871,medium
800,1776413104.1354,-6.8573752,109.4534641,89.17948,9.09377616209409,5.3195192711535215,6.420327,1.3560001850128174,9.176066964285715,candidate,c72307ef-f384-4659-aded-5319b398f560,0.8683605833333334,0.4780765098352132,medium
801,1776413108.706083,-6.8573752,109.4534641,125.78913,12.82692152773883,9.988083813318498,6.420327,2.5230000019073486,14.295564301020407,high_conf,c72307ef-f384-4659-aded-5319b398f560,0.8683605833333334,0.7162243361156615,high
802,1776413120.1641002,-6.8566992,109.4534263,97.22324,9.914011410624424,5.294316923214693,7.817662199999999,2.118000030517578,7.90060581218274,candidate,c72307ef-f384-4659-aded-5319b398f560,0.9848051833333333,0.5160679403156475,medium
803,1776413122.297,-6.8561312,109.4534072,101.19695,10.319217061891676,8.602539218933051,5.442369,1.0450000762939453,15.831402206030154,high_conf,c72307ef-f384-4659-aded-5319b398f560,0.7868640833333334,0.6073933309926833,medium
804,1776413126.8846002,-6.8561312,109.4534072,80.679535,8.227022989502021,5.202049754478998,5.442369,1.7969999313354492,5.210274236363637,candidate,c72307ef-f384-4659-aded-5319b398f560,0.7868640833333334,0.4016038428120629,medium
805,1776413131.263,-6.8561312,109.4534072,60.76754,6.196564576078478,2.397788876170606,5.442369,0.0,5.233358123711341,normal,c72307ef-f384-4659-aded-5319b398f560,0.7868640833333334,0.28648751672805406,low
806,1776413133.229,-6.8557713,109.4533684,66.62071,6.79342181071008,2.702786121915913,2.64253,0.4960000514984131,6.756661039393941,normal,c72307ef-f384-4659-aded-5319b398f560,0.5535441666666666,0.29319422484662266,low
807,1776413137.969,-6.8557713,109.4533684,81.63405,8.324356431605086,4.727496363744636,2.64253,2.4730000495910645,5.361999265326632,candidate,c72307ef-f384-4659-aded-5319b398f560,0.5535441666666666,0.3706162323535727,medium
808,1776413152.274,-6.8549632,109.4533097,66.67349,6.798803872882178,1.8468223065664031,3.2513285,0.0,5.6606998263959385,normal,c72307ef-f384-4659-aded-5319b398f560,0.604277375,0.2762407632680416,low
809,1776413159.9583333,-6.8549632,109.4533097,79.968254,8.154492512733707,4.105947463855023,3.2513285,0.32200002670288086,6.823568561224489,candidate,c72307ef-f384-4659-aded-5319b398f560,0.604277375,0.3622782108103127,medium
810,1776413177.87625,-6.8543239,109.4533039,74.26388,7.572808247464731,4.370077115534691,4.429571,0.7139999866485596,9.599761157788944,candidate,c72307ef-f384-4659-aded-5319b398f560,0.70246425,0.39039922164473145,medium
811,1776413183.4394999,-6.854138,109.453382,74.61041,7.608144473393056,3.5294195101441628,2.1988869,0.004999876022338867,5.7412296739999995,normal,c72307ef-f384-4659-aded-5319b398f560,0.5165739083333334,0.3113003140554332,low
812,1776413202.164,-6.853535,109.4532156,101.856606,10.386483253710493,5.210248362784159,2.440434,0.0,7.154593915422886,high_conf,c72307ef-f384-4659-aded-5319b398f560,0.5367028333333334,0.4400392036587343,medium
813,1776413208.1444445,-6.853535,109.4532156,81.4606,8.306669453890983,4.481490130609046,2.440434,4.0950000286102295,6.7676371928934005,candidate,c72307ef-f384-4659-aded-5319b398f560,0.5367028333333334,0.39028397007335686,medium
814,1776413215.01125,-6.8532395,109.4532323,85.34967,8.70324422713159,4.805719179692307,2.1905641999999994,4.119999885559082,10.510212295384614,candidate,c72307ef-f384-4659-aded-5319b398f560,0.51588035,0.4399090439490204,medium
815,1776413284.7375002,-6.8473373,109.4532479,70.97354,7.237286943043752,3.783205401900451,7.5048265,0.003000020980834961,7.341291162436549,normal,c72307ef-f384-4659-aded-5319b398f560,0.9587355416666667,0.38366511124168345,medium
816,1776413312.548,-6.846208,109.4530942,88.36537,9.010760045479344,5.267461422349242,0.26508996,0.0,6.273416444444446,candidate,c72307ef-f384-4659-aded-5319b398f560,0.3,0.3514918275109063,medium
817,1776413318.0636666,-6.8462022,109.4530958,86.86083,8.857339662371963,4.1673230062145405,1.6511335,2.76200008392334,5.182420832,candidate,c72307ef-f384-4659-aded-5319b398f560,0.3,0.34379720699999855,low
818,1776413323.803,-6.8460321,109.4530811,71.92747,7.334560731748355,1.0523827916477209,2.2006307,0.0,7.444316652525251,normal,c72307ef-f384-4659-aded-5319b398f560,0.516719225,0.28791593741816923,low
819,1776413326.3135,-6.8460321,109.4530811,70.357735,7.174492308790464,2.687485462245333,2.2006307,0.7809998989105225,8.902805153061225,normal,c72307ef-f384-4659-aded-5319b398f560,0.516719225,0.32259441337190914,low
820,1776413331.0275712,-6.8460321,109.4530811,73.83487,7.529061402211765,4.187614770583314,2.2006307,2.4059998989105225,8.584631494949495,candidate,c72307ef-f384-4659-aded-5319b398f560,0.516719225,0.36224272904101246,medium
821,1776413333.9587498,-6.8448649,109.4528856,83.90414,8.555841189396991,4.100225146638292,7.381310499999999,3.5820000171661377,8.62480424242424,candidate,c72307ef-f384-4659-aded-5319b398f560,0.9484425416666666,0.4692333808888515,medium
822,1776413340.6066666,-6.8448649,109.4528856,89.24166,9.100116757506386,4.476130905931065,7.3813105,3.2790000438690186,9.783620725888325,candidate,c72307ef-f384-4659-aded-5319b398f560,0.9484425416666666,0.5004730105548083,medium
823,1776413349.1933334,-6.844221,109.452803,77.03024,7.8548984617580935,3.8448738835077556,7.430356,1.4119999408721924,9.61190527005076,normal,c72307ef-f384-4659-aded-5319b398f560,0.9525296666666667,0.43623813078033924,medium
824,1776413352.76,-6.844221,109.452803,73.75385,7.520799661454218,2.632060190053126,7.430356,0.0,8.329234212121213,normal,c72307ef-f384-4659-aded-5319b398f560,0.9525296666666667,0.38726380642439445,medium
825,1776413353.2389998,-6.8435197,109.4526504,67.13308,6.84566901031443,3.0229751953778927,8.364293,0.009999990463256836,8.453694358375635,normal,c72307ef-f384-4659-aded-5319b398f560,1.0,0.3781763371981985,medium
826,1776413377.6355,-6.8423479,109.4523818,75.40163,7.688826459596295,3.7616181643301796,7.6640472,0.11299991607666016,7.634038861928935,normal,c72307ef-f384-4659-aded-5319b398f560,0.9720039333333332,0.40390998769224795,medium
827,1776413381.556,-6.8423479,109.4523818,72.68606,7.411915383948648,1.8762599720337931,7.6640472,0.5320000648498535,8.848368162436548,normal,c72307ef-f384-4659-aded-5319b398f560,0.9720039333333332,0.38630484641733454,medium
828,1776413387.5950003,-6.8415711,109.4521877,79.378654,8.094370044816527,4.915879104787495,9.448044,0.8519999980926514,10.331219124489797,candidate,c72307ef-f384-4659-aded-5319b398f560,1.0,0.46695232542318077,medium
829,1776413391.5153332,-6.8415711,109.4521877,125.341644,12.781290654810768,13.66210944791154,9.448043999999998,0.5160000324249268,14.31788992039801,high_conf,c72307ef-f384-4659-aded-5319b398f560,1.0,0.7644531779000389,high
830,1776413396.68475,-6.8408155,109.4520171,81.776794,8.338912268715616,4.611327547362311,7.1978955,4.224999904632568,6.310241522613065,candidate,c72307ef-f384-4659-aded-5319b398f560,0.9331579583333334,0.44907806909549336,medium
831,1776413406.994,-6.8401166,109.4518017,72.828125,7.4264019823283185,3.9374886530788884,9.383689,0.006000041961669922,9.63898656060606,normal,c72307ef-f384-4659-aded-5319b398f560,1.0,0.41979933469271147,medium
832,1776413412.7426665,-6.8401166,109.4518017,81.375305,8.297971784452388,4.3879454489561525,9.383689,0.4200000762939453,8.781055413265305,candidate,c72307ef-f384-4659-aded-5319b398f560,1.0,0.4491529190107293,medium
833,1776413417.7907996,-6.8394294,109.4516,109.95153,11.211935778272908,7.11088450721832,6.5210156,1.9449999332427979,11.290357928205127,high_conf,c72307ef-f384-4659-aded-5319b398f560,0.8767513,0.5958474547581667,medium
834,1776413425.6104999,-6.8388846,109.4514296,84.06688,8.572436051046994,3.5115918956676544,7.422782,0.127000093460083,8.126341745454544,candidate,c72307ef-f384-4659-aded-5319b398f560,0.9518985,0.43174673055089097,medium
835,1776413431.9313333,-6.8388846,109.4514296,74.88016,7.635651318238136,3.256330476788635,7.422781999999999,1.7269999980926514,9.198738713541667,normal,c72307ef-f384-4659-aded-5319b398f560,0.9518985,0.42017242801677307,medium
836,1776413438.8071427,-6.8382885,109.4512137,95.15441,9.703049461334912,7.283732901361262,7.591617000000003,8.679999828338623,6.9127770964467,candidate,c72307ef-f384-4659-aded-5319b398f560,0.9659680833333335,0.5718890266039272,medium
837,1776413444.8688335,-6.8375779,109.4509267,75.07877,7.65590390194409,4.04327067903999,8.359172,2.8970000743865967,8.177107983919598,candidate,c72307ef-f384-4659-aded-5319b398f560,1.0,0.43705778955298974,medium
838,1776413456.4632502,-6.8371875,109.4507211,85.99566,8.76911687477375,4.442720657602164,3.6966174,0.8389999866485596,9.039232699497486,candidate,c72307ef-f384-4659-aded-5319b398f560,0.6413847833333334,0.4172516597544433,medium
839,1776413472.129222,-6.8371587,109.4507133,88.56774,9.031396042481378,4.743184815444156,3.447079,1.7149999141693115,9.9899835,candidate,c72307ef-f384-4659-aded-5319b398f560,0.6205899166666666,0.4422375886381047,medium
840,1776413475.093,-6.8369955,109.4508509,72.91688,7.435452473576604,3.166080237010348,2.825318,2.249000072479248,7.242584300507615,normal,c72307ef-f384-4659-aded-5319b398f560,0.5687765,0.3404591374149307,low
841,1776413481.7625,-6.8369955,109.4508509,93.94387,9.579608734889081,6.048785508700074,2.825318,2.1080000400543213,13.68062697948718,candidate,c72307ef-f384-4659-aded-5319b398f560,0.5687765,0.5066347292104428,medium
842,1776413488.1120858,-6.8368948,109.4510861,95.62088,9.750616163521693,7.473454412551219,2.4950926000000004,9.690000057220459,8.982888060913705,candidate,c72307ef-f384-4659-aded-5319b398f560,0.5412577166666667,0.5394829528185034,medium
843,1776413498.389533,-6.8367664,109.4513133,88.8296,9.058098331234419,6.057225232496105,2.2013400000000005,8.656000137329102,7.866961604166668,candidate,c72307ef-f384-4659-aded-5319b398f560,0.5167783333333333,0.47699610433021156,medium
844,1776413504.1529999,-6.8363089,109.4522048,84.438354,8.610315857096971,5.554685495673678,3.2867415,0.009999990463256836,9.649920773869347,candidate,c72307ef-f384-4659-aded-5319b398f560,0.6072284583333334,0.41998541279630014,medium
845,1776413514.8846862,-6.8362953,109.4522306,107.56172,10.968242977979228,7.085184435992563,2.7838273313253015,16.628999948501587,7.955075651515153,high_conf,c72307ef-f384-4659-aded-5319b398f560,0.5653189442771085,0.6221333172788147,medium
846,1776413529.904333,-6.8359212,109.4529991,72.02029,7.3440257376372164,3.9384357241049726,4.2436395,1.624000072479248,7.124081394949496,normal,c72307ef-f384-4659-aded-5319b398f560,0.6869699583333333,0.35874525006692803,medium
847,1776413532.687,-6.8359212,109.4529991,59.77222,6.095070181968358,3.2646149917046112,4.2436395,0.026000022888183594,6.7052962625,normal,c72307ef-f384-4659-aded-5319b398f560,0.6869699583333333,0.2929775064102577,low
848,1776413539.6897333,-6.8359085,109.4530313,89.91141,9.168412250870583,3.747719929274498,2.5709443000000003,6.430000066757202,9.7672502,candidate,c72307ef-f384-4659-aded-5319b398f560,0.5475786916666667,0.4577200931222301,medium
849,1776413544.341,-6.8352077,109.4546614,61.416164,6.262705816971137,2.250237686097851,10.929057,0.0,7.517865787878788,normal,c72307ef-f384-4659-aded-5319b398f560,1.0,0.34048193980739005,low
850,1776413669.2337272,-6.8348661,109.4553644,97.56809,9.949176324228967,9.080705878844178,0.00244016,5.996000051498413,11.243549418367348,high_conf,40a7a6c4-b8d9-447a-ba96-8503647f43bb,0.3,0.5226376851797083,medium
851,1776413678.6654212,-6.8325817,109.4598817,91.67049,9.347788490463104,7.895536215989387,5.123545000000001,8.976999998092651,10.208838690816327,candidate,40a7a6c4-b8d9-447a-ba96-8503647f43bb,0.7602954166666667,0.5703786020549202,medium
852,1776413689.1299627,-6.8323617,109.460395,100.434204,10.24143861563327,7.195111030892782,4.655147600000001,9.680999994277954,12.523210522842641,high_conf,40a7a6c4-b8d9-447a-ba96-8503647f43bb,0.7212623000000001,0.6127465842673057,medium
853,1776413694.3165,-6.8321683,109.4609,115.26196,11.753448935161346,14.530102821884341,5.9769545,0.19700002670288086,13.64407956852792,high_conf,40a7a6c4-b8d9-447a-ba96-8503647f43bb,0.831412875,0.7070919108771793,high
854,1776413699.3612726,-6.8321683,109.4609,96.91995,9.883084437601017,8.975754282409584,5.9769545,3.5849997997283936,13.050325830000002,high_conf,40a7a6c4-b8d9-447a-ba96-8503647f43bb,0.831412875,0.5974559164156326,medium
855,1776413704.244,-6.832005,109.461255,44.28982,4.516304752387411,4.007696650770802,4.4667597,0.0,10.002612646464648,candidate,40a7a6c4-b8d9-447a-ba96-8503647f43bb,0.7055633083333334,0.283879643537356,low
856,1776413710.39325,-6.832005,109.461255,90.554,9.233938195000333,6.5152326806588805,4.4667597,2.431999921798706,11.57717907142857,candidate,40a7a6c4-b8d9-447a-ba96-8503647f43bb,0.7055633083333334,0.5040397354212117,medium
857,1776413715.96475,-6.8317417,109.46172,94.68676,9.655362432634998,7.622283381494847,5.8750396,0.4120001792907715,11.708044686432158,candidate,40a7a6c4-b8d9-447a-ba96-8503647f43bb,0.8229199666666667,0.5348723804566745,medium
858,1776413719.35,-6.8317417,109.46172,22.975853,2.342884981109757,3.833282689097068,5.8750396,0.0,7.257829043076923,normal,40a7a6c4-b8d9-447a-ba96-8503647f43bb,0.8229199666666667,0.20160277460645804,low
859,1776413723.544,-6.8317417,109.46172,58.558136,5.971268068096649,4.344816679479268,5.8750396,0.0,11.147230918367345,candidate,40a7a6c4-b8d9-447a-ba96-8503647f43bb,0.8229199666666667,0.36449042526675035,medium
860,1776413725.1984286,-6.8315033,109.4621567,98.023575,9.995622868155792,6.823792407912646,5.4251723,2.7140002250671387,12.78260343718593,candidate,40a7a6c4-b8d9-447a-ba96-8503647f43bb,0.7854310250000001,0.5585469002809381,medium
861,1776413730.7577999,-6.8315033,109.4621567,92.2518,9.407065613639725,6.010499507621338,5.4251723,2.2739999294281006,12.168887803030305,candidate,40a7a6c4-b8d9-447a-ba96-8503647f43bb,0.7854310250000001,0.5199141214686084,medium
862,1776413736.1271248,-6.8311626,109.4626186,92.08224,9.38977530553247,5.927204567970896,5.300893,3.197000026702881,10.41546556060606,candidate,40a7a6c4-b8d9-447a-ba96-8503647f43bb,0.7750744166666668,0.5072435545349098,medium
863,1776413742.0308335,-6.8311626,109.4626186,108.05836,11.018886163980564,9.224982700873008,5.300893000000001,3.9240000247955322,14.391510348717949,high_conf,40a7a6c4-b8d9-447a-ba96-8503647f43bb,0.7750744166666668,0.6448716034789559,medium
864,1776413747.7298124,-6.8308549,109.4630619,106.183075,10.827660312135134,10.095041892648663,6.4864845,7.9709999561309814,11.778926294416241,high_conf,40a7a6c4-b8d9-447a-ba96-8503647f43bb,0.8738737083333334,0.6704595281476153,high
865,1776413758.9492002,-6.8305467,109.4635633,86.80029,8.851166300418594,5.3974264730560515,7.265818999999999,1.6720001697540283,12.136859102564104,candidate,40a7a6c4-b8d9-447a-ba96-8503647f43bb,0.93881825,0.5120993424657859,medium
866,1776413761.9155002,-6.8305467,109.4635633,84.45431,8.611942916286399,4.689887628833447,7.265819,0.004999876022338867,9.869332732323231,candidate,40a7a6c4-b8d9-447a-ba96-8503647f43bb,0.93881825,0.46117557295769745,medium
867,1776413769.2406666,-6.83023,109.464085,104.654854,10.671825139063799,7.782094618306902,6.2790966,9.536999940872192,13.023498328282828,high_conf,40a7a6c4-b8d9-447a-ba96-8503647f43bb,0.8565913833333334,0.6581059585119118,high
868,1776413776.0325,-6.829965,109.4645683,81.33198,8.29355386395966,4.568071497377886,6.1591663,0.30499982833862305,9.415913720812183,candidate,40a7a6c4-b8d9-447a-ba96-8503647f43bb,0.8465971916666666,0.43334746376235744,medium
869,1776413780.059143,-6.829965,109.4645683,95.743195,9.763088822380732,5.909607230467183,6.159166300000001,4.019999980926514,10.986781408163264,candidate,40a7a6c4-b8d9-447a-ba96-8503647f43bb,0.8465971916666668,0.5418212437921766,medium
870,1776413792.1325557,-6.8297144,109.4650709,92.293045,9.411271433160152,4.7436444112872005,6.026831,2.9010000228881836,9.61882715,candidate,40a7a6c4-b8d9-447a-ba96-8503647f43bb,0.83556925,0.4926305244427605,medium
871,1776413799.0619998,-6.8294935,109.4655221,83.4986,8.514487618095885,4.727594707664777,5.461398,0.5759999752044678,11.16344175510204,candidate,40a7a6c4-b8d9-447a-ba96-8503647f43bb,0.7884498333333334,0.45253051344239803,medium
872,1776413802.4903336,-6.8294935,109.4655221,90.56123,9.234675449822314,7.079324858456666,5.461398,1.5290000438690186,7.81458796969697,candidate,40a7a6c4-b8d9-447a-ba96-8503647f43bb,0.7884498333333334,0.4808218075704644,medium
873,1776413805.6888332,-6.8293177,109.4659107,100.11879,10.209275338673248,6.117798401283749,5.857365000000001,1.8259999752044678,10.824133816326533,high_conf,40a7a6c4-b8d9-447a-ba96-8503647f43bb,0.8214470833333334,0.5369107754052935,medium
874,1776413813.8335001,-6.8293177,109.4659107,90.224754,9.20036444657452,5.080111210761167,5.857365,0.6119999885559082,12.084021522842637,candidate,40a7a6c4-b8d9-447a-ba96-8503647f43bb,0.8214470833333334,0.4934537180874874,medium
875,1776413814.811,-6.829135,109.466285,86.053635,8.77502867951849,2.7308552553984806,4.7560334,0.0,6.631386228140704,candidate,40a7a6c4-b8d9-447a-ba96-8503647f43bb,0.7296694499999999,0.3803382890432824,medium
876,1776413822.4350002,-6.829135,109.466285,99.30972,10.126773159029842,5.920030407043428,4.7560334,1.1770000457763672,10.234128025252526,high_conf,40a7a6c4-b8d9-447a-ba96-8503647f43bb,0.7296694499999999,0.5074011664015048,medium
877,1776413829.6801665,-6.8290874,109.4663951,89.13405,9.089143591338532,6.5194164986815535,2.6276822,1.621000051498413,12.545311627551019,candidate,40a7a6c4-b8d9-447a-ba96-8503647f43bb,0.55230685,0.4792636190765093,medium
878,1776413832.6146667,-6.8290874,109.4663951,89.308075,9.10688920273488,4.604775072691536,2.6276822,1.24399995803833,11.47801623115578,candidate,40a7a6c4-b8d9-447a-ba96-8503647f43bb,0.55230685,0.4432656450200372,medium
879,1776413842.088,-6.8284314,109.4678833,91.78551,9.359517266344778,5.615930640625158,10.877279,0.3149998188018799,12.594194291457288,candidate,40a7a6c4-b8d9-447a-ba96-8503647f43bb,1.0,0.5346340813345604,medium
880,1776413858.1555,-6.8277433,109.4695017,99.762276,10.172921028077887,7.338165874144066,8.955652,0.004999876022338867,8.521190402985074,high_conf,40a7a6c4-b8d9-447a-ba96-8503647f43bb,1.0,0.5416709761443748,medium
881,1776413881.0955,-6.8268109,109.4702084,91.43984,9.324268736010769,7.2750904040237705,5.7945676,3.2230000495910645,11.094677146464647,candidate,40a7a6c4-b8d9-447a-ba96-8503647f43bb,0.8162139666666666,0.534481480375914,medium
882,1776413887.1791425,-6.8264256,109.4709843,105.968094,10.805738351016911,9.9592611208425,9.927378,1.7149999141693115,16.4779234695,high_conf,40a7a6c4-b8d9-447a-ba96-8503647f43bb,1.0,0.6833987080136172,high
883,1776413891.403,-6.8264256,109.4709843,55.44182,5.6534922731003965,4.314812023534455,9.927378,0.0,11.211731859296483,candidate,40a7a6c4-b8d9-447a-ba96-8503647f43bb,1.0,0.38080953777754545,medium
884,1776413894.2655,-6.8264256,109.4709843,80.147484,8.172768886418911,4.0496108942750615,9.927378,0.2369999885559082,10.671673304568529,candidate,40a7a6c4-b8d9-447a-ba96-8503647f43bb,1.0,0.4573732647902443,medium
885,1776413899.1504002,-6.8260655,109.4716114,90.29417,9.207442908638527,4.994312662638123,8.2691765,1.627000093460083,13.376230477157359,candidate,40a7a6c4-b8d9-447a-ba96-8503647f43bb,1.0,0.5394739880467174,medium
886,1776413903.548167,-6.8260655,109.4716114,91.096176,9.289224760749084,5.250820150309283,8.2691765,2.2160000801086426,12.217443082474228,candidate,40a7a6c4-b8d9-447a-ba96-8503647f43bb,1.0,0.5388755071215138,medium
887,1776413908.64655,-6.825711,109.4722645,105.50453,10.758467978361622,10.312872264447597,7.291923,8.20799994468689,9.176956436548222,high_conf,40a7a6c4-b8d9-447a-ba96-8503647f43bb,0.9409935833333334,0.6580816030888844,high
888,1776413926.9304001,-6.8251415,109.4732711,85.572235,8.725939541025733,5.480854149135888,8.02342,1.1200001239776611,9.641058932642487,candidate,40a7a6c4-b8d9-447a-ba96-8503647f43bb,1.0,0.4902636901101283,medium
889,1776413930.179,-6.8251415,109.4732711,49.831993,5.081449118710263,3.9945068203291694,8.02342,0.0,12.325791541538461,normal,40a7a6c4-b8d9-447a-ba96-8503647f43bb,1.0,0.36855419620489,medium
890,1776413932.25,-6.8251415,109.4732711,58.25491,5.940347621257005,4.202580809622374,8.02342,0.0,5.515092760606061,candidate,40a7a6c4-b8d9-447a-ba96-8503647f43bb,1.0,0.33488756703430206,low
891,1776413948.42825,-6.8244497,109.4744404,123.73699,12.61766148480878,13.430861594521822,9.309556,0.22899985313415527,13.283853994923858,high_conf,40a7a6c4-b8d9-447a-ba96-8503647f43bb,1.0,0.7441970215750314,high
892,1776413951.3335,-6.8244497,109.4744404,116.1303,11.841994972799071,8.498617262768029,9.309556,0.013000011444091797,8.337084190049751,high_conf,40a7a6c4-b8d9-447a-ba96-8503647f43bb,1.0,0.6093410595045224,medium
893,1776413972.0403125,-6.8241104,109.4750159,105.1712,10.72447777783443,8.483028492211597,2.8625748,4.2769999504089355,17.265128897959187,high_conf,40a7a6c4-b8d9-447a-ba96-8503647f43bb,0.5718812333333333,0.6255054078716208,medium
894,1776413979.4504871,-6.8236299,109.4758239,106.80982,10.89157051592542,8.038560943673703,6.2732614999999985,9.5239999294281,16.148942131979695,high_conf,40a7a6c4-b8d9-447a-ba96-8503647f43bb,0.8561051249999998,0.6979700158017688,high
895,1776413990.383128,-6.8233616,109.4762842,107.54391,10.966426863403916,9.901510232551018,6.159220699999998,9.871000051498413,16.102564766497462,high_conf,40a7a6c4-b8d9-447a-ba96-8503647f43bb,0.8466017249999997,0.7241729902141875,high
896,1776414000.6715312,-6.8231183,109.4766921,109.36289,11.151911203112174,9.66370651387189,4.903831,9.322999954223633,6.974902323857867,high_conf,40a7a6c4-b8d9-447a-ba96-8503647f43bb,0.7419859166666667,0.6209251953794107,medium
897,1776414010.2126248,-6.8229028,109.4770648,109.81354,11.197864714250025,9.382769629244079,5.2230177,9.855000019073486,11.422038180904522,high_conf,40a7a6c4-b8d9-447a-ba96-8503647f43bb,0.7685848083333333,0.669226698496379,high
898,1776414024.4790788,-6.8226226,109.4775229,119.55114,12.190823573799413,15.901685799231132,3.646286588235295,19.067999839782715,11.316717869346736,high_conf,40a7a6c4-b8d9-447a-ba96-8503647f43bb,0.6371905490196079,0.8323981276099537,high
899,1776414036.6415555,-6.8225617,109.4777041,90.66554,9.245312109639887,4.933147749761126,1.6107178,1.9680001735687256,11.630773514999998,candidate,40a7a6c4-b8d9-447a-ba96-8503647f43bb,0.3,0.4210469530965348,medium
900,1776414040.6981113,-6.8225617,109.4777041,96.29634,9.8194939148435,8.746352765197344,1.6107178,1.820000171661377,15.584589955000002,high_conf,40a7a6c4-b8d9-447a-ba96-8503647f43bb,0.3,0.5232681530312357,medium
901,1776414045.714,-6.8223926,109.4776971,66.53067,6.784240285928426,3.8629677208020725,1.9771558,0.0,11.546822232323231,normal,40a7a6c4-b8d9-447a-ba96-8503647f43bb,0.3,0.310734460903186,low
902,1776414052.2081852,-6.8223926,109.4776971,103.10764,10.514053218989156,8.635544441725663,1.9771557999999998,7.541999816894531,12.499850837563452,high_conf,40a7a6c4-b8d9-447a-ba96-8503647f43bb,0.3,0.5596018526297868,medium
903,1776414055.9745,-6.8222372,109.4777523,92.231224,9.404967445559901,6.59695932495845,2.5548666,0.5529999732971191,15.524248594871796,candidate,40a7a6c4-b8d9-447a-ba96-8503647f43bb,0.5462388833333334,0.5097524602330934,medium
904,1776414061.7444997,-6.8222372,109.4777523,102.50849,10.452956922088584,8.262823162562613,2.5548666,6.615999937057495,11.363601052040813,high_conf,40a7a6c4-b8d9-447a-ba96-8503647f43bb,0.5462388833333334,0.572038022175879,medium
905,1776414068.6985264,-6.8217733,109.4781458,100.08667,10.206000010197162,7.883801024354465,2.6272352,5.353000164031982,13.62319685786802,high_conf,40a7a6c4-b8d9-447a-ba96-8503647f43bb,0.5522696,0.5718335109585404,medium
906,1776414074.0825,-6.8217733,109.4781458,87.494896,8.921996400401769,5.166885529821736,2.6272352,1.7229998111724854,13.751420055276382,candidate,40a7a6c4-b8d9-447a-ba96-8503647f43bb,0.5522696,0.46931551070726923,medium
907,1776414082.1269116,-6.8217121,109.4783806,110.39687,11.257347820101668,9.374526765804315,1.918774,8.340999841690063,14.409127208121829,high_conf,40a7a6c4-b8d9-447a-ba96-8503647f43bb,0.3,0.6174699787541884,medium
908,1776414087.8605454,-6.8214183,109.4792533,99.516464,10.147855179903434,8.45491493308345,4.849198,4.118000030517578,14.478719340101524,high_conf,40a7a6c4-b8d9-447a-ba96-8503647f43bb,0.7374331666666667,0.6033272079754574,medium
909,1776414094.4197335,-6.8214183,109.4792533,108.838486,11.098436877017127,10.72450042995478,4.849198,3.3509998321533203,19.5946283989899,high_conf,40a7a6c4-b8d9-447a-ba96-8503647f43bb,0.7374331666666667,0.7052239410304791,high
910,1776414101.7300286,-6.8212958,109.4795995,97.192154,9.91084152080476,7.6160990071925285,3.7448595628571435,9.812000036239624,12.04344450253807,candidate,40a7a6c4-b8d9-447a-ba96-8503647f43bb,0.6454049635714286,0.5921008099803655,medium
911,1776414108.9115,-6.8212958,109.4795995,95.90483,9.7795710053892,6.330976489704413,2.0016453,0.008999824523925781,7.248211096446701,candidate,40a7a6c4-b8d9-447a-ba96-8503647f43bb,0.5001371083333334,0.4292793766494476,medium
912,1776417327.441,-6.9508967,109.49786,55.93153,5.703428795766139,0.33808929363224444,0.29339167,0.0,8.047540238578682,normal,2403297f-866d-495e-a41b-b29966866b69,0.3,0.19851590522692003,low
913,1776417330.8681428,-6.951125,109.4977733,68.34837,6.969594101961425,2.136501622871195,7.024414,4.625999927520752,7.690219602020203,normal,2403297f-866d-495e-a41b-b29966866b69,0.9187011666666667,0.3874371214071585,medium
914,1776417337.349,-6.951125,109.4977733,53.162567,5.421073149342538,1.6548731520384732,7.024414,1.3519999980926514,6.129704407035175,normal,2403297f-866d-495e-a41b-b29966866b69,0.9187011666666667,0.29043173939133604,low
915,1776417342.7227352,-6.9517283,109.4972667,95.64025,9.75259135382623,6.141835437254391,8.837266,9.865000009536743,7.239849580310881,candidate,2403297f-866d-495e-a41b-b29966866b69,1.0,0.5767924057587154,medium
916,1776417349.6486,-6.9520717,109.4968,88.87084,9.062303640896738,5.087726583986703,5.712387,3.615000009536743,8.997615555,candidate,2403297f-866d-495e-a41b-b29966866b69,0.8093655833333333,0.481024723894151,medium
917,1776417356.5836668,-6.9520717,109.4968,93.47444,9.531740196703257,6.403518586398519,5.712387,3.2229998111724854,6.407646302040817,candidate,2403297f-866d-495e-a41b-b29966866b69,0.8093655833333333,0.485138618121167,medium
918,1776417359.4695,-6.9523467,109.4963383,69.76837,7.1143938042042905,3.583125798106489,4.0472608,1.5299999713897705,7.940613128282828,normal,2403297f-866d-495e-a41b-b29966866b69,0.6706050666666666,0.35135842935463174,medium
919,1776417362.7335,-6.9523467,109.4963383,71.58927,7.300073929425441,2.390917333564149,4.0472608,0.9569997787475586,6.817102696446701,normal,2403297f-866d-495e-a41b-b29966866b69,0.6706050666666666,0.32775199125223453,low
920,1776417367.5046666,-6.9523467,109.4963383,61.91046,6.313109981492151,1.8447115454133338,4.0472608,1.9860000610351562,6.230569530653265,normal,2403297f-866d-495e-a41b-b29966866b69,0.6706050666666666,0.29082091027606743,low
921,1776417375.1881766,-6.9523319,109.4963529,96.3406,9.82400717880214,7.9462045837639526,2.097562,7.489000082015991,9.898733085858586,candidate,2403297f-866d-495e-a41b-b29966866b69,0.5081301666666667,0.5345019967797886,medium
922,1776417382.5782683,-6.9524284,109.4960915,108.80911,11.095441358669882,11.401427002903684,1.9180520999999997,9.51799988746643,14.652797266331659,high_conf,2403297f-866d-495e-a41b-b29966866b69,0.3,0.6484399066363665,medium
923,1776417392.3745337,-6.9530958,109.494861,104.11823,10.617104719756492,5.72062441423574,7.793902000000001,3.6449999809265137,13.430958741116752,high_conf,2403297f-866d-495e-a41b-b29966866b69,0.9828251666666667,0.6083941714829636,medium
924,1776417395.998,-6.9530958,109.494861,57.21587,5.834395027863746,0.5355385825853259,7.793902,0.0,6.481563137113403,normal,2403297f-866d-495e-a41b-b29966866b69,0.9828251666666667,0.29284522739485086,low
925,1776417399.3969998,-6.9536241,109.494755,71.6005,7.301219070732615,1.7675061747657352,8.374842,1.3980000019073486,7.526294593877552,normal,2403297f-866d-495e-a41b-b29966866b69,1.0,0.3796426269046744,medium
926,1776417403.045,-6.9536241,109.494755,71.96362,7.33824700585827,3.1409690829631707,8.374842,0.032000064849853516,7.719363491370559,normal,2403297f-866d-495e-a41b-b29966866b69,1.0,0.3890889238338372,medium
927,1776417407.1030002,-6.9536241,109.494755,62.280132,6.350806034680549,2.4897612792012835,8.374842,1.5829999446868896,7.936704656410257,normal,2403297f-866d-495e-a41b-b29966866b69,1.0,0.36248690963444735,medium
928,1776417413.2505262,-6.9546167,109.4945956,79.616035,8.118576170251819,3.909347846985415,10.974258999999998,9.755000114440918,8.604894685858588,normal,2403297f-866d-495e-a41b-b29966866b69,1.0,0.5074956975194141,medium
929,1776417423.9004817,-6.9555788,109.4943058,88.357185,9.009925407759022,7.460062469672842,10.533409000000002,9.622999906539917,8.546090132994923,candidate,2403297f-866d-495e-a41b-b29966866b69,1.0,0.5790337538237491,medium
930,1776417434.4614,-6.9563901,109.4938728,71.592445,7.300397689323062,3.475174832183269,10.065171999999999,7.923999786376953,6.6019292282828275,normal,2403297f-866d-495e-a41b-b29966866b69,1.0,0.44207994791145067,medium
931,1776417439.9155552,-6.9571066,109.4933007,81.04008,8.263788347702835,3.2911700742874124,10.213573,4.256999969482422,7.533967423469388,normal,2403297f-866d-495e-a41b-b29966866b69,1.0,0.45222507409340773,medium
932,1776417446.6799998,-6.9571066,109.4933007,85.0672,8.674440303263601,4.4105654475288105,10.213573,3.062000036239624,10.23146482121212,candidate,2403297f-866d-495e-a41b-b29966866b69,1.0,0.49593047271762614,medium
933,1776417452.4878464,-6.9576179,109.4926011,110.85458,11.30402125088588,7.190752071074085,9.831934,9.385999917984009,8.487863589795918,high_conf,2403297f-866d-495e-a41b-b29966866b69,1.0,0.6490379938793024,medium
934,1776417463.021826,-6.9581412,109.4919207,100.74168,10.27279244186343,6.588294794938124,9.912414000000004,9.819999933242798,7.40352212,high_conf,2403297f-866d-495e-a41b-b29966866b69,1.0,0.6006568519933846,medium
935,1776417473.668083,-6.9587054,109.4911751,87.69628,8.942531853385203,5.078933468412684,10.027484,8.900000095367432,9.248297625125629,candidate,2403297f-866d-495e-a41b-b29966866b69,1.0,0.5485984793261929,medium
936,1776417481.0593333,-6.9592493,109.4904133,88.73724,9.048680232291353,5.951562484392229,10.228854000000002,4.132999897003174,9.070549365979382,candidate,2403297f-866d-495e-a41b-b29966866b69,1.0,0.524479004223895,medium
937,1776417487.4375,-6.9592493,109.4904133,59.414715,6.0586148174962915,2.0455681970420834,10.228854,0.9330000877380371,6.398874217171717,normal,2403297f-866d-495e-a41b-b29966866b69,1.0,0.3277989942569036,low
938,1776417491.392,-6.9594218,109.4897185,53.590714,5.464731993086324,0.8638622518412585,9.12596,0.0,6.530763591836735,normal,2403297f-866d-495e-a41b-b29966866b69,1.0,0.2877316436745369,low
939,1776417499.9544997,-6.959916,109.4893256,104.82851,10.689533122931888,8.429816369889533,10.686746,0.2780001163482666,11.855831829441625,high_conf,2403297f-866d-495e-a41b-b29966866b69,1.0,0.6058659899608189,medium
940,1776417503.6965,-6.959916,109.4893256,85.68305,8.737239526239847,4.683792979649217,10.686746,1.9320001602172852,6.22509318181818,candidate,2403297f-866d-495e-a41b-b29966866b69,1.0,0.45468985359565445,medium
941,1776417509.487,-6.9609284,109.4893383,67.60361,6.89364971728368,1.5335192536796693,12.029584,0.0,5.959570116326529,normal,2403297f-866d-495e-a41b-b29966866b69,1.0,0.337705968243481,low
942,1776417514.79275,-6.9609284,109.4893383,85.34803,8.70307699367266,3.701520967158298,12.029584,0.24699997901916504,8.241634722613066,candidate,2403297f-866d-495e-a41b-b29966866b69,1.0,0.4476263316934462,medium
943,1776417526.7410998,-6.9620088,109.4894888,97.92897,9.985975842922915,7.174582084921828,12.202927,3.0929999351501465,7.56443333502538,candidate,2403297f-866d-495e-a41b-b29966866b69,1.0,0.5481777749039555,medium
944,1776417534.4044783,-6.96309,109.4896649,83.46023,8.510574966986688,3.8937956017594515,11.588129000000004,9.259999990463257,6.79857106060606,candidate,2403297f-866d-495e-a41b-b29966866b69,1.0,0.49930551887008745,medium
945,1776417540.2127998,-6.9640605,109.4892625,71.56308,7.2974032926636525,3.260356465581064,11.674247,2.178999900817871,5.509042548223349,normal,2403297f-866d-495e-a41b-b29966866b69,1.0,0.3847750371364197,medium
946,1776417545.9824545,-6.9640605,109.4892625,85.734146,8.74244986820168,5.9189222148256215,11.674246999999998,3.0829999446868896,11.019826275126904,candidate,2403297f-866d-495e-a41b-b29966866b69,1.0,0.524374176385372,medium
947,1776417553.5361905,-6.9647605,109.4884532,83.30544,8.494790779726003,4.207305941722536,11.761858999999996,9.03600001335144,9.675692705583756,candidate,2403297f-866d-495e-a41b-b29966866b69,1.0,0.5281956697867152,medium
948,1776417564.6982498,-6.9650522,109.4875557,105.05549,10.712678641534062,7.827224439836419,9.9000635,8.417999982833862,7.312169194871795,high_conf,2403297f-866d-495e-a41b-b29966866b69,1.0,0.6187664047535564,medium
949,1776417569.476,-6.96507,109.486635,55.52077,5.661542932601857,1.3167362483262357,8.725057,0.0,7.9494945515151505,normal,2403297f-866d-495e-a41b-b29966866b69,1.0,0.3132491874646379,low
950,1776417574.5205834,-6.96507,109.486635,103.33794,10.537537283374038,7.1167147912017725,8.725057,4.296999931335449,10.236359084999998,high_conf,2403297f-866d-495e-a41b-b29966866b69,1.0,0.6002584228932994,medium
951,1776417582.9404998,-6.9653733,109.4861967,81.519516,8.312677213931362,4.500183531266116,5.0056734,5.433000087738037,7.520987921499999,candidate,2403297f-866d-495e-a41b-b29966866b69,0.7504727833333333,0.440214130756575,medium
952,1776417588.5676668,-6.9653733,109.4861967,83.88852,8.554248392672319,3.9957614034820095,5.0056734,0.3039999008178711,10.288463120000001,candidate,2403297f-866d-495e-a41b-b29966866b69,0.7504727833333333,0.4287509975943894,medium
953,1776417589.4906666,-6.9657733,109.4859017,68.30569,6.965241953164434,3.1943139917570735,4.8316975,0.38000011444091797,7.9452882445544555,normal,2403297f-866d-495e-a41b-b29966866b69,0.7359747916666667,0.3426535916859853,low
954,1776417592.9950001,-6.9657733,109.4859017,66.92489,6.824439538476443,3.0455437808019195,4.8316975,1.2339999675750732,7.975431710659899,normal,2403297f-866d-495e-a41b-b29966866b69,0.7359747916666667,0.34303311881906934,low
955,1776417596.6045716,-6.9657733,109.4859017,81.95923,8.357515563418701,3.5184850575297335,4.8316975,1.9670000076293945,5.540286603015075,normal,2403297f-866d-495e-a41b-b29966866b69,0.7359747916666667,0.3819919704548402,medium
956,1776417600.51975,-6.965757,109.4858782,86.580765,8.828780980253196,5.179991373258382,2.1340613,0.45200014114379883,10.649011923469386,candidate,2403297f-866d-495e-a41b-b29966866b69,0.511171775,0.4210459566045544,medium
957,1776417603.685,-6.965757,109.4858782,55.01933,5.610410282818291,2.0260494031643206,2.1340613,0.0,6.330065147959185,normal,2403297f-866d-495e-a41b-b29966866b69,0.511171775,0.23161518752236612,low
958,1776417607.6823637,-6.965757,109.4858782,87.67932,8.940802414687994,6.518743540891338,2.1340612999999995,2.508999824523926,7.511281638190955,candidate,2403297f-866d-495e-a41b-b29966866b69,0.511171775,0.42729885181763433,medium
959,1776417617.12275,-6.9667398,109.4852594,82.51261,8.413944619212474,3.7232800185332233,6.2492,0.38899993896484375,10.674524319796955,normal,2403297f-866d-495e-a41b-b29966866b69,0.8541000000000001,0.4406260605576179,medium
960,1776417626.7873807,-6.9673139,109.4849616,102.820854,10.484809185603646,7.729834932692532,7.6021647,6.794000148773193,10.34059088888889,high_conf,2403297f-866d-495e-a41b-b29966866b69,0.9668470583333333,0.6212915318856237,medium
961,1776417633.5735939,-6.9681225,109.484541,96.50941,9.84122100819342,6.914754682142744,8.9760275,9.560999870300293,11.512893387755101,candidate,2403297f-866d-495e-a41b-b29966866b69,1.0,0.6274001193067287,medium
962,1776417644.675,-6.9686984,109.4842102,122.77544,12.519610672349886,16.41730385519346,9.043384,9.490000009536743,11.118981747474747,high_conf,2403297f-866d-495e-a41b-b29966866b69,1.0,0.8284473630822576,high
963,1776417650.246714,-6.9691931,109.4839123,105.117935,10.719046259426003,8.870754063866286,5.788573,1.193000078201294,8.500918669191918,high_conf,2403297f-866d-495e-a41b-b29966866b69,0.8157144166666668,0.5598583449377923,medium
964,1776417654.1360002,-6.9691931,109.4839123,79.581055,8.115009202938824,3.095312613996163,5.788573,1.6329998970031738,9.864336090909092,normal,2403297f-866d-495e-a41b-b29966866b69,0.8157144166666668,0.4191664018358093,medium
965,1776417658.0945556,-6.9691931,109.4839123,88.548584,9.029442674103798,5.819482817133001,5.788573,1.4100000858306885,13.652549985,candidate,2403297f-866d-495e-a41b-b29966866b69,0.8157144166666668,0.5170638718102356,medium
966,1776417662.2996671,-6.9696626,109.4836737,91.9794,9.379288543998205,5.904922619756545,5.5677423,1.8389999866485596,13.686651746192892,candidate,2403297f-866d-495e-a41b-b29966866b69,0.7973118583333334,0.5305222693869412,medium
967,1776417674.456,-6.9701879,109.4833828,59.37082,6.0541387731794245,0.3103203196396427,7.6007867,0.0,6.98867821319797,normal,2403297f-866d-495e-a41b-b29966866b69,0.9667322249999999,0.2997174603184113,low
968,1776417678.4943333,-6.9701879,109.4833828,85.87774,8.757092381190315,4.874127736147387,7.6007867,0.2590000629425049,8.345216254358977,candidate,2403297f-866d-495e-a41b-b29966866b69,0.9667322249999999,0.4599247195241431,medium
969,1776417682.064083,-6.9709227,109.4829884,81.44559,8.305138859855303,3.76812792483466,8.694266999999998,3.4119999408721924,10.4783115,normal,2403297f-866d-495e-a41b-b29966866b69,1.0,0.4808714298947939,medium
970,1776417687.03575,-6.9709227,109.4829884,92.37308,9.419432731870721,5.960085082669227,8.694267,0.5779998302459717,7.346904109547738,candidate,2403297f-866d-495e-a41b-b29966866b69,1.0,0.493124623496646,medium
971,1776417689.337,-6.9709227,109.4829884,62.549553,6.378279330862222,0.6656716539988013,8.694267,0.0,6.125035302020203,normal,2403297f-866d-495e-a41b-b29966866b69,1.0,0.31158870715054965,low
972,1776417691.0408,-6.9712647,109.4828246,80.664734,8.225513707535193,3.5167664913951846,3.1817925,2.4100000858306885,8.402537827411166,normal,2403297f-866d-495e-a41b-b29966866b69,0.5984827083333333,0.38753480782293387,medium
973,1776417700.1879447,-6.9712891,109.4828139,86.10743,8.780514242886206,5.929028609624852,3.3760803,5.101000070571899,10.226482765,candidate,2403297f-866d-495e-a41b-b29966866b69,0.6146733583333334,0.4759606810498438,medium
974,1776417706.357143,-6.9712891,109.4828139,77.13206,7.865281212238634,3.403549232458671,3.4732242,2.732999801635742,8.953599543147208,normal,2403297f-866d-495e-a41b-b29966866b69,0.6227686833333334,0.3856076315806782,medium
975,1776417711.6383998,-6.9715945,109.482849,59.63114,6.080684025635666,2.3271103854284094,2.8692298,1.863999843597412,8.386867030150754,normal,2403297f-866d-495e-a41b-b29966866b69,0.5724358166666667,0.2938673248945456,low
976,1776417718.373,-6.9715945,109.482849,61.848263,6.306767652562293,1.5805058721913214,2.8692298,2.111999988555908,7.591048718974359,normal,2403297f-866d-495e-a41b-b29966866b69,0.5724358166666667,0.28650161859868023,low
977,1776417726.283342,-6.9719433,109.4828897,113.81195,11.605589064563333,9.033481522551604,2.5360342999999994,9.620999813079834,11.277152024999998,high_conf,2403297f-866d-495e-a41b-b29966866b69,0.544669525,0.641619540183413,medium
978,1776417735.8022435,-6.9722923,109.4825775,104.863014,10.693051551753149,6.0470461589007485,2.7314875,9.26200008392334,8.54406012755102,high_conf,2403297f-866d-495e-a41b-b29966866b69,0.5609572916666666,0.5485249102947108,medium
979,1776417745.030475,-6.9725141,109.483431,99.39656,10.135628374623343,6.789084912518962,5.6653986,9.108000040054321,7.613332040404039,high_conf,2403297f-866d-495e-a41b-b29966866b69,0.8054498833333332,0.5659308238047206,medium
980,1776417755.0373237,-6.9726167,109.4839428,116.55736,11.885542973390507,11.107245704613554,5.696789,9.164000034332275,8.633390040201006,high_conf,2403297f-866d-495e-a41b-b29966866b69,0.8080657499999999,0.6873096062813709,high
981,1776417760.8563335,-6.9727098,109.4843868,76.45382,7.796119979809618,3.359343442041913,5.1504574,0.31800007820129395,8.585739728282826,normal,2403297f-866d-495e-a41b-b29966866b69,0.7625381166666667,0.38167885293651427,medium
982,1776417767.3077667,-6.9727098,109.4843868,94.28233,9.614122049833533,6.301143484085348,5.150457399999998,7.3399999141693115,9.169284399999999,candidate,2403297f-866d-495e-a41b-b29966866b69,0.7625381166666665,0.5374294493632397,medium
983,1776417772.053,-6.9728204,109.484913,74.36499,7.583118598094152,3.5697340309932404,6.203417,2.4679999351501465,7.566797407070707,normal,2403297f-866d-495e-a41b-b29966866b69,0.8502847499999999,0.397284252195715,medium
984,1776417777.0660002,-6.9728204,109.484913,112.98434,11.521196331061066,9.900755247969736,6.203417,5.268999814987183,9.839450173469388,high_conf,2403297f-866d-495e-a41b-b29966866b69,0.8502847499999999,0.6482377818325464,medium
985,1776417784.793559,-6.972912,109.4854012,100.71748,10.270324728628022,6.665190371856888,4.627206300000001,7.5950000286102295,9.687872959390864,high_conf,2403297f-866d-495e-a41b-b29966866b69,0.7189338583333335,0.5638992199784277,medium
986,1776417791.3340006,-6.9729236,109.4854372,100.54442,10.252677519846227,7.177580660368614,2.760095007692308,1.686999797821045,12.687887979591833,high_conf,2403297f-866d-495e-a41b-b29966866b69,0.5633412506410257,0.529269757406568,medium
987,1776417796.5404444,-6.9729236,109.4854372,106.3046,10.840052413413346,5.823733111057289,2.6045024,2.812000036239624,10.389072994923858,high_conf,2403297f-866d-495e-a41b-b29966866b69,0.5503752,0.5169050844570273,medium
988,1776417839.422,-6.9733892,109.4899554,61.357418,6.256715392106377,2.407267414550417,14.688032,0.22799992561340332,6.5689867502538055,normal,2403297f-866d-495e-a41b-b29966866b69,1.0,0.33497554583006023,low
989,1776417841.299,-6.9737553,109.4912573,52.964523,5.400878281574238,1.2164516438704007,14.32265,0.0,6.413033525,normal,2403297f-866d-495e-a41b-b29966866b69,1.0,0.2888482005951162,low
990,1776417852.374,-6.9742218,109.4924831,54.590805,5.566712893801656,1.0096934056620852,14.532254,0.0,6.170591972448979,normal,2403297f-866d-495e-a41b-b29966866b69,1.0,0.28947684787245365,low
991,1776417859.77425,-6.9742218,109.4924831,100.002716,10.197439084702728,6.357576200955638,14.532254,0.34999990463256836,8.968440662944163,high_conf,2403297f-866d-495e-a41b-b29966866b69,1.0,0.5373056643927904,medium
992,1776417869.2627501,-6.9747545,109.4936291,79.81747,8.13911682378794,3.486417689379389,13.209067,1.8399999141693115,7.372467218274112,normal,2403297f-866d-495e-a41b-b29966866b69,1.0,0.4303873552319039,medium
993,1776417875.9832425,-6.9750922,109.4946936,120.33754,12.271014056787998,12.350812011191056,10.956158,9.651999950408936,6.457408464646464,high_conf,2403297f-866d-495e-a41b-b29966866b69,1.0,0.727249575179429,high
994,1776417884.9196,-6.9753008,109.4957721,79.50485,8.107238455537825,3.144003937085043,12.980191,6.515999794006348,7.161027655102041,normal,2403297f-866d-495e-a41b-b29966866b69,1.0,0.4590933332150988,medium
995,1776417894.177,-6.9754867,109.4966683,59.979053,6.116161278316245,2.714994515418033,7.2668486,0.0,5.455723431632653,normal,2403297f-866d-495e-a41b-b29966866b69,0.9389040500000001,0.312652708718695,low
996,1776417907.54845,-6.9758667,109.4969017,95.44014,9.732185812688328,8.768555497887395,7.165962699999999,5.799999952316284,15.038572960199005,high_conf,2403297f-866d-495e-a41b-b29966866b69,0.9304968916666665,0.640680486264557,medium
997,1776417914.6918619,-6.9767683,109.4966533,84.72733,8.639783208333121,4.236721132897912,12.622532999999995,7.541000127792358,10.151650236548223,candidate,2403297f-866d-495e-a41b-b29966866b69,1.0,0.5263515975082832,medium
998,1776417927.4676187,-6.9779065,109.4963846,81.804886,8.341776855501115,4.699733409920986,12.736869000000002,8.04699993133545,10.088881525510203,candidate,2403297f-866d-495e-a41b-b29966866b69,1.0,0.5255154245040478,medium
999,1776417936.4241352,-6.9790479,109.4960889,89.50574,9.127045423258709,4.503287952395172,13.121507000000001,9.315000057220459,10.22968284924623,candidate,2403297f-866d-495e-a41b-b29966866b69,1.0,0.5600984596174248,medium
1000,1776417946.3207576,-6.9801852,109.4957926,83.60359,8.525193618615939,4.914048469965346,12.597897,9.355999946594238,10.26739459798995,candidate,2403297f-866d-495e-a41b-b29966866b69,1.0,0.5459686587603333,medium
1001,1776417956.3347309,-6.9812496,109.495593,85.61557,8.730358481234674,4.723963637216902,11.779664000000004,9.503000020980835,8.481987984615385,candidate,2403297f-866d-495e-a41b-b29966866b69,1.0,0.534603542098961,medium
1002,1776417961.73,-6.9823504,109.4954373,62.280296,6.350822758026442,1.69750716189579,13.107293,0.0,7.470061885,normal,2403297f-866d-495e-a41b-b29966866b69,1.0,0.33613339076055504,low
1003,1776417966.9966,-6.9823504,109.4954373,112.12668,11.4337393503388,8.042281262552546,13.107293,4.398999929428101,14.261983010050251,high_conf,2403297f-866d-495e-a41b-b29966866b69,1.0,0.6801690304377714,high
1004,1776417971.1409998,-6.9823504,109.4954373,55.14458,5.62318222838584,3.282774806793029,13.107293,0.003999948501586914,6.831587698477158,normal,2403297f-866d-495e-a41b-b29966866b69,1.0,0.3256134641275239,low
1005,1776417974.3106666,-6.9835346,109.4950994,77.75384,7.928685126929175,4.022684255538992,14.040969,3.6630001068115234,8.266998770408161,candidate,2403297f-866d-495e-a41b-b29966866b69,1.0,0.4525506075684823,medium
1006,1776417983.618,-6.9847599,109.4946942,58.52168,5.967550590670617,0.9942604653554067,14.883227,0.0,6.347632396039604,normal,2403297f-866d-495e-a41b-b29966866b69,1.0,0.3041910311903142,low
1007,1776417997.5412223,-6.9862248,109.4942418,102.04109,10.405295386293995,8.182279655374167,15.408622999999999,3.120000123977661,15.391925892857145,high_conf,2403297f-866d-495e-a41b-b29966866b69,1.0,0.6488299700428364,medium
1008,1776418009.42025,-6.987396,109.4938894,71.482895,7.289226698209888,3.2531280754308227,12.011245,0.7059998512268066,9.914213393939393,normal,2403297f-866d-495e-a41b-b29966866b69,1.0,0.4148452893655917,medium
1009,1776418015.7944999,-6.9884738,109.4935925,60.21451,6.140171210352159,3.6618679636815825,13.368322,1.4100000858306885,7.262819918781727,normal,2403297f-866d-495e-a41b-b29966866b69,1.0,0.36224317004977213,medium
1010,1776418020.1358182,-6.9884738,109.4935925,86.49844,8.820386166529856,5.6918851420427945,13.368322000000001,2.546999931335449,8.640374147474748,candidate,2403297f-866d-495e-a41b-b29966866b69,1.0,0.4974697056677084,medium
1011,1776418021.671,-6.989674,109.4935078,69.58304,7.09549540362917,3.252193923424426,12.624327,0.010000228881835938,11.8345529035533,normal,2403297f-866d-495e-a41b-b29966866b69,1.0,0.421291927612742,medium
1012,1776418025.8986,-6.989674,109.4935078,82.24475,8.386630500731647,5.820598047969749,12.624327,0.44099998474121094,11.45989555257732,candidate,2403297f-866d-495e-a41b-b29966866b69,1.0,0.4952684099064643,medium
1013,1776418028.172,-6.989674,109.4935078,55.040333,5.612551992780409,0.802695853145044,12.624327,0.0,6.837963515306122,normal,2403297f-866d-495e-a41b-b29966866b69,1.0,0.2947685191662107,low
1014,1776418031.0363333,-6.989674,109.4935078,92.18277,9.400026512621539,6.888742102665134,12.624327,0.684999942779541,12.218553196969696,candidate,2403297f-866d-495e-a41b-b29966866b69,1.0,0.5509215415912992,medium
1015,1776418031.7515001,-6.9909176,109.4934549,79.318184,8.08820382087665,3.489451170796958,13.377761,0.010999917984008789,8.089670984848484,normal,2403297f-866d-495e-a41b-b29966866b69,1.0,0.42147195322404907,medium
1016,1776418071.439,-6.9947803,109.4935012,54.679962,5.575804377641703,2.1457088909680295,14.503404,0.0,5.733266153061225,normal,2403297f-866d-495e-a41b-b29966866b69,1.0,0.299612513431859,low
1017,1776418075.5113335,-6.9960259,109.4936975,77.50961,7.903780597859615,3.3471637765474296,13.438638,0.9609999656677246,6.461543404060912,normal,2403297f-866d-495e-a41b-b29966866b69,1.0,0.4055097874592446,medium
1018,1776418117.287,-7.00051,109.4939967,58.14544,5.9291847878735355,1.082892997801491,14.337587,0.0,5.141646944278606,normal,2403297f-866d-495e-a41b-b29966866b69,1.0,0.2925829596889109,low
1019,1776418122.756,-7.0018017,109.493715,66.80159,6.811866437570425,1.245248453711652,14.363838,0.0,6.039540787878788,normal,2403297f-866d-495e-a41b-b29966866b69,1.0,0.33221772299638275,low
1020,1776418176.9910002,-7.0077478,109.4926235,89.652054,9.141965299057274,4.5858351928963,11.741291,0.017999887466430664,6.653565089795919,candidate,2403297f-866d-495e-a41b-b29966866b69,1.0,0.45617417296989976,medium
1021,1776418181.208,-7.0077478,109.4926235,58.009274,5.9152997200879,2.371990681002196,11.741291,0.0,5.051354433502538,normal,2403297f-866d-495e-a41b-b29966866b69,1.0,0.30713454642764715,low
1022,1776418208.983,-7.0109488,109.4923004,56.00547,5.7109685774448975,1.5130722292532832,10.376594,0.0,6.297083948186529,normal,2403297f-866d-495e-a41b-b29966866b69,1.0,0.30163116972806325,low
1023,1776418212.0003335,-7.0109488,109.4923004,80.447296,8.203341202143443,4.183121381852616,10.376594,0.4629998207092285,7.633421451776649,candidate,2403297f-866d-495e-a41b-b29966866b69,1.0,0.43296064666308653,medium
1024,1776418214.818,-7.0118272,109.4921695,62.106525,6.333103047421902,0.7611590792378752,6.3499823,0.0,6.751989136363637,normal,2403297f-866d-495e-a41b-b29966866b69,0.8624985249999999,0.29659178210108195,low
1025,1776418233.3070002,-7.0123628,109.4939757,85.346375,8.702908230639412,6.680309635238194,12.930758,0.02200007438659668,7.310133825,candidate,2403297f-866d-495e-a41b-b29966866b69,1.0,0.47372057885626795,medium
1026,1776418235.861,-7.0123628,109.4939757,75.54781,7.703732671197606,3.661633762193797,12.930758,0.002000093460083008,7.694879522613064,normal,2403297f-866d-495e-a41b-b29966866b69,1.0,0.407093426330137,medium
1027,1776418238.994,-7.0123628,109.4939757,60.114964,6.130020343338449,1.3262170953151864,12.930758,0.24600005149841309,6.543253590862944,normal,2403297f-866d-495e-a41b-b29966866b69,1.0,0.3173845900069619,low
1028,1776418242.2045002,-7.0123628,109.4939757,89.34236,9.110385299771075,5.438223807888702,12.930758,0.27499985694885254,8.31551068358209,candidate,2403297f-866d-495e-a41b-b29966866b69,1.0,0.48335603747132644,medium
1029,1776418245.258667,-7.0126428,109.4951945,87.61712,8.93445977984327,5.027128586805916,14.207422,1.999000072479248,8.242471665151514,candidate,2403297f-866d-495e-a41b-b29966866b69,1.0,0.48506356101299986,medium
1030,1776418250.5901875,-7.0126428,109.4951945,83.706604,8.53569812321231,3.856502973952407,14.207422,4.075000047683716,8.736058282828283,candidate,2403297f-866d-495e-a41b-b29966866b69,1.0,0.47815053608335983,medium
1031,1776418256.6765292,-7.0129318,109.4963873,84.737175,8.640787118944797,3.582083533920065,13.67682,7.228000164031982,8.09959296923077,candidate,2403297f-866d-495e-a41b-b29966866b69,1.0,0.49646549965128445,medium
1032,1776418276.4863331,-7.0134472,109.4981533,78.14642,7.968717146018264,2.047959283948963,2.950409,0.437000036239624,8.545248793814434,normal,2403297f-866d-495e-a41b-b29966866b69,0.57920075,0.34426482587215834,low
1033,1776418280.104625,-7.0134472,109.4981533,108.134514,11.026651710828876,7.8484759808234426,2.950409,0.9309999942779541,12.882615012121208,high_conf,2403297f-866d-495e-a41b-b29966866b69,0.57920075,0.5614727609051252,medium
1034,1776418319.853,-7.0139499,109.5005642,56.46707,5.758038677835959,2.0018615933441177,6.699139,0.0,7.88330246969697,normal,2403297f-866d-495e-a41b-b29966866b69,0.8915949166666666,0.307977070616804,low
1035,1776418332.2415,-7.0140671,109.5012479,72.84496,7.4281186745728665,3.6513083395287915,8.653685,0.04700016975402832,6.448916498477158,normal,2403297f-866d-495e-a41b-b29966866b69,1.0,0.38640658315531595,medium
1036,1776418348.292,-7.0144883,109.5032963,51.63349,5.265150688563374,1.5419173856152282,12.894379,0.0,6.645544770408163,normal,2403297f-866d-495e-a41b-b29966866b69,1.0,0.290579806880713,low
1037,1776418350.305,-7.0144883,109.5032963,58.68246,5.983945587942876,2.6698560532650912,12.894379,0.0,5.961839885714286,normal,2403297f-866d-495e-a41b-b29966866b69,1.0,0.32169717271817067,low
1038,1776418359.822,-7.0147291,109.5044145,59.463173,6.0635561583211395,0.3639857591434728,11.752581,0.0,5.0935196741116755,normal,2403297f-866d-495e-a41b-b29966866b69,1.0,0.28771228174824504,low
1039,1776418366.8600001,-7.0149515,109.5055705,55.533165,5.662806870847843,2.3225306773191954,13.025075,0.4519999027252197,7.511020349494948,normal,2403297f-866d-495e-a41b-b29966866b69,1.0,0.3249906187961117,low
1040,1776418370.744,-7.0149515,109.5055705,51.93288,5.295679972263719,0.9295397943904553,13.025075,0.0,6.856349386734694,normal,2403297f-866d-495e-a41b-b29966866b69,1.0,0.2860486975512851,low
1041,1776418384.851,-7.015287,109.5071006,53.09513,5.414196489117079,1.859192414180485,9.678437,0.0,7.4633698663265315,normal,2403297f-866d-495e-a41b-b29966866b69,1.0,0.30715569269692256,low
