event_id,time_s,lat,lon,peak_vertical,peak_vertical_g,peak_gyro_mag,speed_mean,event_duration,vert_jrk,num_peaks_accel,num_peaks_gyro,peak_interval_mean,peak_interval_std,asymmetry_score,vertical_energy,gyro_energy,accel_to_gyro_ratio,local_duration,fft_high_low_ratio,zcr,kurtosis,skewness,gyro_pitch_energy,gyro_roll_energy,gyro_yaw_energy,gyro_pitch_roll_ratio,score,priority,level,trip_id,label,notes,maps_link,peak_mag,peak_mag_g,suggested_label,suggested_raw_label,suggested_kind,suggestion_confidence,suggestion_rule,suggestion_reason,needs_review
305,1776413442.1545,-6.8382885,109.4512137,31.02182748680184,3.1633460444496175,1.470643647831197,7.591617,1.6349999904632568,8.266129907045405,2,2,1.4529998302459717,0.0,0.7581645411464129,40797.29090571006,788.7974732293865,51.72086909325726,1.4529998302459717,13.429143566679675,0.35516372795969775,-0.05250412890516465,0.2584917573769581,149.55785993657037,531.1021712034933,108.13744208932285,0.28159903642658585,0.29656266364018846,low,normal,c72307ef-f384-4659-aded-5319b398f560,,,"https://www.google.com/maps?q=-6.8382885,109.4512137",48.904953,4.9869173469023576,Non-Event,Non-Event,condition_like,0.7238888888888888,ML_Ensemble(RF),Dipelajari dari data (Confidence: 72%),True
427,1776417966.641,-6.9823504,109.4954373,-38.95585031817405,-3.9723912159783468,2.6846400629611877,13.107293,0.0,8.923718378755161,1,4,0.0,0.0,0.23566216258303976,34441.70221283301,1513.0508843729315,22.763082554453508,0.1,34.5882904427365,0.39141414141414144,1.66259575064272,-0.14546973299198263,252.5960589862793,1113.1050124832052,147.34981290344712,0.22692922583812486,0.29598612325349294,low,normal,2403297f-866d-495e-a41b-b29966866b69,,,"https://www.google.com/maps?q=-6.9823504,109.4954373",92.431114,9.425350552941117,Non-Event,Normal,condition_like,0.92,R6,amplitudo rendah + tidak ada struktur event → Non-Event,False
313,1776413671.779,-6.8348661,109.4553644,41.84414961052302,4.2669157776124385,2.070532316745503,0.00244016,0.0,8.406494411686548,3,5,0.4484999179840088,0.03250002861022949,0.4916779247197486,35115.246102372344,1342.949288243465,26.14785709604427,0.8969998359680176,76.29437589064864,0.4,2.4641503543079484,-0.003024952637776408,183.33453590255658,1007.5463555374457,152.06839680346275,0.18196139037473946,0.29512675603245686,low,normal,40a7a6c4-b8d9-447a-ba96-8503647f43bb,,,"https://www.google.com/maps?q=-6.8348661,109.4553644",76.75168,7.826493246929379,Non-Event,Rough Road,condition_like,0.72,R7,struktur kontinu panjang + noisy/dense → Non-Event,True
168,1776326943.9845,-6.8556754,109.4925166,36.175303515737205,3.6888543504394677,2.722334287350657,4.334681,0.434999942779541,8.113030475371312,2,5,0.434999942779541,0.0,0.3090519906799275,29774.691847321024,598.404123145174,49.75682928297738,0.434999942779541,14.584322898289802,0.37343358395989973,2.128151601562365,0.49353912238788683,103.99478041293597,375.46238608190197,118.94695665033612,0.27697789177015736,0.29354010316465706,low,normal,2ba192ad-a007-47e8-843d-e4f356c01155,,,"https://www.google.com/maps?q=-6.8556754,109.4925166",73.80753,7.526273498085483,Non-Event,Non-Event,condition_like,0.785,ML_Ensemble(RF),Dipelajari dari data (Confidence: 78%),True
189,1776327970.682,-6.895093,109.5217288,-34.333383772013,-3.5010308078714956,3.0225076092917056,7.580147,0.3280000686645508,9.034088546148498,2,3,0.24699997901916504,0.0,0.26354407214657566,36381.696100769754,895.9054899302472,40.608854917267536,0.24699997901916504,23.25466328925557,0.33249370277078083,1.298296096238433,-0.009354444460722117,150.96528827924752,616.277367504503,128.66283414649672,0.24496321947630378,0.29089754544997937,low,normal,7b68bd61-6146-4cdb-8ad6-424ae6e78950,,,"https://www.google.com/maps?q=-6.895093,109.5217288",98.66803,10.061338989359262,Non-Event,Non-Event,condition_like,0.7082222222222222,ML_Ensemble(RF),Dipelajari dari data (Confidence: 71%),True
3,1775972289.292,-6.8957427,109.4071277,-35.69719936025206,-3.640101294555435,2.195266510479138,9.986261,0.32200002670288086,9.930719357364174,1,4,0.0,0.0,0.06285779496538654,36464.609636339,1032.3171735216274,35.32306788680193,0.1,91.08899814639801,0.42462311557788945,0.5834589199585127,-0.25492592210046344,250.8872857283128,614.2927766919257,167.13711110138902,0.4084164666089163,0.28734426029353216,low,normal,178e7720-4939-4df4-b9af-2a0a7e15ece3,,,"https://www.google.com/maps?q=-6.8957427,109.4071277",61.717308,6.29341395889524,Non-Event,Non-Event,condition_like,0.7588888888888888,ML_Ensemble(RF),Dipelajari dari data (Confidence: 76%),True
381,1776417348.7365,-6.9520717,109.4968,32.868860360202554,3.3516909811406093,1.8345136584306887,5.712387,0.7589998245239258,10.143120764712169,1,4,0.0,0.0,0.7363581683394856,49998.57261181518,1270.2473349335119,39.361289094986326,0.1,20.973399810589818,0.3468354430379747,-0.09819128243747288,0.07286867621382062,164.0465063716356,934.4400107012398,171.7608178606365,0.17555595256775533,0.2849692406191345,low,normal,2403297f-866d-495e-a41b-b29966866b69,,,"https://www.google.com/maps?q=-6.9520717,109.4968",56.54386,5.765869078635417,Non-Event,Maneuver,condition_like,0.88,R5,gyro dominan + asimetri tinggi → maneuver (Non-Event),False
196,1776328949.368,-6.8998899,109.4782572,34.68739240153947,3.537129641777719,2.4547831292320916,19.552603,0.0,11.578589496490341,2,3,0.5019998550415039,0.0,0.006518010418457008,37201.95166586012,929.5766833303081,40.020314937934785,0.5019998550415039,53.45248630563459,0.581453634085213,0.003132737078702874,0.03601930103018078,117.44267484228595,731.7861554140821,80.34785307393999,0.1604876968673221,0.284548965354269,low,normal,606f1311-3f3f-40aa-9c26-05d27f54675c,,,"https://www.google.com/maps?q=-6.8998899,109.4782572",86.40394,8.810749848317215,Non-Event,Non-Event,condition_like,0.6408888888888888,ML_Ensemble(RF)_LOW_CONF,"ML ragu-ragu (Conf: 64%), pakai tebakan terbaik ML",True
164,1776326926.75,-6.8549873,109.4915951,-42.75255083689986,-4.359546923454988,1.5119728331306088,6.977751,0.0,8.137970164461176,1,5,0.0,0.0,0.05592997793830471,38609.72987100661,994.2256209146121,38.83397190735702,0.1,5.462206687670626,0.3249370277078086,0.7223624696792754,-0.11566425610015832,135.69102115062168,705.4866088806516,153.04799088333868,0.19233677755213066,0.28126458640811824,low,normal,2ba192ad-a007-47e8-843d-e4f356c01155,,,"https://www.google.com/maps?q=-6.8549873,109.4915951",46.82316,4.774633539485961,Non-Event,Normal,condition_like,0.92,R6,amplitudo rendah + tidak ada struktur event → Non-Event,False
344,1776413882.609,-6.8268109,109.4702084,-33.41147784174175,-3.4070225654776864,3.8562713920737295,5.7945676,0.0,8.678293188025986,1,3,0.0,0.0,0.13319736903833368,36083.80479424137,959.3664401293022,37.61211904782277,0.1,12.833615383224629,0.37279596977329976,0.037140637237453866,-0.12073523894965747,114.77635550621932,733.9845145583723,110.60557006471062,0.1563743554166183,0.28088498646912924,low,normal,40a7a6c4-b8d9-447a-ba96-8503647f43bb,,,"https://www.google.com/maps?q=-6.8268109,109.4702084",45.195705,4.6086793145467615,Non-Event,Normal,condition_like,0.92,R6,amplitudo rendah + tidak ada struktur event → Non-Event,False
26,1775973131.129,-6.8858567,109.4550333,-40.91636271175361,-4.17230784332607,1.357348694203612,8.969035,0.0,9.726776804197105,2,3,0.14800000190734863,0.0,0.14519283553395992,34058.20517820825,656.5555680517523,51.87406334455088,0.14800000190734863,53.73052228781958,0.40703517587939697,2.712438350572267,0.004217335706305271,213.75183671496274,304.5420401879335,138.26169114885602,0.7018795693401689,0.2804430197620948,low,normal,178e7720-4939-4df4-b9af-2a0a7e15ece3,,,"https://www.google.com/maps?q=-6.8858567,109.4550333",57.211285,5.8339274879800955,Non-Event,Non-Event,condition_like,0.9178888888888889,ML_Ensemble(RF),Dipelajari dari data (Confidence: 92%),False
244,1776412689.924,-6.8747548,109.4384443,40.26398050918938,4.105783372424772,1.690953840431119,8.720528,0.0,9.334608110474523,1,4,0.0,0.0,0.15502556176776972,36115.225123158016,857.9762513506209,42.09350203366602,0.1,24.96737172280964,0.4379746835443038,0.788163924255719,0.08822090053355194,148.72953946297326,567.2641022897077,141.98260959794015,0.26218746894163253,0.2803470730055937,low,normal,c72307ef-f384-4659-aded-5319b398f560,,,"https://www.google.com/maps?q=-6.8747548,109.4384443",49.43608,5.0410772282073895,Non-Event,Non-Event,condition_like,0.8122222222222222,ML_Ensemble(RF),Dipelajari dari data (Confidence: 81%),False
341,1776413830.047,-6.8290874,109.4663951,-35.78808372815012,-3.649368920900626,3.193684359941899,2.6276822,0.0,8.625871166913951,2,3,0.42299985885620117,0.0,0.5695917889154504,34488.8844390223,1047.1240975335872,32.93676889618069,0.42299985885620117,48.99158013394563,0.375,0.6489624558616365,-0.10168339433760334,126.1798399991206,835.3739939668712,85.57026356759545,0.15104592764361138,0.27991096377130564,low,normal,40a7a6c4-b8d9-447a-ba96-8503647f43bb,,,"https://www.google.com/maps?q=-6.8290874,109.4663951",87.128784,8.88466336618519,Non-Event,Maneuver,condition_like,0.88,R5,gyro dominan + asimetri tinggi → maneuver (Non-Event),False
149,1776326034.762,-6.8944833,109.4542217,-34.62747227111391,-3.5310194889298496,0.9557731122400337,0.0,0.0,20.484922003265908,0,1,0.0,0.0,0.5257297821592147,34034.54697182704,126.1624433119592,269.76765674950417,0.0,0.9868199461882194,0.5763888888888888,0.05984288140676419,-0.8812489339242723,27.603210210796,44.24826743802494,54.310965663138255,0.6238257718368718,0.27965085774502096,low,normal,2ba192ad-a007-47e8-843d-e4f356c01155,,,"https://www.google.com/maps?q=-6.8944833,109.4542217",30.696184,3.1301396501353675,Non-Event,Normal,condition_like,0.92,R6,amplitudo rendah + tidak ada struktur event → Non-Event,False
301,1776413418.1465,-6.8394294,109.4516,40.13424069744225,4.0925535934740465,2.060731225310266,6.5210156,0.2869999408721924,6.691131174948428,2,3,0.2909998893737793,0.0,0.23104310660110425,25892.502892257216,580.7169704219319,44.587129645715976,0.2909998893737793,12.860836559423989,0.3375,3.497813808539938,0.3505390872523749,108.15245140117716,357.64561177732105,114.91890724343372,0.3024011690268253,0.27776094215439984,low,normal,c72307ef-f384-4659-aded-5319b398f560,,,"https://www.google.com/maps?q=-6.8394294,109.4516",109.95153,11.211935778272908,Non-Event,Non-Event,condition_like,0.5545,ML_Ensemble(RF)_LOW_CONF,"ML ragu-ragu (Conf: 55%), pakai tebakan terbaik ML",True
371,1776414058.897,-6.8222372,109.4777523,38.38310877281464,3.913987832013444,2.620275608711803,2.5548666,0.0,8.100606455453201,2,5,0.8400001525878906,0.0,0.07214143770497243,33785.050284240235,1362.618148062687,24.79421715282464,0.8400001525878906,74.22434009248687,0.34595959595959597,1.315345555859822,-0.16089087799280613,159.3485345326863,1085.9940195602896,117.27559396971115,0.14673058185944216,0.27760951124431277,low,normal,40a7a6c4-b8d9-447a-ba96-8503647f43bb,,,"https://www.google.com/maps?q=-6.8222372,109.4777523",60.274338,6.146271968511163,Non-Event,Non-Event,condition_like,0.6783636363636364,ML_Ensemble(RF),Dipelajari dari data (Confidence: 68%),True
217,1776329858.067,-6.8702652,109.530927,35.151479406324604,3.584453346078896,3.4275922024923355,6.3375797,0.0,8.245188730978732,2,2,0.2200000286102295,0.0,0.1731426950495967,32112.573576760682,596.6133803837766,53.82476253261238,0.2200000286102295,105.29690053583754,0.3844221105527638,0.33025418187273603,0.22386934240552206,157.14055177447833,324.40913024760295,115.06369836169539,0.48439003911558187,0.27678972430989496,low,normal,3a9b8fd6-92e7-4ce1-89d1-f0025de3bc91,,,"https://www.google.com/maps?q=-6.8702652,109.530927",55.96762,5.707108951578776,Non-Event,Non-Event,condition_like,0.7923888888888888,ML_Ensemble(RF),Dipelajari dari data (Confidence: 79%),True
35,1775973209.6985,-6.8846939,109.4522318,33.49134422940481,3.4151666705148864,2.246359597354128,4.2011566,0.8229999542236328,7.678749107931194,1,5,0.0,0.0,0.29867843893445695,33292.96435092669,902.915214503416,36.87274705229589,0.1,27.090533358510854,0.34430379746835443,0.6499276254039565,0.3058264453953575,291.7045273185994,487.02529892324674,124.18538826156987,0.5989514864311379,0.2763519715973324,low,normal,178e7720-4939-4df4-b9af-2a0a7e15ece3,,,"https://www.google.com/maps?q=-6.8846939,109.4522318",57.84824,5.898878822023831,Non-Event,Non-Event,condition_like,0.8346969696969697,ML_Ensemble(RF),Dipelajari dari data (Confidence: 83%),False
37,1775973254.389,-6.8835733,109.4488433,33.70861214368527,3.437321831990055,3.5156807332465867,9.17338,0.0,8.976723339565641,1,3,0.0,0.0,0.10633599389669944,34720.95087850791,721.1199099939686,48.14865093746983,0.1,20.50256567117053,0.3383838383838384,0.4096450589459453,-0.030112874540956937,196.00835600130682,404.3644396112655,120.74711438139629,0.48473193069352716,0.27623796718153304,low,normal,178e7720-4939-4df4-b9af-2a0a7e15ece3,,,"https://www.google.com/maps?q=-6.8835733,109.4488433",79.20264,8.076421611865419,Non-Event,Non-Event,condition_like,0.9588888888888889,ML_Ensemble(RF),Dipelajari dari data (Confidence: 96%),False
177,1776327547.444,-6.8993811,109.4768036,34.833569356096255,3.552035542830249,1.6624468760309303,16.581879,0.0,12.830866545257251,2,6,0.7679998874664307,0.0,0.01010002262021094,36851.734555463656,894.31180422535,41.20680767059505,0.7679998874664307,36.853991225238644,0.640506329113924,0.08792140348153188,0.05249659411645014,181.6110685194892,663.7543543711135,48.9463813347472,0.27361186717629615,0.2761763153258501,low,normal,635ce134-fb1a-4d66-97a1-2eba272d836a,,,"https://www.google.com/maps?q=-6.8993811,109.4768036",81.43148,8.303700040278791,Non-Event,Non-Event,condition_like,0.742,ML_Ensemble(RF),Dipelajari dari data (Confidence: 74%),True
309,1776413497.155,-6.8367664,109.4513133,38.46647433201045,3.922488753245038,2.887859995118574,2.20134,0.0,7.251230912517519,2,3,0.40599989891052246,0.0,0.19774189986905327,28952.756681511008,922.9538064892229,31.369670341653674,0.40599989891052246,18.183850064549087,0.3501259445843829,2.188982910161405,0.3013658166419928,181.33588079140424,568.9715474128144,172.64637828500437,0.31870816967430665,0.27596906646290614,low,normal,c72307ef-f384-4659-aded-5319b398f560,,,"https://www.google.com/maps?q=-6.8367664,109.4513133",77.360695,7.888595493874056,Non-Event,Non-Event,condition_like,0.583030303030303,ML_Ensemble(RF)_LOW_CONF,"ML ragu-ragu (Conf: 58%), pakai tebakan terbaik ML",True
150,1776326738.871,-6.849285,109.4826767,39.47545943685121,4.025376600250974,2.0573852936736228,8.61542,0.0,8.610394414406176,2,3,0.18999981880187988,0.0,0.1638408743147465,32380.860408577708,899.0991247375903,36.01478355572146,0.18999981880187988,245.77122869543496,0.3848101265822785,1.129300550994583,0.14081931873448925,103.31608012034542,697.5344986183861,98.24854599885883,0.14811608626794598,0.2756686626704574,low,normal,2ba192ad-a007-47e8-843d-e4f356c01155,,,"https://www.google.com/maps?q=-6.849285,109.4826767",93.50782,9.535144009422178,Non-Event,Non-Event,condition_like,0.7332222222222222,ML_Ensemble(RF),Dipelajari dari data (Confidence: 73%),True
398,1776417595.967,-6.9657733,109.4859017,-37.6145529369017,-3.8356169473675217,2.9698484724077256,4.8316975,0.0,7.593881511263163,1,2,0.0,0.0,0.03363726869383311,26432.11222849754,503.69262058551504,52.47667147732874,0.1,22.545492734775184,0.3350253807106599,0.5046863722615207,-0.24783359802403399,119.57171194484566,272.64540470605255,111.47550393461682,0.4385612573782359,0.2754522278268433,low,normal,2403297f-866d-495e-a41b-b29966866b69,,,"https://www.google.com/maps?q=-6.9657733,109.4859017",67.36059,6.868868573875891,Non-Event,Non-Event,condition_like,0.6715000000000001,ML_Ensemble(RF),Dipelajari dari data (Confidence: 67%),True
155,1776326872.012,-6.8528256,109.4906156,-38.799263528724445,-3.956423807184354,2.238414770336923,4.9164066,0.2999999523162842,6.880150074423346,3,4,0.24549996852874756,0.0915001630783081,0.32196287119773753,28938.453144541287,520.2823623648709,55.62066904860068,0.4909999370574951,1.2143871652899538,0.3333333333333333,2.1360793245081986,0.3009489925347677,117.08377960454507,264.3073594430067,138.8912233173192,0.44298342432953985,0.2749272990738552,low,normal,2ba192ad-a007-47e8-843d-e4f356c01155,,,"https://www.google.com/maps?q=-6.8528256,109.4906156",51.933113,5.295703731651481,Non-Event,Rough Road,condition_like,0.72,R7,struktur kontinu panjang + noisy/dense → Non-Event,True
115,1775973948.066,-6.8391333,109.4515,31.945423554889455,3.2575266329367785,2.6179074241772757,9.017419,0.5060000419616699,9.448761266820705,2,4,0.6059999465942383,0.0,0.5376254597605542,36854.28491409189,975.8185182718796,37.76756044924339,0.6059999465942383,66.77684604777592,0.38944723618090454,0.5531460924518696,0.13436897345496146,284.0936486927568,550.6002109034457,141.12465867567698,0.5159708306515799,0.27437446447495395,low,normal,cc249e1a-62c0-4274-812f-0019a041760e,,,"https://www.google.com/maps?q=-6.8391333,109.4515",63.760284,6.5017395338877195,Non-Event,Non-Event,condition_like,0.7122222222222221,ML_Ensemble(RF),Dipelajari dari data (Confidence: 71%),True
210,1776329626.39,-6.8728765,109.5223587,47.65511733068027,4.859469577346013,0.46475303068538454,7.925517,0.0,6.79984118013318,1,3,0.0,0.0,0.21113254959341346,30416.885383604807,663.6528716992511,45.83252274625335,0.1,6.913122668554675,0.3333333333333333,2.7284317875273327,0.6852417799087441,112.9775638888526,415.75807523527914,134.91723257511939,0.27173871139647604,0.2735085787190964,low,normal,3a9b8fd6-92e7-4ce1-89d1-f0025de3bc91,,,"https://www.google.com/maps?q=-6.8728765,109.5223587",69.15642,7.051992270551105,Non-Event,Non-Event,condition_like,0.6636969696969698,ML_Ensemble(RF),Dipelajari dari data (Confidence: 66%),True
417,1776417753.474,-6.9726167,109.4839428,-31.095321416001205,-3.170840339565622,2.2049019182054903,5.696789,0.8940000534057617,8.760542128763454,1,1,0.0,0.0,0.3317795659884244,32482.61894265949,1187.831555074771,27.34614918802072,0.1,8.883484255145735,0.3569620253164557,0.84361426952937,-0.10084900616676169,260.97358711232187,554.4241971375881,372.4337708248611,0.47071103315652474,0.27272959355670046,low,normal,2403297f-866d-495e-a41b-b29966866b69,,,"https://www.google.com/maps?q=-6.9726167,109.4839428",42.146477,4.297744591680136,Non-Event,Normal,condition_like,0.92,R6,amplitudo rendah + tidak ada struktur event → Non-Event,False
430,1776418233.318,-7.0123628,109.4939757,-29.492688143356677,-3.007417226408272,6.680309635238194,12.930758,0.0,5.263461386560659,2,2,0.19899988174438477,0.0,0.03257507311471359,13172.584474373205,455.135303227398,28.94212853194052,0.19899988174438477,6.726758710489365,0.35858585858585856,2.56739059297189,-0.7454687916635356,82.68194640833714,342.2582894700756,30.19506734898528,0.24157762926583132,0.2708470355308866,low,candidate,2403297f-866d-495e-a41b-b29966866b69,,,"https://www.google.com/maps?q=-7.0123628,109.4939757",82.01978,8.363689945088282,Non-Event,Non-Event,condition_like,0.8033333333333332,ML_Ensemble(RF),Dipelajari dari data (Confidence: 80%),False
266,1776412816.91,-6.8731217,109.446285,-30.22740764807284,-3.0823377655032904,4.766056483142803,8.331294,0.0,7.833818818569108,1,3,0.0,0.0,0.03032441335433488,29401.017387597723,821.3465047757088,35.79611915415694,0.1,12.084192972443667,0.3602015113350126,0.5980025896060854,-0.005293524959569033,112.31769029914402,571.7106911700942,137.31812330647074,0.1964589640134411,0.27072986591431103,low,candidate,c72307ef-f384-4659-aded-5319b398f560,,,"https://www.google.com/maps?q=-6.8731217,109.446285",54.990395,5.60745973395604,Non-Event,Non-Event,condition_like,0.8152525252525252,ML_Ensemble(RF),Dipelajari dari data (Confidence: 82%),False
336,1776413773.3235,-6.83023,109.464085,36.22918243642426,3.694348471335702,1.322134887513846,6.2790966,0.4070000648498535,10.010916191340893,2,3,0.31100010871887207,0.0,0.726549754992336,42089.41052869354,1506.8485561315956,27.932077400541186,0.31100010871887207,26.91200280853486,0.35353535353535354,0.6257994567788696,0.011090606266807416,178.49075063780242,1213.836704245713,114.5211012480805,0.14704675667364261,0.2705664127522923,low,normal,40a7a6c4-b8d9-447a-ba96-8503647f43bb,,,"https://www.google.com/maps?q=-6.83023,109.464085",81.929565,8.354490575272902,Non-Event,Maneuver,condition_like,0.88,R5,gyro dominan + asimetri tinggi → maneuver (Non-Event),False
20,1775973094.364,-6.8890621,109.454337,-37.4720324175985,-3.8210838989459703,2.1826375540129197,7.7601833,0.0,9.16277971219995,3,2,0.3370000123977661,0.01700007915496826,0.06304416771824473,29917.321399321932,678.2129814145422,44.111985725799116,0.6740000247955322,66.22053741845897,0.40966921119592875,0.5290234840875518,-0.19019066265607454,206.05336075373793,350.138276505975,122.02134415482938,0.5884913875210964,0.2688225322015673,low,normal,178e7720-4939-4df4-b9af-2a0a7e15ece3,,,"https://www.google.com/maps?q=-6.8890621,109.454337",40.960815,4.176840715228952,Non-Event,Non-Event,condition_like,0.8875555555555557,ML_Ensemble(RF),Dipelajari dari data (Confidence: 89%),False
145,1776325760.039,-6.8942526,109.4243297,-38.84116007306828,-3.96069606573787,0.7982415625532787,17.133614,0.0,11.585586013908427,2,3,0.1770000457763672,0.0,0.053102428453328084,30355.764672395562,693.4219180923789,43.77675962728186,0.1770000457763672,60.360085677451345,0.6843434343434344,0.7257893389936068,-0.1921112824663071,135.12454773795287,493.79461659970707,64.50275375471898,0.27364524221584596,0.2675451781869633,low,normal,d4030b3c-2d8e-49cc-9722-89da2a36bbc9,,,"https://www.google.com/maps?q=-6.8942526,109.4243297",85.90873,8.760252481734334,Non-Event,Non-Event,condition_like,0.8525555555555556,ML_Ensemble(RF),Dipelajari dari data (Confidence: 85%),False
138,1776325479.235,-6.8951334,109.4078626,31.531391881858863,3.215307151969211,2.788025845720633,9.471583,0.0,11.637004382707737,1,5,0.0,0.0,0.0013714128702970573,43164.105957717955,852.7206724979103,50.61927932467763,0.1,208.62064733332593,0.43434343434343436,-0.678669042263575,0.06494713007029901,105.35312890660474,635.7479429149008,111.61960067640456,0.16571524912506358,0.26747189697068663,low,normal,d4030b3c-2d8e-49cc-9722-89da2a36bbc9,,,"https://www.google.com/maps?q=-6.8951334,109.4078626",53.017426,5.406272886255755,Non-Event,Normal,condition_like,0.92,R6,amplitudo rendah + tidak ada struktur event → Non-Event,False
283,1776412952.8845,-6.870026,109.4526214,-36.234388123667905,-3.694879303703906,1.3408617534229657,12.148663,0.689000129699707,8.026282686450585,3,4,0.4140000343322754,0.27900004386901855,0.18087735034692554,23386.099683527544,665.8633911361228,35.12146779612523,0.8280000686645508,168.92633052332445,0.43358395989974935,3.02114765878068,-0.7604201963128775,118.0360344778474,474.73489969694435,73.09245696133097,0.24863567920656804,0.26592664132760285,low,normal,c72307ef-f384-4659-aded-5319b398f560,,,"https://www.google.com/maps?q=-6.870026,109.4526214",54.32787,5.53990098555572,Non-Event,Non-Event,condition_like,0.7308888888888889,ML_Ensemble(RF),Dipelajari dari data (Confidence: 73%),True
370,1776414055.803,-6.8222372,109.4777523,-33.51531981908804,-3.417611500266456,2.6545463296778697,2.5548666,0.0,10.418202168980498,1,4,0.0,0.0,0.198499051754317,69313.64771696534,2547.547029905367,27.207995328876077,0.1,31.53023143749463,0.3333333333333333,1.4040029571292685,-0.24255364495425755,320.91339687937307,1956.7474321967434,269.8862008292507,0.16400348426935,0.26497927493298334,low,normal,40a7a6c4-b8d9-447a-ba96-8503647f43bb,,,"https://www.google.com/maps?q=-6.8222372,109.4777523",88.09082,8.982763736852034,Non-Event,Normal,condition_like,0.92,R6,amplitudo rendah + tidak ada struktur event → Non-Event,False
388,1776417458.891,-6.9581412,109.4919207,37.8252938293571,3.8571065378449423,1.613894668621918,9.912414,0.0,9.863994944229615,1,5,0.0,0.0,0.15451961618578486,45232.90750766755,974.2625159873093,46.427843336866005,0.1,67.81885340211932,0.39949748743718594,0.3886545178406893,0.17974942085903012,216.14984932320456,584.2902881458607,173.82237851824402,0.36993572088829546,0.262456009949837,low,normal,2403297f-866d-495e-a41b-b29966866b69,,,"https://www.google.com/maps?q=-6.9581412,109.4919207",62.315742,6.354437244114963,Non-Event,Normal,condition_like,0.92,R6,amplitudo rendah + tidak ada struktur event → Non-Event,False
111,1775973930.82,-6.8398917,109.451725,-38.88716764370389,-3.965387532307556,2.0937952824246593,8.4213705,0.0,7.83486957630495,2,4,0.7149999141693115,0.0,0.22566668532401202,36734.38070744797,927.5125061577583,39.60526723247724,0.7149999141693115,73.32388193647569,0.3434343434343434,1.3042946552949326,-0.27900277273112084,289.38455180914684,503.93762512632844,134.19032922228288,0.5742467654848283,0.261142981672568,low,normal,cc249e1a-62c0-4274-812f-0019a041760e,,,"https://www.google.com/maps?q=-6.8398917,109.451725",69.06197,7.04236105091953,Non-Event,Non-Event,condition_like,0.6489191919191919,ML_Ensemble(RF)_LOW_CONF,"ML ragu-ragu (Conf: 65%), pakai tebakan terbaik ML",True
303,1776413431.549,-6.8388846,109.4514296,37.06925218079269,3.780011745172173,2.7067995011676156,7.422782,0.0,7.515674883479485,1,4,0.0,0.0,0.0009765971260231032,28738.705440178197,577.9794888295148,49.72270806470171,0.1,32.35471867956228,0.3475,-0.027717569417449628,0.05237547427445479,129.36737558725645,335.7094004423889,112.90271279986935,0.38535523590171833,0.2606367055508092,low,normal,c72307ef-f384-4659-aded-5319b398f560,,,"https://www.google.com/maps?q=-6.8388846,109.4514296",56.50635,5.7620441231205355,Non-Event,Non-Event,condition_like,0.8243888888888888,ML_Ensemble(RF),Dipelajari dari data (Confidence: 82%),False
219,1776329902.197,-6.8723017,109.5335083,36.39169197770701,3.710919832736665,2.435407301183161,7.4423685,0.0,8.645425418416382,1,2,0.0,0.0,0.16053044970987035,32448.834309662765,485.80776745943064,66.79356818966252,0.1,12.732773583451573,0.3392405063291139,-0.22136375684910492,-0.03626015436149356,118.11741302773498,252.56323319191543,115.12712123978021,0.4676746138671197,0.26043536723129035,low,normal,3a9b8fd6-92e7-4ce1-89d1-f0025de3bc91,,,"https://www.google.com/maps?q=-6.8723017,109.5335083",58.98538,6.014834831466403,Non-Event,Non-Event,condition_like,0.9163888888888888,ML_Ensemble(RF),Dipelajari dari data (Confidence: 92%),False
182,1776327779.637,-6.9003309,109.5092548,29.465381024116105,3.0046326751863384,1.7953706926164996,16.1645,0.0,17.062443153707047,1,5,0.0,0.0,0.31914586378591975,50056.03331534919,698.9058867462826,71.62056321597419,0.1,290.34730730276584,0.7192982456140351,-0.8607016153235629,0.03475122788700802,206.6088732522173,422.46063272237024,69.8363807716949,0.48906065266188825,0.2602626305206538,low,normal,635ce134-fb1a-4d66-97a1-2eba272d836a,,,"https://www.google.com/maps?q=-6.9003309,109.5092548",42.90109,4.374693702742527,Non-Event,Non-Event,condition_like,0.695,ML_Ensemble(RF),Dipelajari dari data (Confidence: 70%),True
429,1776418025.71,-6.989674,109.4935078,31.190657534633104,3.1805619181507554,4.561041675805813,12.624327,0.0,6.861273911606644,1,3,0.0,0.0,0.20316274645587387,19366.368669051713,743.8732422262044,26.034500965593402,0.1,11.836449298008636,0.3994910941475827,1.209101256979893,0.04203647722074098,122.26847398131935,541.1843103015757,80.42045794330929,0.22592760253388994,0.25976894731518374,low,candidate,2403297f-866d-495e-a41b-b29966866b69,,,"https://www.google.com/maps?q=-6.989674,109.4935078",65.453964,6.674446829447365,Non-Event,Normal,condition_like,0.92,R6,amplitudo rendah + tidak ada struktur event → Non-Event,False
326,1776413724.693,-6.8315033,109.4621567,32.27341586623325,3.2909725406977155,3.397649600781031,5.4251723,0.0,8.842430602894282,1,4,0.0,0.0,0.16338779638445042,45589.95323305049,1587.2690844800768,28.722258658028103,0.1,9.151607583126031,0.32160804020100503,-0.006744611051095362,0.05040388639360235,166.21612688303924,1262.832507128027,158.22045046901084,0.1316216725600701,0.2573415900607525,low,normal,40a7a6c4-b8d9-447a-ba96-8503647f43bb,,,"https://www.google.com/maps?q=-6.8315033,109.4621567",98.023575,9.995622868155792,Non-Event,Normal,condition_like,0.92,R6,amplitudo rendah + tidak ada struktur event → Non-Event,False
34,1775973206.908,-6.8846939,109.4522318,31.870258938155214,3.2498619751041606,3.709585488151776,4.2011566,0.0,8.311351954451478,3,5,0.4515000581741333,0.29949986934661865,0.22254966257477368,29699.79878855054,724.8249458785396,40.97513326004133,0.9030001163482666,60.16660871690462,0.3401015228426396,1.1294552443468486,0.08483234321091673,214.40100311394679,387.2995076130215,123.12443515157133,0.5535793316179238,0.2569584534237867,low,normal,178e7720-4939-4df4-b9af-2a0a7e15ece3,,,"https://www.google.com/maps?q=-6.8846939,109.4522318",56.220917,5.732938057338643,Non-Event,Non-Event,condition_like,0.8986666666666666,ML_Ensemble(RF),Dipelajari dari data (Confidence: 90%),False
308,1776413494.622,-6.8367664,109.4513133,-38.772919597014045,-3.9537374737564863,1.152910032469468,2.20134,0.0,9.865154968974089,3,5,0.5235000848770142,0.278499960899353,0.15485040937482644,40887.51685152891,1131.944571249921,36.12148320147728,1.0470001697540283,11.789645722383227,0.33164556962025316,1.3243621568923842,0.01351793104458377,202.74803633990572,781.4856928316215,147.71084207839368,0.2594392167895395,0.2558021066400539,low,normal,c72307ef-f384-4659-aded-5319b398f560,,,"https://www.google.com/maps?q=-6.8367664,109.4513133",52.664764,5.370311370345633,Non-Event,Non-Event,condition_like,0.612,ML_Ensemble(RF)_LOW_CONF,"ML ragu-ragu (Conf: 61%), pakai tebakan terbaik ML",True
352,1776413932.227,-6.8251415,109.4732711,49.49057860008617,5.046634538816637,0.17154413153034412,8.02342,0.0,4.735469234052434,1,6,0.0,0.0,0.03479364439773336,20808.34649496781,329.17559766578887,63.21351454757881,0.1,5.587625777785779,0.39185750636132316,7.82235398824889,1.511732006571858,64.83373598647606,208.49265238481328,55.8492092944995,0.31096412719546973,0.2530548359985412,low,candidate,40a7a6c4-b8d9-447a-ba96-8503647f43bb,,,"https://www.google.com/maps?q=-6.8251415,109.4732711",72.49211,7.39213798799794,Non-Event,Crack,condition_like,0.76,R4,spike kecil/rapat + durasi sangat singkat → Non-Event,True
324,1776413711.443,-6.832005,109.461255,32.2320049627807,3.2867498037332528,3.5592313472767545,4.4667597,0.0,8.106760044559387,3,5,0.4739999771118164,0.24000000953674316,0.04283895357858706,39838.91923229252,1364.2612172651097,29.20182637966832,0.9479999542236328,4.0989400863953485,0.34177215189873417,0.6265541914779118,0.19652008953563574,171.81300922015402,1055.7510551450164,136.69715289993954,0.16274007799482043,0.2525386611726764,low,normal,40a7a6c4-b8d9-447a-ba96-8503647f43bb,,,"https://www.google.com/maps?q=-6.832005,109.461255",51.92167,5.294536870388971,Non-Event,Non-Event,condition_like,0.682,ML_Ensemble(RF),Dipelajari dari data (Confidence: 68%),True
332,1776413754.631,-6.8305467,109.4635633,-33.32735629965593,-3.398444555445125,2.677701265661463,7.265819,0.0,9.541999838794862,0,4,0.0,0.0,0.20706778030310277,37931.075077794536,827.7537343723197,45.82410620078122,0.0,19.662182452963922,0.33668341708542715,-0.19328838719315122,-0.19168302911096494,185.26685021863858,459.147297126512,183.33958702716916,0.40350199374927115,0.2523433833627082,low,normal,40a7a6c4-b8d9-447a-ba96-8503647f43bb,,,"https://www.google.com/maps?q=-6.8305467,109.4635633",48.590073,4.954808522788108,Non-Event,Normal,condition_like,0.92,R6,amplitudo rendah + tidak ada struktur event → Non-Event,False
396,1776417588.616,-6.9653733,109.4861967,31.91430368327015,3.2543532891731783,3.8391333263918432,5.0056734,0.0,7.450680465451626,2,5,0.8399999141693115,0.0,0.6863049573962222,26841.512845639234,552.6792414167239,48.566167834109734,0.8399999141693115,80.48943170414677,0.3702770780856423,1.2382546754061021,0.4196722695119435,104.00559014333245,344.11897501156,104.55467626183145,0.3022372998687483,0.25020531311133587,low,normal,2403297f-866d-495e-a41b-b29966866b69,,,"https://www.google.com/maps?q=-6.9653733,109.4861967",71.4535,7.2862292424018404,Non-Event,Non-Event,condition_like,0.7466666666666666,ML_Ensemble(RF),Dipelajari dari data (Confidence: 75%),True
345,1776413884.587,-6.8264256,109.4709843,30.1018468978387,3.069534132230548,3.6250537994499132,9.927378,0.0,9.19545245411602,2,3,0.5880000591278076,0.0,0.09546293020911341,37756.853967333285,835.8898107436513,45.169654465070174,0.5880000591278076,30.07986559715246,0.3778337531486146,-0.05514203098196102,-0.09954989297019509,122.84408092049954,612.1500181561387,100.8957116670129,0.20067643073807725,0.24969923127062674,low,normal,40a7a6c4-b8d9-447a-ba96-8503647f43bb,,,"https://www.google.com/maps?q=-6.8264256,109.4709843",61.783485,6.300162134877864,Non-Event,Non-Event,condition_like,0.7408888888888889,ML_Ensemble(RF),Dipelajari dari data (Confidence: 74%),True
199,1776329060.005,-6.9007633,109.4954317,33.98896844368461,3.4659102184420383,3.224990555639661,18.184622,0.0,7.4977143676183395,1,4,0.0,0.0,0.006017384325366175,19033.438922900765,542.2113574687771,35.103357068453576,0.1,76.79957414688084,0.47959183673469385,1.926488994963396,-0.08265969017206592,70.0793163312575,417.88629811604466,54.24574302147496,0.1676994830399952,0.24940112974934997,low,normal,606f1311-3f3f-40aa-9c26-05d27f54675c,,,"https://www.google.com/maps?q=-6.9007633,109.4954317",73.52666,7.497632728811573,Non-Event,Non-Event,condition_like,0.7497222222222222,ML_Ensemble(RF),Dipelajari dari data (Confidence: 75%),True
267,1776412819.945,-6.8731217,109.446285,40.54741865119041,4.134686019302251,0.6012280541732895,8.331294,0.0,9.519305219052438,1,4,0.0,0.0,0.16512894792854474,37702.93398183877,1278.887962062049,29.481029668593024,0.1,141.2319983255541,0.38636363636363635,0.34991412036932745,0.07172519209546531,128.14965044495574,1011.6427381401966,139.09557347689665,0.1266748086917237,0.24908674646367807,low,normal,c72307ef-f384-4659-aded-5319b398f560,,,"https://www.google.com/maps?q=-6.8731217,109.446285",76.65765,7.816904855378749,Non-Event,Non-Event,condition_like,0.6722222222222222,ML_Ensemble(RF),Dipelajari dari data (Confidence: 67%),True
6,1775972300.113,-6.8947717,109.4071633,-32.547040725878475,-3.31887451126312,3.1908999381120946,10.447317,0.0,8.45130469125895,1,4,0.0,0.0,0.2341659083155332,28163.367958695562,673.6290833688083,41.80842040851709,0.1,57.90786805581313,0.44221105527638194,0.3061558151545887,-0.20896326960902253,183.56291182040468,399.82896973347584,90.23720181492777,0.4591035799223435,0.24774609983420326,low,normal,178e7720-4939-4df4-b9af-2a0a7e15ece3,,,"https://www.google.com/maps?q=-6.8947717,109.4071633",85.08956,8.676720388715822,Non-Event,Non-Event,condition_like,0.9438888888888889,ML_Ensemble(RF),Dipelajari dari data (Confidence: 94%),False
425,1776417904.9185,-6.9758667,109.4969017,-34.99006929983491,-3.5679940958262923,1.6538492912369616,7.1659627,0.3450000286102295,8.58744632473493,2,2,0.3789999485015869,0.0,0.2228752513369525,37414.7193584912,761.8494266324085,49.11038586031958,0.3789999485015869,184.86089691406264,0.3609022556390977,0.04094175160302882,0.01260973972314071,85.35617657289195,591.6605424066724,84.83270765284385,0.14426545343285324,0.24662206480783133,low,normal,2403297f-866d-495e-a41b-b29966866b69,,,"https://www.google.com/maps?q=-6.9758667,109.4969017",86.992455,8.870761677025286,Non-Event,Non-Event,condition_like,0.6132222222222222,ML_Ensemble(RF)_LOW_CONF,"ML ragu-ragu (Conf: 61%), pakai tebakan terbaik ML",True
240,1776412655.903,-6.876786,109.4369846,34.551887493247676,3.5233119865853966,2.3748058249837523,6.9692397,0.0,8.959785447842895,3,5,0.19099998474121094,0.05299997329711914,0.2067146605857007,32568.80196894357,824.5223935603399,39.50020300699077,0.3819999694824219,71.4607435101286,0.37626262626262624,0.7975517295961594,-0.24340895878302074,188.2310183416103,433.83563975398135,202.45573546474827,0.4338763362421668,0.24572207893004938,low,normal,c72307ef-f384-4659-aded-5319b398f560,,,"https://www.google.com/maps?q=-6.876786,109.4369846",75.15772,7.66395456144555,Non-Event,Non-Event,condition_like,0.8153333333333334,ML_Ensemble(RF),Dipelajari dari data (Confidence: 82%),False
272,1776412878.4875002,-6.8735207,109.4502335,33.44698273271467,3.4106430567741968,1.4550830473017717,5.2128153,0.44300007820129395,9.523994388206916,1,5,0.0,0.0,0.030933410968966808,40581.26844710622,1045.403083831316,38.81877625571988,0.1,20.31638445466861,0.35858585858585856,0.16090338137077875,0.15658683269975576,185.44312145979245,752.7196435490752,107.24031882244834,0.24636413145678449,0.24567224106092603,low,normal,c72307ef-f384-4659-aded-5319b398f560,,,"https://www.google.com/maps?q=-6.8735207,109.4502335",53.550594,5.460640891639857,Non-Event,Normal,condition_like,0.92,R6,amplitudo rendah + tidak ada struktur event → Non-Event,False
260,1776412791.14,-6.8728333,109.4445817,-32.749619969356765,-3.339531845161882,2.6117923617281007,10.803505,0.0,9.508106870605568,1,4,0.0,0.0,0.2670076927401358,41658.356372962844,1163.1475445565034,35.8151951849166,0.1,57.664595040073245,0.3333333333333333,-0.08019580337208732,-0.23896770227592448,112.17031194207964,929.5459004549605,121.43133215946318,0.12067216020909394,0.24439236973024697,low,normal,c72307ef-f384-4659-aded-5319b398f560,,,"https://www.google.com/maps?q=-6.8728333,109.4445817",75.71957,7.7212473168717155,Non-Event,Normal,condition_like,0.92,R6,amplitudo rendah + tidak ada struktur event → Non-Event,False
146,1776325797.762,-6.8940038,109.4298963,38.76098932132875,3.9525209242023274,2.28146830147276,11.214769,0.0,6.176010022837297,2,5,0.6500000953674316,0.0,0.10329453978553552,19342.49662195691,455.3352581523127,42.47968114300306,0.6500000953674316,12.921336338403997,0.3542713567839196,4.851100736066767,0.41003067211897387,78.94762617821092,246.5857006305573,129.8019313435444,0.3201630332017094,0.2441226268651321,low,normal,d4030b3c-2d8e-49cc-9722-89da2a36bbc9,,,"https://www.google.com/maps?q=-6.8940038,109.4298963",66.799866,6.811690638495307,Non-Event,Non-Event,condition_like,0.8175,ML_Ensemble(RF),Dipelajari dari data (Confidence: 82%),False
228,1776330239.833,-6.9002631,109.5333778,34.9059004668038,3.559411263459367,2.1761568807260314,12.331162,0.0,9.074426625929254,2,3,0.2590000629425049,0.0,0.04130842467104113,34608.21814780817,507.689564940088,68.16807054863179,0.2590000629425049,70.95992488818536,0.40554156171284633,-0.005292499526130978,0.0913595251498509,103.22936953183432,324.8040438761001,79.65615153215364,0.31782045562644473,0.24387793141460082,low,normal,44eda033-50cf-4664-89ef-2aa88372c53f,,,"https://www.google.com/maps?q=-6.9002631,109.5333778",71.78413,7.31994411955153,Non-Event,Non-Event,condition_like,0.8883888888888889,ML_Ensemble(RF),Dipelajari dari data (Confidence: 89%),False
55,1775973453.646,-6.873567,109.4500879,-33.829111874588264,-3.449609384916181,2.760738105225894,6.680509,0.0,8.352456816126386,0,6,0.0,0.0,0.11290142660570972,31100.777583250456,727.1314477366068,42.771877955888385,0.0,20.69112569042603,0.380352644836272,0.46925705723234534,0.09221764545140575,215.00449229533677,396.87841200062894,115.24854344064106,0.5417389438487703,0.24385553903167123,low,normal,cc249e1a-62c0-4274-812f-0019a041760e,,,"https://www.google.com/maps?q=-6.873567,109.4500879",54.735985,5.581517133781669,Non-Event,Non-Event,condition_like,0.71,ML_Ensemble(RF),Dipelajari dari data (Confidence: 71%),True
102,1775973856.137,-6.8460016,109.4530638,36.29864194943687,3.701431370492153,2.5934246245001993,5.0290055,0.0,6.9859441353204135,2,4,0.247999906539917,0.0,0.10511883209252293,26907.048819745338,691.2193394919515,38.92693280340677,0.247999906539917,16.544412145414626,0.34005037783375314,3.459414427488194,0.33906037149478613,190.44422345387343,363.9234245705838,136.85169146749422,0.5233085041318296,0.2427222326319059,low,normal,cc249e1a-62c0-4274-812f-0019a041760e,,,"https://www.google.com/maps?q=-6.8460016,109.4530638",46.842636,4.776619538782357,Non-Event,Non-Event,condition_like,0.6193636363636364,ML_Ensemble(RF)_LOW_CONF,"ML ragu-ragu (Conf: 62%), pakai tebakan terbaik ML",True
286,1776413011.5,-6.8631877,109.4531627,32.82800675389742,3.347525072669813,3.1611415729230634,11.163759,0.0,7.932058295274413,3,4,0.468999981880188,0.29300010204315186,0.3661633169720607,21573.258712449944,465.39265508279874,46.354961623227275,0.937999963760376,27.597740412084846,0.4271356783919598,1.342199239633155,0.08309111438884477,79.50672629052616,330.21926226167926,55.66666653059326,0.24076949813652082,0.2424094195747108,low,normal,c72307ef-f384-4659-aded-5319b398f560,,,"https://www.google.com/maps?q=-6.8631877,109.4531627",45.026505,4.591425716223175,Non-Event,Non-Event,condition_like,0.8008888888888889,ML_Ensemble(RF),Dipelajari dari data (Confidence: 80%),False
178,1776327632.858,-6.9010144,109.4895721,33.730334702943935,3.4395369165763983,1.848731854131369,15.341241,0.0,10.419072019567325,2,4,0.1770000457763672,0.0,0.5774902084794654,37738.00339892704,1083.375573875955,34.83372181733743,0.1770000457763672,43.88564776774748,0.5238095238095238,0.4957204818094634,0.0204616648597254,170.44799258773628,840.7288043560477,72.19877693217093,0.20273837592081997,0.24010367789048584,low,normal,635ce134-fb1a-4d66-97a1-2eba272d836a,,,"https://www.google.com/maps?q=-6.9010144,109.4895721",43.55243,4.441111898558631,Non-Event,Non-Event,condition_like,0.6572222222222222,ML_Ensemble(RF),Dipelajari dari data (Confidence: 66%),True
13,1775973032.319,-6.8934909,109.4529924,-32.71291459064963,-3.335788938184766,3.2376317973421966,9.682491,0.0,7.609866862674517,1,4,0.0,0.0,0.17717259211407874,28377.519572121368,650.9356051374396,43.59497207490244,0.1,20.929388132425036,0.3813131313131313,0.7948993966721769,-0.1942383430345374,146.18457843308693,415.9244564166068,88.82657028774582,0.35146906085078455,0.23960695585036237,low,normal,178e7720-4939-4df4-b9af-2a0a7e15ece3,,,"https://www.google.com/maps?q=-6.8934909,109.4529924",83.82652,8.547926152151858,Non-Event,Non-Event,condition_like,0.9885858585858586,ML_Ensemble(RF),Dipelajari dari data (Confidence: 99%),False
223,1776330131.704,-6.8922409,109.5311397,32.695618866853856,3.3340252651877917,2.3707777911478756,10.874035,0.29799985885620117,8.055586232447553,2,4,0.3269999027252197,0.0,0.0887166083132088,40958.433888127394,1048.7134058232662,39.05588850265351,0.3269999027252197,16.372789109719587,0.3147208121827411,0.15207136118419484,0.15685242644591274,141.41697281824975,802.7469330419801,104.54949996303634,0.176166319447885,0.23884600608534626,low,normal,44eda033-50cf-4664-89ef-2aa88372c53f,,,"https://www.google.com/maps?q=-6.8922409,109.5311397",92.61537,9.444139435994963,Non-Event,Non-Event,condition_like,0.6322525252525253,ML_Ensemble(RF)_LOW_CONF,"ML ragu-ragu (Conf: 63%), pakai tebakan terbaik ML",True
227,1776330235.16,-6.9002631,109.5333778,40.01643121998312,4.080540370053293,0.852778558320535,12.331162,0.0,8.468857851558269,3,3,0.2734999656677246,0.09350013732910156,0.3079445425800241,31857.76687127485,1135.5044463314757,28.056047641330768,0.5469999313354492,21.619417938685007,0.42025316455696204,2.468859811279957,0.25831734341639934,141.18609334605796,882.6366642083842,111.68168877703314,0.15995947020026063,0.2385926899362578,low,normal,44eda033-50cf-4664-89ef-2aa88372c53f,,,"https://www.google.com/maps?q=-6.9002631,109.5333778",77.5573,7.908643624479308,Non-Event,Rough Road,condition_like,0.72,R7,struktur kontinu panjang + noisy/dense → Non-Event,True
114,1775973944.8955,-6.8391333,109.4515,-31.272360563252178,-3.1888933084439826,1.9398651553490776,9.017419,0.5850000381469727,8.287235687343093,1,3,0.0,0.0,0.33175169267340954,25301.86977511025,773.8419089779057,32.696432499801745,0.1,98.6868327051908,0.3924050632911392,0.6498561579737854,-0.15869994870304266,229.29584309289356,403.02507185740717,141.520994027605,0.5689369186567206,0.23603404829719188,low,normal,cc249e1a-62c0-4274-812f-0019a041760e,,,"https://www.google.com/maps?q=-6.8391333,109.4515",67.47319,6.880350578434022,Non-Event,Non-Event,condition_like,0.8105555555555555,ML_Ensemble(RF),Dipelajari dari data (Confidence: 81%),False
423,1776417797.166,-6.9729236,109.4854372,-37.409905555849086,-3.814748722127239,1.5215412334722482,2.6045024,0.0,8.382111642906995,2,3,0.24099993705749512,0.0,0.1695991880855856,37245.339753439745,820.869018149142,45.37306060356106,0.24099993705749512,54.071035930067,0.33753148614609574,0.6425682517441151,-0.2998210910008113,189.75348457213957,479.3439260932504,151.77160748375195,0.3958608294524724,0.2358069146792864,low,normal,2403297f-866d-495e-a41b-b29966866b69,,,"https://www.google.com/maps?q=-6.9729236,109.4854372",87.280815,8.900166213742716,Non-Event,Non-Event,condition_like,0.47100000000000003,ML_Ensemble(RF)_LOW_CONF,"ML ragu-ragu (Conf: 47%), pakai tebakan terbaik ML",True
142,1776325520.842,-6.8933476,109.4072948,29.435061633157247,3.001540957733502,2.8668293344684384,2.7220306,0.0,10.41872672417994,0,2,0.0,0.0,0.4177326053694926,43603.37741019752,758.6500281437776,57.47495648211978,0.0,596.5305506994466,0.3256997455470738,0.06170468886292024,0.341288170328481,298.61752041665625,133.598392249448,326.43411547767334,2.2351879626208757,0.234616020334029,low,normal,d4030b3c-2d8e-49cc-9722-89da2a36bbc9,,,"https://www.google.com/maps?q=-6.8933476,109.4072948",66.63195,6.794567971733468,Non-Event,Normal,condition_like,0.92,R6,amplitudo rendah + tidak ada struktur event → Non-Event,False
285,1776413000.825,-6.8651228,109.453021,-37.11489655080337,-3.784666175585279,1.2475936550515958,14.353835,0.0,9.14478551334188,2,5,0.33299994468688965,0.0,0.49009310112117505,40652.611639491224,1200.0166434806097,33.87670648275587,0.33299994468688965,6.087768643644946,0.33753148614609574,0.8560627577669138,-0.011507464284015839,200.9759833174748,829.0320367770905,170.00862338604435,0.2424224567440819,0.2341368844822867,low,normal,c72307ef-f384-4659-aded-5319b398f560,,,"https://www.google.com/maps?q=-6.8651228,109.453021",49.80157,5.078346836075521,Non-Event,Non-Event,condition_like,0.535,ML_Ensemble(RF)_LOW_CONF,"ML ragu-ragu (Conf: 54%), pakai tebakan terbaik ML",True
156,1776326874.893,-6.8528256,109.4906156,-36.41267644129032,-3.7130596525103194,2.2808992451580368,4.9164066,0.0,7.035067700947703,2,4,0.24499988555908203,0.0,0.2999036779457471,24635.265271897144,560.8401240762742,43.925646847302076,0.24499988555908203,9.906756711934872,0.3526448362720403,1.831662772313071,0.001314465271703775,101.03440934770882,347.8800496319694,111.92566509659594,0.29042886812327023,0.2340062462438327,low,normal,2ba192ad-a007-47e8-843d-e4f356c01155,,,"https://www.google.com/maps?q=-6.8528256,109.4906156",41.06775,4.187745050552431,Pothole,Pothole,event,0.5523333333333332,ML_Ensemble(RF)_LOW_CONF,"ML ragu-ragu (Conf: 55%), pakai tebakan terbaik ML",True
290,1776413063.634,-6.8603867,109.4533683,-36.642405172272106,-3.7364854636672162,1.5310669207390155,8.2633505,0.0,8.697602246125687,1,3,0.0,0.0,0.14993954371647158,32422.427434806523,702.5260310320195,46.15121142347759,0.1,20.316965092328484,0.3693467336683417,1.0447471919121165,-0.3974911235612076,130.86841609413008,425.5712600945976,146.08635484329182,0.3075123441313396,0.23328728570302582,low,normal,c72307ef-f384-4659-aded-5319b398f560,,,"https://www.google.com/maps?q=-6.8603867,109.4533683",75.98849,7.748669525271118,Non-Event,Non-Event,condition_like,0.9588888888888889,ML_Ensemble(RF),Dipelajari dari data (Confidence: 96%),False
243,1776412676.684,-6.8758444,109.4377816,-37.95939935413266,-3.870781495631297,1.5281082342127306,7.5197673,0.0,7.754405813914783,3,4,0.20500004291534424,0.012999892234802246,0.07160182603190535,23727.91627142189,553.0594932400821,42.90300866098439,0.4100000858306885,17.312526116798477,0.3392405063291139,0.6005818640323914,-0.22069703300651697,90.52170414215777,368.0678327085053,94.46995638941908,0.24593755784116486,0.23269935326610486,low,normal,c72307ef-f384-4659-aded-5319b398f560,,,"https://www.google.com/maps?q=-6.8758444,109.4377816",50.11817,5.110631051378402,Non-Event,Non-Event,condition_like,0.6743888888888889,ML_Ensemble(RF),Dipelajari dari data (Confidence: 67%),True
43,1775973390.967,-6.8769719,109.4488576,39.47772972663021,4.025608105380554,0.9767707535897561,11.390678,0.29199981689453125,6.421175327565422,3,3,0.30350005626678467,0.00950014591217041,0.3580405853889829,34788.43784620356,532.2292611331407,65.36363240678226,0.6070001125335693,1.121862927332203,0.2702020202020202,1.7304755523568405,0.8784708281351572,118.70311122025186,308.5717069247886,104.95444298810023,0.38468566032367624,0.23237941190520386,low,normal,cc249e1a-62c0-4274-812f-0019a041760e,,,"https://www.google.com/maps?q=-6.8769719,109.4488576",61.184433,6.239075831196178,Non-Event,Non-Event,condition_like,0.7148333333333333,ML_Ensemble(RF),Dipelajari dari data (Confidence: 71%),True
237,1776412530.803,-6.8820589,109.4370739,30.378053062493652,3.0976993226528586,1.49126788049842,10.772656,0.3880000114440918,10.851135874853641,1,3,0.0,0.0,0.25471773278214704,45560.22510388052,654.7901503825293,69.57988755280495,0.1,49.26504360819555,0.40404040404040403,-0.5672395402696009,0.16032863754191023,110.95752675688564,453.13454100095737,90.69808262468635,0.24486662673500448,0.23228368091172671,low,normal,c72307ef-f384-4659-aded-5319b398f560,,,"https://www.google.com/maps?q=-6.8820589,109.4370739",49.990707,5.0976334426129215,Non-Event,Non-Event,condition_like,0.6638888888888889,ML_Ensemble(RF),Dipelajari dari data (Confidence: 66%),True
378,1776414097.7415,-6.82129,109.4796033,-31.785340538276763,-3.241202708190541,1.413782234712086,3.9082859,0.7450001239776611,8.026961332566986,0,5,0.0,0.0,0.2698423575706932,35358.78871445889,1364.0836893542307,25.921275186038457,0.0,5.442698454842544,0.327455919395466,0.43330244197852563,-0.2950174702387406,270.1616045415043,873.8873345698358,220.03475024289062,0.30914923874636535,0.23173547862676927,low,normal,40a7a6c4-b8d9-447a-ba96-8503647f43bb,,,"https://www.google.com/maps?q=-6.82129,109.4796033",42.439808,4.327656029327039,Non-Event,Normal,condition_like,0.92,R6,amplitudo rendah + tidak ada struktur event → Non-Event,False
250,1776412735.714,-6.871535,109.4391143,-32.89072194847992,-3.353920242741397,2.4067700006214263,7.858962,0.0,8.86231176162924,2,3,0.1940000057220459,0.0,0.12916319252360825,30981.72258885508,1134.2386504422948,27.314994555562713,0.1940000057220459,27.84660406903355,0.3560606060606061,0.5538874920959698,-0.20881904123150175,129.9387742303349,859.4483436734429,144.85153253851695,0.15118857932026922,0.23024264535582983,low,normal,c72307ef-f384-4659-aded-5319b398f560,,,"https://www.google.com/maps?q=-6.871535,109.4391143",74.657585,7.612954984627779,Non-Event,Non-Event,condition_like,0.6932222222222222,ML_Ensemble(RF),Dipelajari dari data (Confidence: 69%),True
74,1775973606.934,-6.8637375,109.4531423,-36.71314092952315,-3.7436985035178325,1.0384615108569262,9.3108,0.0,9.549149959887588,3,5,0.2434999942779541,0.030499935150146484,0.5600819673788695,32391.919897329906,1025.0098582616931,31.60156910164899,0.4869999885559082,24.19656890894929,0.39949748743718594,0.9082788560083617,-0.14929916828444015,396.98133197548395,504.806164811711,123.22236147449804,0.7864034927884678,0.22887024847700366,low,normal,cc249e1a-62c0-4274-812f-0019a041760e,,,"https://www.google.com/maps?q=-6.8637375,109.4531423",65.597755,6.689109430845397,Non-Event,Non-Event,condition_like,0.8083333333333332,ML_Ensemble(RF),Dipelajari dari data (Confidence: 81%),False
8,1775972418.472,-6.8941433,109.4176217,-34.973709891506374,-3.566325900435559,2.6277667737132324,9.365886,0.0,6.768347376355739,2,3,0.23100018501281738,0.0,0.18208350865410428,20022.159106562165,512.8266010792415,39.042746662093705,0.23100018501281738,115.29064313218718,0.37373737373737376,1.8378063299866945,-0.18323213915783482,109.82358836125712,332.81980966992626,70.1832030480581,0.32997912035403015,0.22880618851438456,low,normal,178e7720-4939-4df4-b9af-2a0a7e15ece3,,,"https://www.google.com/maps?q=-6.8941433,109.4176217",71.87033,7.328734073307398,Pothole,Pothole,event,0.6045,ML_Ensemble(RF)_LOW_CONF,"ML ragu-ragu (Conf: 60%), pakai tebakan terbaik ML",True
292,1776413099.01,-6.8578714,109.4535036,-31.512158994004594,-3.213345943212473,3.833975244530148,7.912289,0.0,6.087572005297891,2,5,0.2950000762939453,0.0,0.06109913142893736,19507.224373385776,780.0171421279538,25.008712366448357,0.2950000762939453,4.65994902724058,0.3434343434343434,2.2741721908818473,0.5563967186010564,123.2844511124645,525.0747992582901,131.65789175719897,0.2347940732478868,0.22816793644409938,low,normal,c72307ef-f384-4659-aded-5319b398f560,,,"https://www.google.com/maps?q=-6.8578714,109.4535036",98.45706,10.039826036414066,Non-Event,Non-Event,condition_like,0.51,ML_Ensemble(RF)_LOW_CONF,"ML ragu-ragu (Conf: 51%), pakai tebakan terbaik ML",True
226,1776330222.801,-6.8983373,109.5329715,-31.755836115466064,-3.238194094361078,3.7759096012790416,6.3594713,0.0,6.038769206956355,1,4,0.0,0.0,0.053683269229233006,19644.844349092215,628.311659783308,31.26608270265308,0.1,22.137118505970747,0.356234096692112,1.0428580737434752,-0.1849238350577724,85.37612358448746,486.5751864855488,56.36034971327187,0.17546337293868508,0.22781804462788316,low,normal,44eda033-50cf-4664-89ef-2aa88372c53f,,,"https://www.google.com/maps?q=-6.8983373,109.5329715",86.97915,8.869404944603918,Non-Event,Non-Event,condition_like,0.6641666666666667,ML_Ensemble(RF),Dipelajari dari data (Confidence: 66%),True
54,1775973449.1234999,-6.873567,109.4500879,-31.12014563479056,-3.1733717054030235,2.3244232568773935,6.680509,0.3809998035430908,7.908417557986578,3,3,0.4919999837875366,0.10699999332427979,0.2955013480802457,30693.935293672046,576.7913564790985,53.21497088274996,0.9839999675750732,62.85963737476543,0.365,0.4334562847777357,0.08747665305390123,190.56654922444108,299.1791647665063,87.04564248815107,0.6369646386846614,0.22710478142107143,low,normal,cc249e1a-62c0-4274-812f-0019a041760e,,,"https://www.google.com/maps?q=-6.873567,109.4500879",70.57325,7.196468722754458,Non-Event,Non-Event,condition_like,0.8075555555555556,ML_Ensemble(RF),Dipelajari dari data (Confidence: 81%),False
317,1776413689.344,-6.8323617,109.460395,30.327653533643243,3.092560000983337,2.794238168675185,4.6551476,0.0,9.350860306371537,1,3,0.0,0.0,0.05933029603594107,41324.29792730556,1618.615054106644,25.530652144207856,0.1,51.02656481747164,0.36180904522613067,-0.07845822385653234,0.10162718592663117,197.3515459992924,1243.9978906356278,177.2656174717236,0.15864299073675397,0.22614980979596033,low,normal,40a7a6c4-b8d9-447a-ba96-8503647f43bb,,,"https://www.google.com/maps?q=-6.8323617,109.460395",65.872215,6.717096562026788,Non-Event,Normal,condition_like,0.92,R6,amplitudo rendah + tidak ada struktur event → Non-Event,False
402,1776417632.907,-6.9681225,109.484541,31.738354290578826,3.2364114443340823,2.2751724803091853,8.9760275,0.0,9.573175513934261,1,4,0.0,0.0,0.16068430664906952,35309.116089892195,958.2438461129624,36.847735778604786,0.1,51.93513130107947,0.3583959899749373,0.030262558688678443,-0.1169093909449237,165.1319725852368,665.4543562538814,127.65751727384425,0.24814920931118997,0.22475845285283041,low,normal,2403297f-866d-495e-a41b-b29966866b69,,,"https://www.google.com/maps?q=-6.9681225,109.484541",65.17372,6.645869894408387,Non-Event,Non-Event,condition_like,0.7722222222222221,ML_Ensemble(RF),Dipelajari dari data (Confidence: 77%),True
28,1775973139.506,-6.8858567,109.4550333,-34.721008549389154,-3.540557534875738,2.6077579999697535,8.969035,0.0,6.637565605222741,2,4,0.5999999046325684,0.0,0.2534162593005352,24579.749163527766,741.3482772886496,33.155468061878274,0.5999999046325684,7.723239475368821,0.31645569620253167,2.394909459248841,0.1372822682439014,191.08252632797087,441.896203755796,108.36954720488288,0.4324149523609697,0.2240763195407781,low,normal,178e7720-4939-4df4-b9af-2a0a7e15ece3,,,"https://www.google.com/maps?q=-6.8858567,109.4550333",58.05943,5.9204142087257114,Pothole,Pothole,event,0.6534696969696969,ML_Ensemble(RF),Dipelajari dari data (Confidence: 65%),True
64,1775973506.422,-6.8722733,109.4524,-36.52553799272917,-3.724568327892723,2.3262708626818376,6.536972,0.0,6.018543969601534,2,3,0.1679999828338623,0.0,0.1169990367545128,22039.018322091193,431.65198998956555,51.05737673436087,0.1679999828338623,5.0214720871245975,0.3282828282828283,2.8611853974925587,-0.09495415460755352,165.28019861130255,170.12746489304615,96.2443264852168,0.9715080263125125,0.22300076452776013,low,normal,cc249e1a-62c0-4274-812f-0019a041760e,,,"https://www.google.com/maps?q=-6.8722733,109.4524",77.11035,7.863067408340259,Non-Event,Non-Event,condition_like,0.4726666666666667,ML_Ensemble(RF)_LOW_CONF,"ML ragu-ragu (Conf: 47%), pakai tebakan terbaik ML",True
31,1775973170.375,-6.8846582,109.4547392,-34.140034649342006,-3.4813146843562284,2.228632122408553,7.8310566,0.0,7.891740602041643,2,3,0.3410000801086426,0.0,0.38373613135441725,25099.451176050712,912.4621844351668,27.507387787342015,0.3410000801086426,13.037870352861571,0.3484848484848485,2.6398962470043834,-0.40159183793292336,290.3224309190929,524.3595070512098,97.7802464648642,0.5536705761245384,0.2228292670329009,low,normal,178e7720-4939-4df4-b9af-2a0a7e15ece3,,,"https://www.google.com/maps?q=-6.8846582,109.4547392",29.214878,2.979088475677219,Non-Event,Non-Event,condition_like,0.7862525252525253,ML_Ensemble(RF),Dipelajari dari data (Confidence: 79%),True
230,1776330247.849,-6.9011798,109.5335516,31.038559468638667,3.165052231765044,1.86153054559615,6.940078,0.0,10.890669873382679,0,6,0.0,0.0,0.029744904413881414,42282.06270525692,548.4337985521436,77.09601913628384,0.0,74.08091845792734,0.44776119402985076,-0.45934579520664887,0.06360974542373155,95.44803600376005,368.5040905759013,84.4816719724823,0.2590148608542668,0.22211465069049463,low,normal,44eda033-50cf-4664-89ef-2aa88372c53f,,,"https://www.google.com/maps?q=-6.9011798,109.5335516",44.465256,4.53419424574141,Non-Event,Normal,condition_like,0.92,R6,amplitudo rendah + tidak ada struktur event → Non-Event,False
11,1775972966.128,-6.8922577,109.4448662,-35.587765888433594,-3.6289421860098603,1.897592157635236,18.682701,0.0,7.568421683154003,1,4,0.0,0.0,0.18197167758089158,26326.467431614026,583.2463226230685,45.137819760400056,0.1,15.906972548982996,0.3693467336683417,0.634419301308708,-0.1665246103248557,146.72579949523023,366.12182959963343,70.39869352820482,0.40075676245506336,0.22077015777078202,low,normal,178e7720-4939-4df4-b9af-2a0a7e15ece3,,,"https://www.google.com/maps?q=-6.8922577,109.4448662",50.24565,5.123630393661444,Non-Event,Non-Event,condition_like,0.8677222222222223,ML_Ensemble(RF),Dipelajari dari data (Confidence: 87%),False
239,1776412641.554,-6.8772433,109.4365778,-32.11478483653748,-3.2747966774114996,1.345916723049762,6.794964,0.28600001335144043,9.716955487279916,3,4,0.2580000162124634,0.03100001811981201,0.03229527011928317,32030.215618732007,881.374985810769,36.341189729734054,0.5160000324249268,24.31510135375803,0.39348370927318294,2.2272760287327014,-0.03626540670053386,178.77614549128518,485.90265487890855,216.6961854405751,0.36792584549247215,0.22060499923378393,low,normal,c72307ef-f384-4659-aded-5319b398f560,,,"https://www.google.com/maps?q=-6.8772433,109.4365778",59.443058,6.061504999158735,Non-Event,Non-Event,condition_like,0.6342222222222222,ML_Ensemble(RF)_LOW_CONF,"ML ragu-ragu (Conf: 63%), pakai tebakan terbaik ML",True
181,1776327716.331,-6.9006001,109.5016856,-29.797730843227097,-3.0385229250791146,1.2908205092232035,17.34123,0.0,13.013684866657801,3,4,0.2109999656677246,0.00800013542175293,0.40930981506901254,34969.388420569216,570.9313931661621,61.24972068078609,0.4219999313354492,102.45033329120515,0.6934673366834171,-0.5965088377829306,-0.15397002019085118,162.46974043958696,353.76437919133684,54.69727353523843,0.45925974896543753,0.22001021178666447,low,normal,635ce134-fb1a-4d66-97a1-2eba272d836a,,,"https://www.google.com/maps?q=-6.9006001,109.5016856",69.76318,7.1138645714897555,Non-Event,Non-Event,condition_like,0.8358888888888889,ML_Ensemble(RF),Dipelajari dari data (Confidence: 84%),False
222,1776330124.774,-6.8922409,109.5311397,31.227620881073562,3.184331130515881,2.442848562801479,10.874035,0.0,9.105379857006065,1,6,0.0,0.0,0.14747156922758453,32225.636414733846,366.66555266655314,87.88836609407805,0.1,18.613403941675887,0.398989898989899,0.15636118061289705,0.09214877298933138,73.74372371590759,235.5153343921023,57.40649455854324,0.31311644141191025,0.21942315193322615,low,normal,44eda033-50cf-4664-89ef-2aa88372c53f,,,"https://www.google.com/maps?q=-6.8922409,109.5311397",62.9335,6.4174310289446455,Non-Event,Non-Event,condition_like,0.9575,ML_Ensemble(RF),Dipelajari dari data (Confidence: 96%),False
246,1776412701.933,-6.8738975,109.4385554,29.455335322726846,3.003608298728602,3.3603034266361274,10.212739,0.0,7.982815742529423,1,4,0.0,0.0,0.2431622725284815,34212.47508902445,775.8295184226031,44.09792903276799,0.1,30.20772741329417,0.34595959595959597,-0.06223306231596348,0.05654213396878718,102.54830761337638,573.7033039351918,99.5779068740349,0.17874798128443886,0.2187724043405041,low,normal,c72307ef-f384-4659-aded-5319b398f560,,,"https://www.google.com/maps?q=-6.8738975,109.4385554",59.952816,6.113485848888255,Non-Event,Non-Event,condition_like,0.8069191919191919,ML_Ensemble(RF),Dipelajari dari data (Confidence: 81%),False
215,1776329780.443,-6.8668141,109.5248324,33.99220949151676,3.466240713344186,2.2759377265444902,5.474096,0.0,7.476175199881123,1,5,0.0,0.0,0.3193999157268514,25505.69573933333,588.6848373719477,43.32657149769859,0.1,13.094219415935257,0.350253807106599,1.7522013786761228,0.45312135401934045,110.39322060852471,394.47643425523177,83.81518250819109,0.279847440157227,0.21750859108420806,low,normal,3a9b8fd6-92e7-4ce1-89d1-f0025de3bc91,,,"https://www.google.com/maps?q=-6.8668141,109.5248324",68.446365,6.979586810990502,Non-Event,Non-Event,condition_like,0.6863333333333332,ML_Ensemble(RF),Dipelajari dari data (Confidence: 69%),True
200,1776329120.488,-6.900555,109.5058867,34.85832562342711,3.5545599795472578,1.846304329938594,19.225904,0.0,7.814799753819401,1,3,0.0,0.0,0.07509746732632354,26397.7937521585,675.3280065770889,39.088847872409886,0.1,21.707659487664483,0.4396984924623116,0.8741002927946706,0.0010805331907959375,79.87197136126053,532.6413758848603,62.814659330968055,0.14995450002098928,0.21565120587479836,low,normal,606f1311-3f3f-40aa-9c26-05d27f54675c,,,"https://www.google.com/maps?q=-6.900555,109.5058867",56.41738,5.752971707973671,Non-Event,Non-Event,condition_like,0.9085858585858587,ML_Ensemble(RF),Dipelajari dari data (Confidence: 91%),False
87,1775973687.538,-6.8573771,109.4534602,37.815903871955655,3.8561490286647997,1.739943890663216,7.2651057,0.0,5.9033251764649775,3,3,0.15000009536743164,0.016000032424926758,0.26679598700686863,16235.968173553618,549.0599521454011,29.570483297029018,0.3000001907348633,7.516102428681178,0.33668341708542715,6.874587603035776,0.1476854582863031,190.64255011841877,282.8274308291258,75.58997119785651,0.6740596160898501,0.21376254462147223,low,normal,cc249e1a-62c0-4274-812f-0019a041760e,,,"https://www.google.com/maps?q=-6.8573771,109.4534602",43.582882,4.444217138370392,Non-Event,Non-Event,condition_like,0.6425,ML_Ensemble(RF)_LOW_CONF,"ML ragu-ragu (Conf: 64%), pakai tebakan terbaik ML",True
193,1776328126.361,-6.8830577,109.5176164,-32.77777884490468,-3.3424032513554254,1.3738642346725893,9.927559,0.0,10.285061182811624,1,4,0.0,0.0,0.013961665911888464,42824.514823591075,391.2710055981517,109.44975247699166,0.1,290.26710014682925,0.4156171284634761,-0.6439826300463407,-0.24015578364436496,71.09783712329434,245.47687349944465,74.6962949754127,0.28963150711557223,0.2137459162152296,low,normal,7b68bd61-6146-4cdb-8ad6-424ae6e78950,,,"https://www.google.com/maps?q=-6.8830577,109.5176164",36.23916,3.6953658996701217,Non-Event,Non-Event,condition_like,0.7288888888888888,ML_Ensemble(RF),Dipelajari dari data (Confidence: 73%),True
192,1776327990.835,-6.8936293,109.52161,33.109748526164005,3.37625473797515,1.9889620055524566,7.935999,0.0,8.459552396654836,2,3,0.556999921798706,0.0,0.04765024389387716,28877.799947322514,446.3642674115354,64.69559055452437,0.556999921798706,165.98326839340118,0.34005037783375314,0.28766680908653663,0.11210883780861927,93.4370450588736,225.30962348351719,127.61759886914463,0.4147050765055494,0.21295569189157657,low,normal,7b68bd61-6146-4cdb-8ad6-424ae6e78950,,,"https://www.google.com/maps?q=-6.8936293,109.52161",65.82889,6.712678641534062,Non-Event,Non-Event,condition_like,0.9183888888888889,ML_Ensemble(RF),Dipelajari dari data (Confidence: 92%),False
119,1775973979.681,-6.8374517,109.45016,-32.36141941569338,-3.299946405316126,2.3301241257508685,6.5472665,0.0,8.089247821424483,2,5,0.30900001525878906,0.0,0.2928224245049526,67268.49328816592,2232.386617521457,30.132994316512633,0.30900001525878906,7.28786439128892,0.33249370277078083,1.638882227958332,-0.09788875388098042,383.27470464664447,1627.6289905085116,221.4829223663013,0.23548038689788853,0.21252261828914004,low,normal,cc249e1a-62c0-4274-812f-0019a041760e,,,"https://www.google.com/maps?q=-6.8374517,109.45016",43.577015,4.443618870868238,Non-Event,Non-Event,condition_like,0.5633636363636364,ML_Ensemble(RF)_LOW_CONF,"ML ragu-ragu (Conf: 56%), pakai tebakan terbaik ML",True
408,1776417678.302,-6.9701879,109.4833828,-33.42569808821066,-3.408472627065375,1.3302943086611512,7.6007867,0.0,9.702332295653171,2,2,0.3510000705718994,0.0,0.07759817917913586,31277.038488230082,409.435952152127,76.39055204467844,0.3510000705718994,43.87236032964038,0.42317380352644834,-0.019392206321389605,-0.15816898956380682,85.55005078264372,262.14786656173453,61.738034807748775,0.32634273007197784,0.21047011066663107,low,normal,2403297f-866d-495e-a41b-b29966866b69,,,"https://www.google.com/maps?q=-6.9701879,109.4833828",41.84878,4.267387945934646,Non-Event,Non-Event,condition_like,0.9033888888888889,ML_Ensemble(RF),Dipelajari dari data (Confidence: 90%),False
96,1775973734.941,-6.8542402,109.4532952,-31.890898532857406,-3.2519666280388724,2.7209512052887863,6.7719517,0.0,7.199769967461114,0,5,0.0,0.0,0.08290983903588059,24943.415643944914,657.1710754681889,37.95574171948867,0.0,12.146197265297994,0.29949238578680204,1.0501730060720478,-0.024600113220669077,196.60875663734865,367.7428008599759,92.81951797086433,0.5346365874272385,0.20937230293260625,low,normal,cc249e1a-62c0-4274-812f-0019a041760e,,,"https://www.google.com/maps?q=-6.8542402,109.4532952",66.06374,6.736626676795848,Non-Event,Non-Event,condition_like,0.6623636363636365,ML_Ensemble(RF),Dipelajari dari data (Confidence: 66%),True
233,1776330736.535,-6.9187536,109.5175551,30.791727990813648,3.1398824257838966,3.6936766591062433,14.5803,0.0,5.483484163230804,4,4,0.17366671562194824,0.034179148737285954,0.4042421890792131,14086.62935909571,457.249686465399,30.8073023235509,0.5210001468658447,33.82779776601243,0.40954773869346733,3.460399289285153,0.30475642316862495,105.9196578839798,285.66041528549704,65.66961329592222,0.3707887122103775,0.20882509580050285,low,normal,44eda033-50cf-4664-89ef-2aa88372c53f,,,"https://www.google.com/maps?q=-6.9187536,109.5175551",45.448944,4.634502505952593,Non-Event,Non-Event,condition_like,0.6775,ML_Ensemble(RF),Dipelajari dari data (Confidence: 68%),True
373,1776414069.584,-6.8217733,109.4781458,-35.441028366542625,-3.6139791229974176,0.9307592958003428,2.6272352,0.0,9.182113019660592,0,4,0.0,0.0,0.07042373607511711,47851.93611953022,2333.087679503966,20.510131924914976,0.0,20.125509551013824,0.3065326633165829,0.19452144576492314,-0.08116033886930152,204.48594202106557,1948.9570988199503,179.64463866295003,0.10492069940377677,0.2087116045252536,low,normal,40a7a6c4-b8d9-447a-ba96-8503647f43bb,,,"https://www.google.com/maps?q=-6.8217733,109.4781458",90.363,9.214461615332453,Non-Event,Normal,condition_like,0.92,R6,amplitudo rendah + tidak ada struktur event → Non-Event,False
91,1775973714.525,-6.8555021,109.4533306,30.391788729029173,3.099099970839091,3.096565494977863,5.874274,0.0,7.161479635408807,2,4,0.4609999656677246,0.0,0.1262030984795092,24200.84640456246,612.7884540079272,39.49298686485435,0.4609999656677246,5.272440866022992,0.35768261964735515,1.3871803364977024,0.0094587515848291,180.61005459859024,340.98375515359066,91.19464425574637,0.5296734854349993,0.20762424234689775,low,normal,cc249e1a-62c0-4274-812f-0019a041760e,,,"https://www.google.com/maps?q=-6.8555021,109.4533306",58.162075,5.930881085793824,Non-Event,Non-Event,condition_like,0.541,ML_Ensemble(RF)_LOW_CONF,"ML ragu-ragu (Conf: 54%), pakai tebakan terbaik ML",True
249,1776412729.688,-6.871535,109.4391143,-32.65713401940955,-3.330100902898497,2.319591289025935,7.858962,0.0,7.517521880434993,1,4,0.0,0.0,0.036434049114874884,34402.88579203253,759.3493275786909,45.30574334796081,0.1,49.89811328848948,0.35353535353535354,-0.04534431868883404,-0.2441236239472339,123.40330358958364,506.02560925575784,129.9204147333494,0.24386770370616728,0.20726241596752917,low,normal,c72307ef-f384-4659-aded-5319b398f560,,,"https://www.google.com/maps?q=-6.871535,109.4391143",52.540768,5.357667297191192,Non-Event,Non-Event,condition_like,0.901919191919192,ML_Ensemble(RF),Dipelajari dari data (Confidence: 90%),False
75,1775973608.143,-6.8628874,109.4531937,-31.258295919319426,-3.1874591138991835,2.01609637926086,9.207847,0.3619999885559082,7.16242895760467,1,5,0.0,0.0,0.23832586258325142,22994.416519418082,532.0186683598201,43.22107069492005,0.1,13.081455367232277,0.41012658227848103,0.5563427847852989,-0.3525535102236845,198.7534631268495,254.79011821939906,78.47508701357161,0.7800673893311516,0.20672358480271055,low,normal,cc249e1a-62c0-4274-812f-0019a041760e,,,"https://www.google.com/maps?q=-6.8628874,109.4531937",36.926277,3.7654323341813973,Non-Event,Non-Event,condition_like,0.6763333333333332,ML_Ensemble(RF),Dipelajari dari data (Confidence: 68%),True
238,1776412548.913,-6.8814003,109.435865,-33.45669813301935,-3.4116337518948217,1.5427383780043558,7.1789694,0.0,8.717526284705242,3,4,0.3580000400543213,0.18799996376037598,0.04028107508818695,36023.386153103864,702.7945299660958,51.257351282435785,0.7160000801086426,10.890936959158008,0.3693467336683417,-0.0959324854018564,-0.21305982574721016,126.75793203647594,472.5201241312422,103.51647379837762,0.2682593296979023,0.20470533406674904,low,normal,c72307ef-f384-4659-aded-5319b398f560,,,"https://www.google.com/maps?q=-6.8814003,109.435865",63.39209,6.4641941947556,Non-Event,Non-Event,condition_like,0.8842222222222221,ML_Ensemble(RF),Dipelajari dari data (Confidence: 88%),False
97,1775973740.984,-6.8538295,109.4532564,33.00013472267438,3.365077240716696,2.016342935883552,5.319298,0.0,7.7871498853255945,1,4,0.0,0.0,0.29100514807034283,28780.325034886315,710.1504860241789,40.5270792047016,0.1,28.137334179116333,0.29292929292929293,1.3673254712832223,-0.08131376006121797,167.97258697188045,441.4405004974549,100.73739855484365,0.380510139876345,0.2038970479982956,low,normal,cc249e1a-62c0-4274-812f-0019a041760e,,,"https://www.google.com/maps?q=-6.8538295,109.4532564",47.93429,4.887937267058578,Non-Event,Non-Event,condition_like,0.7846969696969697,ML_Ensemble(RF),Dipelajari dari data (Confidence: 78%),True
368,1776414048.47,-6.8223926,109.4776971,30.8204103809897,3.1428072156128444,2.9303089803220836,1.9771558,0.0,6.9857071155218575,0,4,0.0,0.0,0.23867049102044607,30523.03161301516,993.8541215639718,30.711782463880127,0.0,59.02284787751459,0.34760705289672544,0.3920360696116787,-0.04512893484020509,130.2688605087767,728.9678255662948,134.61743548890018,0.17870316872884595,0.20367237695618357,low,normal,40a7a6c4-b8d9-447a-ba96-8503647f43bb,,,"https://www.google.com/maps?q=-6.8223926,109.4776971",88.48367,9.022823288278873,Non-Event,Normal,condition_like,0.92,R6,amplitudo rendah + tidak ada struktur event → Non-Event,False
280,1776412922.663,-6.8722091,109.4524057,-32.99533446735162,-3.36458775089879,1.891277447421451,3.877489,0.0,8.084237750194799,2,3,0.21399998664855957,0.0,0.4299812715053055,36822.98783064936,1390.5674535361936,26.48054771491197,0.21399998664855957,31.195657035238003,0.35353535353535354,0.0946562006514231,-0.10136536505188046,232.24032575187135,962.814715438527,195.51241234579527,0.24120977981198033,0.20364531583087014,low,normal,c72307ef-f384-4659-aded-5319b398f560,,,"https://www.google.com/maps?q=-6.8722091,109.4524057",41.805096,4.262933417629874,Non-Event,Non-Event,condition_like,0.48233333333333334,ML_Ensemble(RF)_LOW_CONF,"ML ragu-ragu (Conf: 48%), pakai tebakan terbaik ML",True
412,1776417734.223,-6.9722923,109.4825775,30.613425993673687,3.1217006820549003,3.1892790243985787,2.7314875,0.0,6.46941920827273,4,4,0.38499999046325684,0.1894747349513549,0.22847037025115047,26226.360752259774,774.6879233870162,33.85409779429799,1.1549999713897705,11.71514379371092,0.34,1.85765929143923,0.34897971836069763,160.94598097487972,415.1010892428684,198.6408531692681,0.3877271940690713,0.20352128497519673,low,normal,2403297f-866d-495e-a41b-b29966866b69,,,"https://www.google.com/maps?q=-6.9722923,109.4825775",90.61886,9.240552074357707,Non-Event,Non-Event,condition_like,0.5166666666666667,ML_Ensemble(RF)_LOW_CONF,"ML ragu-ragu (Conf: 52%), pakai tebakan terbaik ML",True
5,1775972297.533,-6.8947717,109.4071633,-31.035805027176462,-3.164771356903373,2.2859363214282675,10.447317,0.0,8.377009582464627,1,6,0.0,0.0,0.05085981151556656,26912.493154425447,679.2011068920955,39.62374743166795,0.1,220.01278430761963,0.4166666666666667,0.16236046646558133,-0.16043304198282957,213.95257967246857,367.75820570253575,97.49032151709127,0.5817751331529791,0.20272076060177419,low,normal,178e7720-4939-4df4-b9af-2a0a7e15ece3,,,"https://www.google.com/maps?q=-6.8947717,109.4071633",75.091896,7.657242381445244,Non-Event,Non-Event,condition_like,0.9666666666666666,ML_Ensemble(RF),Dipelajari dari data (Confidence: 97%),False
214,1776329773.402,-6.8668141,109.5248324,31.768833973278852,3.2395195069956464,3.0949764829982955,5.474096,0.0,5.839714971944434,2,3,0.3339998722076416,0.0,0.13507106732602356,16971.149191315446,545.183779390954,31.12922614672313,0.3339998722076416,13.9999015353782,0.345088161209068,1.3788580485457427,0.3036895599297951,126.43509990597383,295.29559396798027,123.45308551700002,0.42816453093275414,0.20258550468881048,low,normal,3a9b8fd6-92e7-4ce1-89d1-f0025de3bc91,,,"https://www.google.com/maps?q=-6.8668141,109.5248324",52.593266,5.363020603366084,Non-Event,Non-Event,condition_like,0.6341666666666667,ML_Ensemble(RF)_LOW_CONF,"ML ragu-ragu (Conf: 63%), pakai tebakan terbaik ML",True
77,1775973612.668,-6.8628874,109.4531937,38.52248092711698,3.92819983655142,0.45519654837910406,9.207847,0.0,7.674922257053279,2,5,0.4980001449584961,0.0,0.11940151041665245,34365.26911331661,838.4517216521781,40.98658060432257,0.4980001449584961,17.951438392496968,0.336734693877551,1.2870844388537934,0.0351705636210389,192.38249425679413,510.2205351408239,135.84869225455992,0.37705752832280237,0.20104350032964163,low,normal,cc249e1a-62c0-4274-812f-0019a041760e,,,"https://www.google.com/maps?q=-6.8628874,109.4531937",45.9856,4.689226188351782,Non-Event,Non-Event,condition_like,0.8783636363636365,ML_Ensemble(RF),Dipelajari dari data (Confidence: 88%),False
198,1776329052.636,-6.9008414,109.4937002,34.36893466284349,3.504655989848062,0.9596173539281165,19.301962,0.0,9.257888542166242,2,6,0.6480000019073486,0.0,0.11485097593578115,29994.80343288873,1003.672682145118,29.885045131343755,0.6480000019073486,13.818896052781499,0.42606516290726815,1.2361124123239762,0.1435442928098458,110.87069035371371,814.8955847630657,77.90640702833839,0.13605508765873942,0.2008447981128127,low,normal,606f1311-3f3f-40aa-9c26-05d27f54675c,,,"https://www.google.com/maps?q=-6.9008414,109.4937002",59.410366,6.0581713429152675,Non-Event,Non-Event,condition_like,0.8053333333333333,ML_Ensemble(RF),Dipelajari dari data (Confidence: 81%),False
208,1776329525.521,-6.87892,109.5215809,33.08797836811196,3.3740347996626743,2.6879625446434794,4.329484,0.0,5.745118517803525,2,4,0.2480001449584961,0.0,0.42166161543138947,18454.869456264365,419.26393670269425,44.01730699135627,0.2480001449584961,9.394171041287098,0.3383458646616541,2.299378121946094,0.37025382011788405,93.59146266502842,223.30584871126192,102.36662532640405,0.4191178277955714,0.19986346369513702,low,normal,3a9b8fd6-92e7-4ce1-89d1-f0025de3bc91,,,"https://www.google.com/maps?q=-6.87892,109.5215809",92.537445,9.436193297405334,Non-Event,Non-Event,condition_like,0.485,ML_Ensemble(RF)_LOW_CONF,"ML ragu-ragu (Conf: 48%), pakai tebakan terbaik ML",True
259,1776412787.402,-6.8726867,109.4437067,-30.231714634809155,-3.0827769559237006,2.4467568906768715,8.644245,0.0,8.143994396861723,1,5,0.0,0.0,0.013368442713619156,35232.164942996606,1245.2885625894191,28.29237011656433,0.1,35.37598732734942,0.34005037783375314,0.07774442765421119,0.02866844727319636,150.0283640929536,981.4634860204496,113.79671247601571,0.15286189051047971,0.19759508101385176,low,normal,c72307ef-f384-4659-aded-5319b398f560,,,"https://www.google.com/maps?q=-6.8726867,109.4437067",64.245544,6.551222282838686,Non-Event,Normal,condition_like,0.92,R6,amplitudo rendah + tidak ada struktur event → Non-Event,False
1,1775972266.967,-6.8979053,109.4069794,-32.01467677806613,-3.264588496384202,1.7103892226990325,12.110078,0.0,8.710419135053769,2,4,0.7820000648498535,0.0,0.538703200059985,36219.53150690523,823.2889420810612,43.99370574728956,0.7820000648498535,105.85291444732158,0.36523929471032746,0.5592272744454259,-0.29055118576355154,176.72837855921443,517.7044980316386,128.8560654902081,0.34136921523723124,0.19696486056526286,low,normal,178e7720-4939-4df4-b9af-2a0a7e15ece3,,,"https://www.google.com/maps?q=-6.8979053,109.4069794",33.495884,3.4156295982827976,Non-Event,Non-Event,condition_like,0.8955555555555554,ML_Ensemble(RF),Dipelajari dari data (Confidence: 90%),False
397,1776417589.341,-6.9657733,109.4859017,33.664727887598616,3.4328468832474512,1.6754786253672411,4.8316975,0.0,7.661171392066991,2,4,0.8399999141693115,0.0,0.28927270554043216,28769.073904056986,568.6100724128273,50.59543481420142,0.8399999141693115,76.8865569964181,0.3686868686868687,1.2501077485130292,0.2648725288107982,112.32846196172545,344.59478329870564,111.68682715239615,0.32597261212275225,0.19695445889873853,low,normal,2403297f-866d-495e-a41b-b29966866b69,,,"https://www.google.com/maps?q=-6.9657733,109.4859017",60.951942,6.215368346989034,Non-Event,Non-Event,condition_like,0.7116666666666666,ML_Ensemble(RF),Dipelajari dari data (Confidence: 71%),True
405,1776417654.076,-6.9691931,109.4839123,-30.198684185567856,-3.079408787462371,2.5323269282235756,5.788573,0.0,7.797287178236139,2,3,0.18400001525878906,0.0,0.08963435036440393,27982.120498686018,690.1783850105986,40.54331614241005,0.18400001525878906,28.264340128527834,0.37373737373737376,0.3916685074690509,0.0036514914098371844,154.10668336256384,418.96489093248397,117.10681071555088,0.36782720063188035,0.19552151752221442,low,normal,2403297f-866d-495e-a41b-b29966866b69,,,"https://www.google.com/maps?q=-6.9691931,109.4839123",46.112015,4.702116930858143,Non-Event,Non-Event,condition_like,0.7216969696969698,ML_Ensemble(RF),Dipelajari dari data (Confidence: 72%),True
30,1775973157.157,-6.8847717,109.4551867,32.47994485072771,3.3120326360916024,2.0109068172872906,4.2721944,0.0,7.402948974122456,2,3,0.15400004386901855,0.0,0.041225116946685396,22442.116981039188,622.2427882852498,36.066495855769936,0.15400004386901855,66.46483711275577,0.37092731829573933,1.1368405908470347,0.08913427773021732,225.00557787076954,324.75846406416883,72.47874635031141,0.6928397627027546,0.19381915081278667,low,normal,178e7720-4939-4df4-b9af-2a0a7e15ece3,,,"https://www.google.com/maps?q=-6.8847717,109.4551867",76.62914,7.813997644455549,Non-Event,Non-Event,condition_like,0.8190303030303031,ML_Ensemble(RF),Dipelajari dari data (Confidence: 82%),False
277,1776412898.864,-6.873632,109.4518159,-32.52271075629859,-3.3163935448189337,1.7562384921207455,8.766832,0.0,7.962513455944413,2,4,0.5920000076293945,0.0,0.1565544284838399,33369.355569350606,1015.8160228337157,32.8498023130348,0.5920000076293945,83.68022477007621,0.3501259445843829,1.1069834947200903,0.002735217820453739,132.78194229516868,735.4907955083141,147.54328503023288,0.18053515139215978,0.1931835481836544,low,normal,c72307ef-f384-4659-aded-5319b398f560,,,"https://www.google.com/maps?q=-6.873632,109.4518159",92.200264,9.401810404164522,Non-Event,Non-Event,condition_like,0.7955858585858586,ML_Ensemble(RF),Dipelajari dari data (Confidence: 80%),True
321,1776413704.256,-6.832005,109.461255,-31.86073184467478,-3.248890481935705,2.187480117216785,4.4667597,0.0,7.2392151419142605,2,7,0.9210000038146973,0.0,0.10163151003917506,27815.511497803338,774.3960861540729,35.91897216323253,0.9210000038146973,29.707696523269938,0.3341772151898734,0.8518575494858522,-0.01749702097796199,112.19728142593466,568.6351195814509,93.56368514668726,0.19730979914010358,0.19183901584029645,low,normal,40a7a6c4-b8d9-447a-ba96-8503647f43bb,,,"https://www.google.com/maps?q=-6.832005,109.461255",36.283295,3.6998664171761004,Non-Event,Non-Event,condition_like,0.685030303030303,ML_Ensemble(RF),Dipelajari dari data (Confidence: 69%),True
169,1776326949.665,-6.8556938,109.4925475,-32.61369255690537,-3.325671106535399,1.9113053258179369,3.1011837,0.0,7.382778524658981,2,5,0.14700007438659668,0.0,0.24836814584886993,27055.155826208942,887.3291873775001,30.49055094838011,0.14700007438659668,13.20724797334551,0.32997481108312343,0.7175780414601203,-0.11455096813415283,98.16441070640442,704.8271808435386,84.33759582755707,0.13927443951529597,0.19145762411090356,low,normal,2ba192ad-a007-47e8-843d-e4f356c01155,,,"https://www.google.com/maps?q=-6.8556938,109.4925475",81.54037,8.314803730121907,Non-Event,Non-Event,condition_like,0.6246969696969698,ML_Ensemble(RF)_LOW_CONF,"ML ragu-ragu (Conf: 62%), pakai tebakan terbaik ML",True
231,1776330258.309,-6.9020223,109.5336823,-30.124404881238515,-3.071834406371036,2.0705260938874326,8.845973,0.0,8.687723630708204,1,2,0.0,0.0,0.215584390348572,31543.109654557316,860.3325897189575,36.66385534482375,0.1,47.035040510282414,0.40601503759398494,0.14016227169622963,-0.19137564862948744,195.24213175686901,417.4457047217798,247.64475324030883,0.4677066480281257,0.19131894811241704,low,normal,44eda033-50cf-4664-89ef-2aa88372c53f,,,"https://www.google.com/maps?q=-6.9020223,109.5336823",48.853092,4.981628996650232,Non-Event,Non-Event,condition_like,0.8255555555555554,ML_Ensemble(RF),Dipelajari dari data (Confidence: 83%),False
293,1776413104.188,-6.8573752,109.4534641,-32.10599681125388,-3.273900548225325,1.9467040417716297,6.420327,0.0,7.63077179720426,1,2,0.0,0.0,0.2135989639809953,33588.926361379396,831.5556285229311,40.39287952466822,0.1,14.397451104008747,0.32151898734177214,0.20061294923380135,0.007097184574686931,117.54285304762496,596.1808356942136,117.8319397810925,0.19715973042574284,0.19128480802872372,low,normal,c72307ef-f384-4659-aded-5319b398f560,,,"https://www.google.com/maps?q=-6.8573752,109.4534641",55.301544,5.639188101951227,Non-Event,Non-Event,condition_like,0.7685858585858586,ML_Ensemble(RF),Dipelajari dari data (Confidence: 77%),True
42,1775973350.051,-6.8806217,109.4482833,31.15769281310802,3.1772004520512125,2.232700110714827,8.603067,0.0,7.493821416647234,3,4,0.4739999771118164,0.312000036239624,0.20148170026542764,26212.84977728896,515.9952161107223,50.800567346468654,0.9479999542236328,19.42845534802348,0.3661616161616162,0.7406925664456674,0.07774477455648131,157.0647949011268,266.976420174446,91.95400103514959,0.5883096125500107,0.1902889965970665,low,normal,cc249e1a-62c0-4274-812f-0019a041760e,,,"https://www.google.com/maps?q=-6.8806217,109.4482833",56.41494,5.752722897217705,Non-Event,Non-Event,condition_like,0.8335555555555555,ML_Ensemble(RF),Dipelajari dari data (Confidence: 83%),False
328,1776413730.792,-6.8315033,109.4621567,36.22154261813323,3.693569426678145,0.4220624259380359,5.4251723,0.0,8.494855156902231,2,4,0.502000093460083,0.0,0.27425448592498886,38879.945089462744,1149.8640080658624,33.81264635028311,0.502000093460083,13.02547438691422,0.3316582914572864,0.33645148879805076,0.1800209760160937,175.06338620481063,829.0703356440051,145.7302862170469,0.21115625353748627,0.189754731357664,low,normal,40a7a6c4-b8d9-447a-ba96-8503647f43bb,,,"https://www.google.com/maps?q=-6.8315033,109.4621567",63.22155,6.446803954459474,Non-Event,Non-Event,condition_like,0.47200000000000003,ML_Ensemble(RF)_LOW_CONF,"ML ragu-ragu (Conf: 47%), pakai tebakan terbaik ML",True
25,1775973122.795,-6.8866528,109.4548345,-31.560827241250934,-3.218308723289904,1.8492117460471502,9.22765,0.0,8.130812734063571,1,4,0.0,0.0,0.00969021538410715,27013.810806118563,540.7780151006581,49.95360388520366,0.1,83.933188193239,0.3778337531486146,0.04545323812706048,-0.21874963931142324,190.76627831240933,261.79317906616825,88.2185577220805,0.7286907866132843,0.1896990130851773,low,normal,178e7720-4939-4df4-b9af-2a0a7e15ece3,,,"https://www.google.com/maps?q=-6.8866528,109.4548345",41.40913,4.2225561226310715,Non-Event,Non-Event,condition_like,0.8543888888888889,ML_Ensemble(RF),Dipelajari dari data (Confidence: 85%),False
289,1776413026.318,-6.8623057,109.4532228,-31.305669807744742,-3.1922899061090937,2.063484288050493,6.7812223,0.0,7.7140736596144155,2,5,0.19000005722045898,0.0,0.17289206128571113,21999.101256702914,539.7748608839142,40.75606852071987,0.19000005722045898,8.811426701853089,0.380352644836272,1.9272594485259278,0.05212816021035991,104.33960535735345,316.7476427789653,118.68761274759541,0.32940925499090473,0.1889432166130271,low,normal,c72307ef-f384-4659-aded-5319b398f560,,,"https://www.google.com/maps?q=-6.8623057,109.4532228",38.782715,3.9547363268802296,Non-Event,Non-Event,condition_like,0.6321666666666667,ML_Ensemble(RF)_LOW_CONF,"ML ragu-ragu (Conf: 63%), pakai tebakan terbaik ML",True
23,1775973111.156,-6.8875668,109.4546063,-31.17519343816542,-3.17898501916204,1.61982361568706,8.748815,0.0,8.778406408528786,2,6,0.7260000705718994,0.0,0.04240179529249663,30407.201614555364,669.975283390015,45.385557233264024,0.7260000705718994,113.7964511746339,0.40302267002518893,-0.0797611263230813,-0.1582614700866262,210.06466510058814,330.03529614552593,129.8753221439009,0.6364915114154052,0.18714819102786942,low,normal,178e7720-4939-4df4-b9af-2a0a7e15ece3,,,"https://www.google.com/maps?q=-6.8875668,109.4546063",34.59198,3.5274002845008234,Non-Event,Non-Event,condition_like,0.9253333333333333,ML_Ensemble(RF),Dipelajari dari data (Confidence: 93%),False
38,1775973260.605,-6.8835733,109.4488433,-29.591251331872485,-3.017467874541509,3.1434237468383897,9.17338,0.0,6.057891578186107,3,3,0.3049999475479126,0.024000048637390137,0.5099513414422214,23459.414904518962,557.2257332887515,42.10037954270507,0.6099998950958252,31.159560733444476,0.30730478589420657,0.8561374249958429,0.06404463244584867,169.39139242654153,294.0305878544795,93.8037530077305,0.5761012590100824,0.18712478797916357,low,normal,178e7720-4939-4df4-b9af-2a0a7e15ece3,,,"https://www.google.com/maps?q=-6.8835733,109.4488433",59.079205,6.024402318834669,Non-Event,Non-Event,condition_like,0.8365,ML_Ensemble(RF),Dipelajari dari data (Confidence: 84%),False
287,1776413017.907,-6.8631877,109.4531627,30.54238937569722,3.114456962948328,1.9539634682645681,11.163759,0.0,8.286537782350104,1,5,0.0,0.0,0.0749966996316681,30353.747096589464,379.8189561159253,79.91635627424762,0.1,74.05856879825119,0.3879093198992443,-0.03215850975134149,0.25507697496573,80.19465276359517,237.35973502158012,62.26456833074996,0.3378612316804401,0.18592041270550316,low,normal,c72307ef-f384-4659-aded-5319b398f560,,,"https://www.google.com/maps?q=-6.8631877,109.4531627",56.339077,5.74498702411119,Non-Event,Non-Event,condition_like,0.9575,ML_Ensemble(RF),Dipelajari dari data (Confidence: 96%),False
220,1776329916.55,-6.87252,109.5341517,30.272122035579297,3.0868973640926614,2.039031691644652,4.362271,0.0,8.231501341708874,1,2,0.0,0.0,0.06420012456041706,32766.21054391373,589.0112094168094,55.62917982618186,0.1,489.35201376542335,0.3787878787878788,-0.4231668698227766,-0.004716154488940444,102.5388579371929,379.46291506640887,107.00943641320764,0.27022102449465135,0.18554183704594626,low,normal,3a9b8fd6-92e7-4ce1-89d1-f0025de3bc91,,,"https://www.google.com/maps?q=-6.87252,109.5341517",73.0841,7.452504168090021,Non-Event,Non-Event,condition_like,0.8975,ML_Ensemble(RF),Dipelajari dari data (Confidence: 90%),False
137,1776325476.457,-6.8951851,109.408663,30.046772059566333,3.063918061679201,0.986352184028352,8.440859,0.0,11.014405177368767,1,6,0.0,0.0,0.023096834544240788,39841.58017709906,543.6892663295653,73.28005640572724,0.1,150.49867002402206,0.4256926952141058,-0.6073401125161606,0.07066968427380627,98.69820150892158,336.8982825110174,108.09278230962641,0.29296142586518675,0.18548976738365672,low,normal,d4030b3c-2d8e-49cc-9722-89da2a36bbc9,,,"https://www.google.com/maps?q=-6.8951851,109.408663",44.26083,4.513348595085987,Non-Event,Non-Event,condition_like,0.69,ML_Ensemble(RF),Dipelajari dari data (Confidence: 69%),True
288,1776413021.018,-6.8623057,109.4532228,-33.32261300530962,-3.3979608740303386,1.576986121282857,6.7812223,0.0,7.191511641434067,0,5,0.0,0.0,0.47747622707699133,24604.066562742864,747.8270921096172,32.900742416852204,0.0,41.4564353777695,0.3844221105527638,0.9402960713061548,-0.22439025559663936,119.34782611027269,499.846506789346,128.63275920999854,0.23876895056866201,0.18426950459127994,low,normal,c72307ef-f384-4659-aded-5319b398f560,,,"https://www.google.com/maps?q=-6.8623057,109.4532228",61.038277,6.224172066913779,Non-Event,Normal,condition_like,0.92,R6,amplitudo rendah + tidak ada struktur event → Non-Event,False
17,1775973076.984,-6.8903863,109.4539875,-29.887002997649518,-3.0476261514023157,2.8964623562902125,8.041139,0.0,6.237276698998951,1,4,0.0,0.0,0.10281409028121943,24359.336168866088,592.3138769827425,41.125722483199716,0.1,39.172053817160105,0.3181818181818182,1.3935355692130535,-0.07273298602814698,198.3221718859603,335.786623633929,58.2050814628532,0.5906196296596656,0.18399878815586818,low,normal,178e7720-4939-4df4-b9af-2a0a7e15ece3,,,"https://www.google.com/maps?q=-6.8903863,109.4539875",78.15018,7.969100559314344,Non-Event,Normal,condition_like,0.92,R6,amplitudo rendah + tidak ada struktur event → Non-Event,False
176,1776327168.838,-6.8726158,109.4914013,-35.02100339139516,-3.571148495296066,1.398668559403013,11.572892,0.0,6.4334529182154245,0,1,0.0,0.0,0.5674783148238877,12388.562283382187,56.14812032915443,220.640726530409,0.0,0.1174703958207748,0.1810344827586207,1.4347730808631995,-0.9425814766317498,8.177158976771125,31.122726054689497,16.848235297693797,0.26273915400800363,0.18380502213295202,low,normal,635ce134-fb1a-4d66-97a1-2eba272d836a,,,"https://www.google.com/maps?q=-6.8726158,109.4914013",47.653603,4.859315158591364,Non-Event,Normal,condition_like,0.92,R6,amplitudo rendah + tidak ada struktur event → Non-Event,False
414,1776417741.048,-6.9725141,109.483431,32.42971691512539,3.3069108120637924,1.8039198038576993,5.6653986,0.0,7.201794610367191,2,4,0.7039999961853027,0.0,0.1946999828927556,29211.714861143562,752.9722653784431,38.79520689605556,0.7039999961853027,4.595650722422455,0.3924050632911392,1.1055866636011498,0.15706082661407045,146.49654097316667,479.9915410755852,126.48418332969132,0.3052065049723263,0.1837765613525605,low,normal,2403297f-866d-495e-a41b-b29966866b69,,,"https://www.google.com/maps?q=-6.9725141,109.483431",61.32305,6.253210831425615,Non-Event,Non-Event,condition_like,0.584030303030303,ML_Ensemble(RF)_LOW_CONF,"ML ragu-ragu (Conf: 58%), pakai tebakan terbaik ML",True
67,1775973581.325,-6.8655217,109.4530138,32.481064334600234,3.3121467916771,1.2282761403818157,10.531018,0.0,8.592020536549834,1,3,0.0,0.0,0.1261645191611139,31133.247357192682,970.0102718743829,32.09579138263875,0.1,53.63457591640445,0.4015151515151515,1.3143618265798835,0.24439209738554457,262.07826401111856,593.6183011202356,114.31370674302866,0.4414928971614413,0.18359602308433065,low,normal,cc249e1a-62c0-4274-812f-0019a041760e,,,"https://www.google.com/maps?q=-6.8655217,109.4530138",53.926125,5.498934396557439,Non-Event,Non-Event,condition_like,0.7822222222222222,ML_Ensemble(RF),Dipelajari dari data (Confidence: 78%),True
113,1775973939.778,-6.8391333,109.4515,-33.18967494091321,-3.384404964071646,1.5157294086202358,9.017419,0.0,7.354238465795821,1,3,0.0,0.0,0.15661734152911572,23124.90764959107,457.202400182842,50.57914741865732,0.1,106.76179561746474,0.39746835443037976,0.44979478610205836,-0.2886792260882199,142.8647581234995,211.80295369487533,102.53468836446717,0.674517304677413,0.1831772732644003,low,normal,cc249e1a-62c0-4274-812f-0019a041760e,,,"https://www.google.com/maps?q=-6.8391333,109.4515",40.977722,4.178564749430234,Non-Event,Non-Event,condition_like,0.8670555555555555,ML_Ensemble(RF),Dipelajari dari data (Confidence: 87%),False
82,1775973651.058,-6.8597,109.4534417,-30.546378116058506,-3.1148637012699045,1.9247290568252717,9.759648,0.0,8.128625613381885,2,4,0.9099998474121094,0.0,0.03125551038872419,24364.5945851011,521.4258341465919,46.72686495913904,0.9099998474121094,268.5216098168073,0.43291139240506327,-0.15737630578579065,-0.11321483615596918,154.78472139929266,264.89502731601937,101.74608543127987,0.5843247507636675,0.1828770431868923,low,normal,cc249e1a-62c0-4274-812f-0019a041760e,,,"https://www.google.com/maps?q=-6.8597,109.4534417",38.811035,3.9576241631953826,Non-Event,Non-Event,condition_like,0.8313888888888888,ML_Ensemble(RF),Dipelajari dari data (Confidence: 83%),False
357,1776413982.124,-6.8236299,109.4758239,29.79991671425477,3.0387458218917542,1.5153737483451963,6.2732615,0.0,9.63154233143598,1,5,0.0,0.0,0.22340768438563904,34513.08974558752,1273.8334672273356,27.09387891465583,0.1,256.6023838085257,0.3638676844783715,0.26987117465104715,0.023111156179004437,179.46416302623402,944.6146277118014,149.75467648930035,0.18998664383482453,0.1824201466675775,low,normal,40a7a6c4-b8d9-447a-ba96-8503647f43bb,,,"https://www.google.com/maps?q=-6.8236299,109.4758239",71.37441,7.278164306873397,Non-Event,Normal,condition_like,0.92,R6,amplitudo rendah + tidak ada struktur event → Non-Event,False
7,1775972312.118,-6.8940283,109.4072067,-31.70443920414746,-3.232953067984221,2.0005514385101426,5.6856217,0.0,7.097467394634071,3,3,0.1809999942779541,0.021000146865844727,0.38889913877331683,24065.13371829671,772.1430887708475,31.166676276852563,0.3619999885559082,5.2718539018980035,0.3256997455470738,2.1473071525844656,-0.34310355775525825,186.93838660513887,461.9534382409646,123.25126392474394,0.4046693253594934,0.18228372266403894,low,normal,178e7720-4939-4df4-b9af-2a0a7e15ece3,,,"https://www.google.com/maps?q=-6.8940283,109.4072067",93.02455,9.485864183997595,Speed Bump,Speed Bump,event,0.6003333333333334,ML_Ensemble(RF)_LOW_CONF,"ML ragu-ragu (Conf: 60%), pakai tebakan terbaik ML",True
218,1776329883.638,-6.8718437,109.5321255,-31.836427696915628,-3.2464121485844433,1.313157294105508,8.133464,0.0,8.710234533740708,2,2,0.5789999961853027,0.0,0.04233523645177089,30490.95918268797,461.9209494862266,66.00904148338068,0.5789999961853027,73.30847294579067,0.40609137055837563,0.5623618050511676,-0.30251826704898804,124.88988910090679,219.1858857347523,117.84517465056751,0.5697898298171097,0.18208546362599295,low,normal,3a9b8fd6-92e7-4ce1-89d1-f0025de3bc91,,,"https://www.google.com/maps?q=-6.8718437,109.5321255",65.49969,6.679109583802828,Non-Event,Non-Event,condition_like,0.9233888888888889,ML_Ensemble(RF),Dipelajari dari data (Confidence: 92%),False
117,1775973960.481,-6.8376183,109.4509217,32.14014018536684,3.2773822034402005,2.001386208278527,7.83819,0.0,6.652290623644518,1,4,0.0,0.0,0.045626202636648364,23713.640819233497,927.0426301763971,25.579881681537557,0.1,16.680767186082544,0.34517766497461927,1.0886688911144287,0.2623184006517724,244.78264747978864,577.6583894490554,104.60159324755296,0.42374983472412037,0.18037448023416253,low,normal,cc249e1a-62c0-4274-812f-0019a041760e,,,"https://www.google.com/maps?q=-6.8376183,109.4509217",50.384068,5.1377451015382425,Non-Event,Normal,condition_like,0.92,R6,amplitudo rendah + tidak ada struktur event → Non-Event,False
139,1776325481.858,-6.8951334,109.4078626,-30.41099409953076,-3.101058373606763,1.0184237311940696,9.471583,0.0,10.258722902508335,2,3,0.24000000953674316,0.0,0.33560450716127893,49922.89926489131,1065.0302447945182,46.87463052060888,0.24000000953674316,13.933913331458085,0.3853904282115869,-0.5683098889030211,-0.03255810412860389,232.01911292220228,676.2375069719876,156.77362490032823,0.34310299293811636,0.17982568336452212,low,normal,d4030b3c-2d8e-49cc-9722-89da2a36bbc9,,,"https://www.google.com/maps?q=-6.8951334,109.4078626",36.61923,3.7341222537767744,Non-Event,Non-Event,condition_like,0.5965555555555556,ML_Ensemble(RF)_LOW_CONF,"ML ragu-ragu (Conf: 60%), pakai tebakan terbaik ML",True
194,1776328451.975,-6.8687983,109.4981617,-30.72330384688233,-3.132905104891307,2.0907227315347794,12.529883,0.0,7.3405495317056415,3,3,0.3945000171661377,0.16049981117248535,0.006145107838361849,22225.76035293695,561.4505233992064,39.58632040947893,0.7890000343322754,65.84457770399511,0.44360902255639095,0.8329743675319312,-0.19373065790772792,110.54283850588263,373.31559060872905,77.59209428459474,0.296110960781253,0.17952621091411883,low,normal,7b68bd61-6146-4cdb-8ad6-424ae6e78950,,,"https://www.google.com/maps?q=-6.8687983,109.4981617",30.383598,3.0982647489203754,Non-Event,Non-Event,condition_like,0.8283888888888888,ML_Ensemble(RF),Dipelajari dari data (Confidence: 83%),False
172,1776326973.737,-6.8562458,109.4937891,-33.82678694362838,-3.449372307936796,0.3591162287912508,5.681738,0.0,9.52248055636267,1,3,0.0,0.0,0.1636283958483626,41844.75665889274,785.5598115774108,53.267435514045296,0.1,147.4135298461177,0.3602015113350126,0.19374485384412443,-0.02584819494327581,155.77506137039614,453.6681248112607,176.11662539575397,0.34336787732626195,0.17938045609218894,low,normal,2ba192ad-a007-47e8-843d-e4f356c01155,,,"https://www.google.com/maps?q=-6.8562458,109.4937891",37.21618,3.794994213110492,Non-Event,Normal,condition_like,0.92,R6,amplitudo rendah + tidak ada struktur event → Non-Event,False
41,1775973279.854,-6.8830933,109.4474333,-36.22111953135406,-3.693526283833324,0.38677222463615457,7.538107,0.0,7.705834041755609,1,3,0.0,0.0,0.20140211463050392,24277.746112835568,766.3434065219787,31.67998298744324,0.1,205.37854828665283,0.3282828282828283,1.4859705405458978,-0.12804971875091184,228.03495524196046,446.8227687476278,91.48568253239058,0.5103476605965225,0.17805422692294576,low,normal,178e7720-4939-4df4-b9af-2a0a7e15ece3,,,"https://www.google.com/maps?q=-6.8830933,109.4474333",59.96745,6.1149781015943265,Non-Event,Non-Event,condition_like,0.7979191919191919,ML_Ensemble(RF),Dipelajari dari data (Confidence: 80%),True
339,1776413798.802,-6.8294935,109.4655221,32.10415873472364,3.273713116581467,1.6182625778709399,5.461398,0.0,7.456572640361099,1,3,0.0,0.0,0.3620051707956498,29228.413007585972,847.6363747542999,34.48225423499081,0.1,31.993957904194918,0.3316582914572864,0.40106948384579155,0.0048348393799261475,136.60069786309452,589.9544460153761,121.0812308758294,0.23154448373796946,0.17799723495951134,low,normal,40a7a6c4-b8d9-447a-ba96-8503647f43bb,,,"https://www.google.com/maps?q=-6.8294935,109.4655221",52.62331,5.366084238756354,Non-Event,Normal,condition_like,0.92,R6,amplitudo rendah + tidak ada struktur event → Non-Event,False
175,1776327037.658,-6.85949,109.496085,-31.7662869460272,-3.2392597824973057,1.7190112266645499,11.880818,0.0,7.4370622531073005,3,3,0.20200002193450928,0.04400002956390381,0.19017609826617235,19204.879323375142,738.4917061195785,26.005545002369864,0.40400004386901855,73.94174259578517,0.4090909090909091,3.824795024608206,-0.20384763569253128,183.36824383141294,454.69702774888685,100.42643453927866,0.4032756588182606,0.17799458468833984,low,normal,2ba192ad-a007-47e8-843d-e4f356c01155,,,"https://www.google.com/maps?q=-6.85949,109.496085",89.42089,9.11839313119159,Non-Event,Non-Event,condition_like,0.6842222222222222,ML_Ensemble(RF),Dipelajari dari data (Confidence: 68%),True
385,1776417387.305,-6.9524284,109.4960915,-33.62321529220089,-3.4286137765904656,0.8173128153436724,1.9180521,0.0,8.378646648702262,2,2,0.17300009727478027,0.0,0.09248788176989817,25708.353057414526,911.1554357107484,28.21511239643274,0.17300009727478027,77.3121014149191,0.3622448979591837,0.5279596082077331,-0.08495642738815361,118.9983276218113,683.6135971309616,108.54351095797556,0.17407249935805766,0.17753428905396113,low,normal,2403297f-866d-495e-a41b-b29966866b69,,,"https://www.google.com/maps?q=-6.9524284,109.4960915",39.512753,4.0291794853492275,Non-Event,Non-Event,condition_like,0.5720000000000001,ML_Ensemble(RF)_LOW_CONF,"ML ragu-ragu (Conf: 57%), pakai tebakan terbaik ML",True
284,1776412955.615,-6.870026,109.4526214,-31.84305831944081,-3.2470882839135498,1.4213033671269657,12.148663,0.0,8.058938171894306,3,4,0.19749999046325684,0.050499916076660156,0.05965698046660202,22307.948242507635,640.2743511081003,34.84123355723811,0.39499998092651367,265.8880799840398,0.47103274559193953,2.1373886046098862,-0.07513835023732067,77.94418504156862,518.1258686620635,44.2042974044683,0.15043484528654408,0.17706723341504244,low,normal,c72307ef-f384-4659-aded-5319b398f560,,,"https://www.google.com/maps?q=-6.870026,109.4526214",52.16018,5.318858121784707,Non-Event,Non-Event,condition_like,0.7275555555555556,ML_Ensemble(RF),Dipelajari dari data (Confidence: 73%),True
298,1776413332.373,-6.8460321,109.4530811,33.361132086491615,3.4018887271893683,1.3845520358878751,2.2006307,0.0,6.912557162896114,2,4,0.685999870300293,0.0,0.2412835844781831,24764.95604681329,662.2288377457432,37.39637206636598,0.685999870300293,29.800186200815897,0.3558897243107769,0.924899883995054,0.3371777199044851,115.85537767699668,436.21124634866646,110.16221372007999,0.26559465942516775,0.17448914881525385,low,normal,c72307ef-f384-4659-aded-5319b398f560,,,"https://www.google.com/maps?q=-6.8460321,109.4530811",50.278778,5.127008509531798,Non-Event,Non-Event,condition_like,0.48803030303030304,ML_Ensemble(RF)_LOW_CONF,"ML ragu-ragu (Conf: 49%), pakai tebakan terbaik ML",True
232,1776330451.248,-6.9000137,109.5269511,-30.7638001599707,-3.137034579593511,1.1352800998388022,12.723315,0.0,9.268588080372018,2,6,0.24499988555908203,0.0,0.011958087760228728,39463.875344043474,671.8182670319883,58.74189080872749,0.24499988555908203,30.28540056250183,0.389873417721519,-0.332683730384586,-0.015480383783683598,123.87702630178927,455.5844742535562,92.35676647664283,0.2719079183566238,0.17375695656300297,low,normal,44eda033-50cf-4664-89ef-2aa88372c53f,,,"https://www.google.com/maps?q=-6.9000137,109.5269511",32.847363,3.3494988604671323,Non-Event,Non-Event,condition_like,0.792,ML_Ensemble(RF),Dipelajari dari data (Confidence: 79%),True
216,1776329842.838,-6.8696615,109.5306086,30.615262724657835,3.1218879764912417,1.5736897225847126,9.950747,0.0,8.117944633848413,1,3,0.0,0.0,0.044788219414375816,32014.822072003037,451.9218071031015,70.84150730937766,0.1,17.10891624887764,0.36180904522613067,-0.31369148900714316,0.18136492828449388,103.16842200987413,244.41927285976618,104.33411223346117,0.4220960989724005,0.17166550375501438,low,normal,3a9b8fd6-92e7-4ce1-89d1-f0025de3bc91,,,"https://www.google.com/maps?q=-6.8696615,109.5306086",49.44474,5.041960302447829,Non-Event,Non-Event,condition_like,0.9243888888888888,ML_Ensemble(RF),Dipelajari dari data (Confidence: 92%),False
39,1775973263.56,-6.8833,109.448115,35.86015398392732,3.6567180417295733,1.1741638500306293,7.2416267,0.0,5.491737244320931,2,4,0.9249999523162842,0.0,0.10268104618573556,16668.485603629404,338.8012846864578,49.19841307525375,0.9249999523162842,69.29915696183494,0.33668341708542715,3.9608543963053435,-0.0698409058518995,101.68796743725018,183.57969023792094,53.53362701128668,0.5539173028974194,0.171466582014295,low,normal,178e7720-4939-4df4-b9af-2a0a7e15ece3,,,"https://www.google.com/maps?q=-6.8833,109.448115",55.970535,5.707406198854859,Non-Event,Non-Event,condition_like,0.826,ML_Ensemble(RF),Dipelajari dari data (Confidence: 83%),False
297,1776413319.276,-6.8462022,109.4530958,-30.834066206018903,-3.1441997222312312,2.780922414050552,1.6511335,0.0,4.865044832451559,2,2,0.2200000286102295,0.0,0.4418635824073909,17664.23691378066,442.40075325334726,39.92813471485398,0.2200000286102295,4.2159931569783,0.2857142857142857,2.8163367232587966,0.06735869734351158,92.27971519017737,268.642720252666,81.47831781050391,0.3435035007086074,0.17054265323518336,low,normal,c72307ef-f384-4659-aded-5319b398f560,,,"https://www.google.com/maps?q=-6.8462022,109.4530958",44.96538,4.585192700871348,Pothole,Pothole,event,0.4243333333333334,ML_Ensemble(RF)_LOW_CONF,"ML ragu-ragu (Conf: 42%), pakai tebakan terbaik ML",True
409,1776417724.718,-6.9719433,109.4828897,33.7149435683707,3.437967457630353,0.655676315556121,2.5360343,0.0,8.150466856397768,2,5,0.2929999828338623,0.0,0.06662686630664486,32708.645430441073,909.8780698861515,35.94838306036473,0.2929999828338623,46.53822551827598,0.33080808080808083,0.7265857038829204,-0.036440755114229666,82.84661659878631,738.7938399591951,88.2376133281701,0.112137665483546,0.16994583979057273,low,normal,2403297f-866d-495e-a41b-b29966866b69,,,"https://www.google.com/maps?q=-6.9719433,109.4828897",53.75992,5.4819862032396385,Non-Event,Non-Event,condition_like,0.6883636363636364,ML_Ensemble(RF),Dipelajari dari data (Confidence: 69%),True
183,1776327802.636,-6.9004586,109.513577,30.162892423613087,3.0757590434667383,1.3599205784960389,13.091223,0.0,8.774159277808241,1,2,0.0,0.0,0.05764545907499404,27046.1024138859,216.11691426251772,125.14569894278259,0.1,142.97705493697097,0.3904282115869018,0.32998197857930034,0.29472838420867886,61.21429630565868,110.43422675746261,44.46839119939645,0.5543054680483526,0.16913779023265096,low,normal,635ce134-fb1a-4d66-97a1-2eba272d836a,,,"https://www.google.com/maps?q=-6.9004586,109.513577",44.497204,4.5374520350986325,Non-Event,Non-Event,condition_like,0.9163888888888888,ML_Ensemble(RF),Dipelajari dari data (Confidence: 92%),False
151,1776326745.074,-6.849285,109.4826767,30.747490778268933,3.135371485499017,1.0928737525727754,8.61542,0.0,9.008060797443758,2,2,0.16899991035461426,0.0,0.21985105787521714,31982.474906685897,803.4287212080758,39.80748263366532,0.16899991035461426,190.96294851078724,0.3813131313131313,0.15541782753238076,-0.16661274597794062,112.12741490522949,600.5999538970133,90.70135240583289,0.18669234652949038,0.16872003607992084,low,normal,2ba192ad-a007-47e8-843d-e4f356c01155,,,"https://www.google.com/maps?q=-6.849285,109.4826767",53.818886,5.4879990618610845,Non-Event,Non-Event,condition_like,0.7332222222222222,ML_Ensemble(RF),Dipelajari dari data (Confidence: 73%),True
93,1775973718.54,-6.8548736,109.4533174,-32.3755484063245,-3.301387161398082,1.0264222023955836,5.8136764,0.0,8.052608299586664,1,6,0.0,0.0,0.5728072174611375,41203.37047680649,1028.1114094299578,40.0767563308875,0.1,4.07103523179648,0.3096446700507614,0.684541497066995,0.05671694956221185,173.85498476965859,720.8844712251162,133.37195343518314,0.24116899651483623,0.16870702860016906,low,normal,cc249e1a-62c0-4274-812f-0019a041760e,,,"https://www.google.com/maps?q=-6.8548736,109.4533174",59.910286,6.10914899583446,Non-Event,Maneuver,condition_like,0.88,R5,gyro dominan + asimetri tinggi → maneuver (Non-Event),False
254,1776412770.697,-6.8725567,109.44295,30.52470572288243,3.1126537322003367,1.442817172012622,8.278792,0.0,8.195213222915331,2,3,0.43200016021728516,0.0,0.02795926461401296,44634.54853758009,994.944548011602,44.86134285767076,0.43200016021728516,37.28279872167223,0.3248730964467005,-0.002860371099260739,-0.047512351332067056,155.82942644200864,675.1689718843837,163.94614968520986,0.23080063317526434,0.16750225127065546,low,normal,c72307ef-f384-4659-aded-5319b398f560,,,"https://www.google.com/maps?q=-6.8725567,109.44295",70.169464,7.155294009677108,Non-Event,Non-Event,condition_like,0.5372525252525253,ML_Ensemble(RF)_LOW_CONF,"ML ragu-ragu (Conf: 54%), pakai tebakan terbaik ML",True
206,1776329486.823,-6.8812917,109.522345,33.659968522780744,3.432361563100625,0.963632657658638,5.0288363,0.0,7.113763219835219,2,2,0.17400002479553223,0.0,0.03391525271190253,23668.768785524844,576.7148082789257,41.04068146805216,0.17400002479553223,36.23590049760561,0.3148614609571788,0.5904819950150255,0.0643202880472394,99.93012510529266,366.6095369215859,110.175146252047,0.2725791742130471,0.1658838055321471,low,normal,3a9b8fd6-92e7-4ce1-89d1-f0025de3bc91,,,"https://www.google.com/maps?q=-6.8812917,109.522345",59.323845,6.04934865626896,Non-Event,Non-Event,condition_like,0.6101666666666666,ML_Ensemble(RF)_LOW_CONF,"ML ragu-ragu (Conf: 61%), pakai tebakan terbaik ML",True
323,1776413708.663,-6.832005,109.461255,31.81561351376666,3.2442896925827536,1.8012161704838485,4.4667597,0.0,6.2663599291581935,1,5,0.0,0.0,0.08560170007643851,25401.456847092835,886.8792268771394,28.641393381029477,0.1,32.92005946353593,0.3492462311557789,0.2785633008039885,0.12467369659121678,103.60799630556983,686.3278014925036,96.94342907906596,0.1509599289571276,0.16557807707068536,low,normal,40a7a6c4-b8d9-447a-ba96-8503647f43bb,,,"https://www.google.com/maps?q=-6.832005,109.461255",45.900173,4.680515058659176,Non-Event,Normal,condition_like,0.92,R6,amplitudo rendah + tidak ada struktur event → Non-Event,False
270,1776412849.227,-6.873462,109.4486289,31.243895618923773,3.1859906919206633,1.3988834074561933,7.9962893,0.0,7.6050282190691645,1,3,0.0,0.0,0.02525439323153804,36347.2252730064,648.6533885425312,56.03489607699517,0.1,3.799974954465795,0.31738035264483627,0.13181856679314485,0.2917122982248896,143.19358257178772,407.5799145040547,97.87989146668866,0.3513263954498346,0.16476898544232169,low,normal,c72307ef-f384-4659-aded-5319b398f560,,,"https://www.google.com/maps?q=-6.873462,109.4486289",52.490913,5.352583502011391,Non-Event,Non-Event,condition_like,0.7952525252525252,ML_Ensemble(RF),Dipelajari dari data (Confidence: 80%),True
421,1776417788.057,-6.972912,109.4854012,-29.439052499863777,-3.0019479128819504,1.6334961684761493,4.6272063,0.0,7.77158538780019,2,6,0.36700010299682617,0.0,0.27985586088470293,28501.13142631902,1157.2945041357757,24.62737989322365,0.36700010299682617,10.084840514066505,0.3743718592964824,0.9408797525868065,-0.003107344036803014,191.81979185021734,866.639201911164,98.83551037439426,0.22133754301197944,0.1582463229459164,low,normal,2403297f-866d-495e-a41b-b29966866b69,,,"https://www.google.com/maps?q=-6.972912,109.4854012",43.377922,4.423317034869196,Non-Event,Non-Event,condition_like,0.6433636363636365,ML_Ensemble(RF)_LOW_CONF,"ML ragu-ragu (Conf: 64%), pakai tebakan terbaik ML",True
389,1776417465.606,-6.9581412,109.4919207,-29.890153448508755,-3.047947407984251,1.3953870201385923,9.912414,0.0,8.028379881055807,2,3,0.4739999771118164,0.0,0.2060332968881622,25588.196592962497,770.2255502721116,33.22169272455425,0.4739999771118164,43.70680371535397,0.389873417721519,0.3667021443102203,-0.07081718408899935,134.6296893269477,547.6648059816825,87.93105496348147,0.24582497836391118,0.1578732324706131,low,normal,2403297f-866d-495e-a41b-b29966866b69,,,"https://www.google.com/maps?q=-6.9581412,109.4919207",30.302608,3.0900060673114673,Non-Event,Non-Event,condition_like,0.7629191919191919,ML_Ensemble(RF),Dipelajari dari data (Confidence: 76%),True
299,1776413387.115,-6.8415711,109.4521877,-30.476619186721024,-3.107750270145363,1.1259019307454134,9.448044,0.0,8.25896881961092,2,5,0.5580000877380371,0.0,0.20023042273630662,33043.09174107974,549.3071962606526,60.15412123828484,0.5580000877380371,27.003012017404927,0.37279596977329976,0.017234258679185377,-0.07367566912649763,93.1645618592168,363.9325167784792,92.21011762295647,0.25599405743656245,0.15734717293274209,low,normal,c72307ef-f384-4659-aded-5319b398f560,,,"https://www.google.com/maps?q=-6.8415711,109.4521877",32.1745,3.2808859294458355,Non-Event,Non-Event,condition_like,0.862,ML_Ensemble(RF),Dipelajari dari data (Confidence: 86%),False
350,1776413916.402,-6.8254312,109.4727588,30.4440775866167,3.104431950423101,1.911219438154931,5.7693415,0.0,5.902664799924435,1,4,0.0,0.0,0.1977075708098052,15637.91049201829,521.3275176332402,29.996326556894722,0.1,9.14743078259492,0.38636363636363635,2.4305386165471914,0.6277244484794867,96.82959405661566,299.7017328874126,124.79619068921184,0.32308653273588045,0.15180838747556927,low,normal,40a7a6c4-b8d9-447a-ba96-8503647f43bb,,,"https://www.google.com/maps?q=-6.8254312,109.4727588",79.414764,8.098052240061591,Non-Event,Normal,condition_like,0.92,R6,amplitudo rendah + tidak ada struktur event → Non-Event,False
333,1776413761.912,-6.8305467,109.4635633,-31.547328236187923,-3.2169322078577216,1.4878877859023845,7.265819,0.0,6.164727435867219,2,2,0.21300005912780762,0.0,0.221966615238924,26050.029448076348,741.5331659284502,35.12995859103614,0.21300005912780762,1.906497514855209,0.29545454545454547,0.5995639628109743,0.1780787353509023,123.06511681512555,482.4006325613011,136.06741655202362,0.25510977443500193,0.15131652404883736,low,normal,40a7a6c4-b8d9-447a-ba96-8503647f43bb,,,"https://www.google.com/maps?q=-6.8305467,109.4635633",34.147217,3.482047080297553,Non-Event,Non-Event,condition_like,0.5018636363636364,ML_Ensemble(RF)_LOW_CONF,"ML ragu-ragu (Conf: 50%), pakai tebakan terbaik ML",True
327,1776413727.19,-6.8315033,109.4621567,30.175330938706036,3.0770274190173033,1.9164628905306906,5.4251723,0.0,5.966218715417985,1,4,0.0,0.0,0.08378826537197538,23322.687234652592,680.8621217596351,34.254640484511434,0.1,27.284560418473244,0.3139240506329114,0.2663208879923422,0.19121960259902646,107.90975955708026,466.0037040976758,106.94865810487902,0.2315641665004832,0.15036414693482014,low,normal,40a7a6c4-b8d9-447a-ba96-8503647f43bb,,,"https://www.google.com/maps?q=-6.8315033,109.4621567",42.845745,4.369050083361801,Non-Event,Normal,condition_like,0.92,R6,amplitudo rendah + tidak ada struktur event → Non-Event,False
195,1776328457.023,-6.8696217,109.4975117,32.221357405603094,3.2856640550649914,1.3197288536618044,10.601733,0.0,6.042869330791642,1,6,0.0,0.0,0.25759598423794106,17352.74167315929,531.3464183808749,32.658057041917615,0.1,15.729166771485394,0.39746835443037976,1.7442512568839215,0.18018638773222218,98.02124327572048,356.5680761705769,76.75709893457751,0.2749019038763489,0.15027231782179795,low,normal,7b68bd61-6146-4cdb-8ad6-424ae6e78950,,,"https://www.google.com/maps?q=-6.8696217,109.4975117",43.2534,4.410619324641952,Non-Event,Non-Event,condition_like,0.6833333333333332,ML_Ensemble(RF),Dipelajari dari data (Confidence: 68%),True
340,1776413801.428,-6.8294935,109.4655221,-32.6911708582677,-3.333571694540715,0.8744400903220872,5.461398,0.0,6.808298764730733,1,6,0.0,0.0,0.17596714321214896,22803.12717834671,729.2367737113073,31.269853590932918,0.1,9.339125316328879,0.35516372795969775,0.7950987993574561,-0.1955237047117889,114.99107763799923,503.4301840365152,110.81551203679277,0.22841514286565595,0.149946772382477,low,normal,40a7a6c4-b8d9-447a-ba96-8503647f43bb,,,"https://www.google.com/maps?q=-6.8294935,109.4655221",29.899525,3.0489030402838893,Non-Event,Normal,condition_like,0.92,R6,amplitudo rendah + tidak ada struktur event → Non-Event,False
116,1775973950.445,-6.8383183,109.4512283,-30.054043439247323,-3.0646595360543434,1.4579890417755204,9.122936,0.0,7.090001825843032,1,4,0.0,0.0,0.2113761111529506,18651.90838173114,464.42487431007805,40.161303524661555,0.1,30.32120702041358,0.37626262626262624,0.9802766387752588,-0.13383969691388614,132.03916796323443,256.5632338058058,75.82247254103777,0.5146457093245478,0.1489523506486487,low,normal,cc249e1a-62c0-4274-812f-0019a041760e,,,"https://www.google.com/maps?q=-6.8383183,109.4512283",33.600754,3.426323362208298,Non-Event,Non-Event,condition_like,0.7368333333333333,ML_Ensemble(RF),Dipelajari dari data (Confidence: 74%),True
234,1776412493.239,-6.8857338,109.4371825,-29.82053530141861,-3.0408483326537206,0.439640935522956,9.76136,0.0,9.614970760102912,1,4,0.0,0.0,0.027927394534046985,35991.392676066585,721.2764105547407,49.8995837095042,0.1,170.00277785813378,0.40759493670886077,-0.26566618716985024,0.0009254865040449682,76.02542112340012,560.3180076450639,84.93298178627668,0.13568263013220194,0.14653065792430553,low,normal,c72307ef-f384-4659-aded-5319b398f560,,,"https://www.google.com/maps?q=-6.8857338,109.4371825",47.013035,4.79399540107988,Non-Event,Non-Event,condition_like,0.8655555555555555,ML_Ensemble(RF),Dipelajari dari data (Confidence: 87%),False
343,1776413857.815,-6.8277433,109.4695017,30.831431242528243,3.1439310307320283,0.9422471801165022,8.955652,0.0,7.645164489459351,1,6,0.0,0.0,0.013961185258601834,32164.300749409435,618.9197996766411,51.96844682339367,0.1,5.677208373170557,0.37279596977329976,0.19361403965702317,0.3561512155296434,101.5085093445148,430.9680707157846,86.44321961634158,0.2355360315681524,0.14629755862922397,low,normal,40a7a6c4-b8d9-447a-ba96-8503647f43bb,,,"https://www.google.com/maps?q=-6.8277433,109.4695017",42.933594,4.37800818832119,Non-Event,Non-Event,condition_like,0.8446666666666667,ML_Ensemble(RF),Dipelajari dari data (Confidence: 84%),False
275,1776412890.599,-6.873632,109.4518159,-31.063458133207885,-3.167591188959317,0.6282830758802118,8.766832,0.0,8.157380976859407,1,4,0.0,0.0,0.8070760914815364,48316.09071033775,912.0474660982978,52.97541241362866,0.1,18.04970727771603,0.3526448362720403,4.706320249476138,-0.12831945357092225,238.06969860857959,437.31599244231165,236.66177504740656,0.544388273419011,0.14479105589380437,low,normal,c72307ef-f384-4659-aded-5319b398f560,,,"https://www.google.com/maps?q=-6.873632,109.4518159",67.42982,6.875928069218338,Non-Event,Non-Event,condition_like,0.6538888888888889,ML_Ensemble(RF),Dipelajari dari data (Confidence: 65%),True
162,1776326910.889,-6.8541647,109.4909159,-30.303727125788566,-3.090120186382564,1.7981249895724714,4.282162,0.0,5.700015436077857,1,4,0.0,0.0,0.29200417835508874,22139.96470392349,431.80382166798404,51.27320218502793,0.1,52.02925571978107,0.3333333333333333,-0.07883312023339561,-0.058000826681449846,94.75296414649591,226.8632753570888,110.18758216439936,0.4176655017419048,0.1440485222412179,low,normal,2ba192ad-a007-47e8-843d-e4f356c01155,,,"https://www.google.com/maps?q=-6.8541647,109.4909159",77.48606,7.901379166178053,Non-Event,Normal,condition_like,0.92,R6,amplitudo rendah + tidak ada struktur event → Non-Event,False
152,1776326846.24,-6.8510533,109.490265,-30.955495841488197,-3.1565820990336353,0.6796732512299568,9.02411,0.0,7.993169827556399,1,4,0.0,0.0,0.42140198560434367,30835.365270901697,495.04174943177395,62.28841354089263,0.1,54.96745846736104,0.37150127226463103,0.1487449198557469,-0.022334746125264794,97.71706311395974,300.1430036595662,97.18168265824798,0.3255683510758287,0.14332376165477775,low,normal,2ba192ad-a007-47e8-843d-e4f356c01155,,,"https://www.google.com/maps?q=-6.8510533,109.490265",35.87933,3.6586734511785375,Non-Event,Non-Event,condition_like,0.8372222222222223,ML_Ensemble(RF),Dipelajari dari data (Confidence: 84%),False
282,1776412937.656,-6.872182,109.452411,30.995794937018925,3.160691463141738,0.8542507727901099,0.9597185,0.0,7.406629382657344,1,3,0.0,0.0,0.13201206332106288,26693.722208586656,531.3864072639386,50.234107973886935,0.1,56.88442638016692,0.3825,0.04675840411762655,0.16302655044648506,92.19219718205395,335.4252188769221,103.76899120496263,0.27485171572931255,0.14169231587785802,low,normal,c72307ef-f384-4659-aded-5319b398f560,,,"https://www.google.com/maps?q=-6.872182,109.452411",46.756386,4.767824486445423,Non-Event,Non-Event,condition_like,0.7748333333333334,ML_Ensemble(RF),Dipelajari dari data (Confidence: 77%),True
306,1776413484.071,-6.8368948,109.4510861,31.427568740811633,3.204720137948396,0.6829204763596198,2.4950926,0.0,7.5139323031174445,2,6,0.16700005531311035,0.0,0.06447294316793986,26631.677082529415,694.1162940625505,38.36774510549344,0.16700005531311035,10.740887133742321,0.3787878787878788,1.0441790178815467,0.38470420551107765,122.82815079859463,464.79689987333836,106.49124339061754,0.26426198317545685,0.14137459233557553,low,normal,c72307ef-f384-4659-aded-5319b398f560,,,"https://www.google.com/maps?q=-6.8368948,109.4510861",58.080902,5.922603743378218,Non-Event,Non-Event,condition_like,0.7876969696969698,ML_Ensemble(RF),Dipelajari dari data (Confidence: 79%),True
302,1776413425.585,-6.8388846,109.4514296,29.620104856627343,3.0204101152409177,1.3364570376325235,7.422782,0.0,6.695146083755403,2,4,0.2049999237060547,0.0,0.13760048274393302,21083.0638789284,448.0970168367477,47.05022135766468,0.2049999237060547,12.361698193050396,0.37185929648241206,1.9092158780593227,0.28533564747972734,78.886871594717,299.1902342002488,70.01991104178181,0.26366793535864497,0.13565409274283877,low,normal,c72307ef-f384-4659-aded-5319b398f560,,,"https://www.google.com/maps?q=-6.8388846,109.4514296",58.21292,5.93606583287871,Non-Event,Non-Event,condition_like,0.6293333333333333,ML_Ensemble(RF)_LOW_CONF,"ML ragu-ragu (Conf: 63%), pakai tebakan terbaik ML",True
12,1775973027.72,-6.8939047,109.4527191,-30.025730459071696,-3.061772415562062,1.2874148717002611,8.3444605,0.0,6.426553221541561,2,2,0.937999963760376,0.0,0.07482806274623977,22450.099770717403,419.00775659815736,53.5791983886079,0.937999963760376,64.08978278478347,0.3844221105527638,0.5730673676476834,-0.2059460906280098,139.93662725216848,206.5390252268421,72.5321041191468,0.677531165942827,0.1341607227444818,low,normal,178e7720-4939-4df4-b9af-2a0a7e15ece3,,,"https://www.google.com/maps?q=-6.8939047,109.4527191",50.29167,5.1283231276735695,Non-Event,Non-Event,condition_like,0.8806666666666668,ML_Ensemble(RF),Dipelajari dari data (Confidence: 88%),False
186,1776327915.317,-6.8976299,109.5219521,30.17282270788386,3.076771650653777,0.7646069259756937,7.2139273,0.0,7.3593577197185,0,3,0.0,0.0,0.49616510388521273,25113.982881464613,317.2987112588045,79.14933755224449,0.0,83.11963400865938,0.369620253164557,0.5935582050004529,0.24715647373638255,81.14943841335887,170.11593484115292,66.03333800429273,0.4770243188100425,0.1305211156876097,low,normal,7b68bd61-6146-4cdb-8ad6-424ae6e78950,,,"https://www.google.com/maps?q=-6.8976299,109.5219521",75.57105,7.706102491676567,Non-Event,Normal,condition_like,0.92,R6,amplitudo rendah + tidak ada struktur event → Non-Event,False
135,1775974192.087,-6.840645,109.4440683,-31.71120621944007,-3.2336431115049553,1.2441010181803966,3.6828375,0.0,4.8830982852268665,1,2,0.0,0.0,0.02026734267848568,19600.688006650482,573.4692729206876,34.17914245456386,0.1,60.43749922954274,0.28607594936708863,0.8169629525337108,0.11860510440918423,241.26260606816567,234.39115484915055,97.81551200337128,1.029316166790173,0.12760589111115078,low,normal,cc249e1a-62c0-4274-812f-0019a041760e,,,"https://www.google.com/maps?q=-6.840645,109.4440683",39.36475,4.01408737948229,Non-Event,Normal,condition_like,0.92,R6,amplitudo rendah + tidak ada struktur event → Non-Event,False
207,1776329511.632,-6.8793702,109.52173,-30.095159793383374,-3.0688522373474507,1.3657846483912646,6.5170956,0.0,5.477771313409218,3,5,0.2875000238418579,0.03249990940093994,0.4661118501952833,17453.80431496028,587.8274983180888,29.692051384475246,0.5750000476837158,5.211354776640403,0.41457286432160806,3.062953157620176,-0.35438085769294697,137.1578752427136,382.3372724838224,68.33235059155285,0.35873529670006676,0.1247598071531023,low,normal,3a9b8fd6-92e7-4ce1-89d1-f0025de3bc91,,,"https://www.google.com/maps?q=-6.8793702,109.52173",65.37512,6.666406978937761,Non-Event,Rough Road,condition_like,0.72,R7,struktur kontinu panjang + noisy/dense → Non-Event,True
334,1776413767.724,-6.83023,109.464085,29.505364088709925,3.0087098131074246,0.754511727253129,6.2790966,0.0,6.979184056101968,2,3,0.4779999256134033,0.0,0.13117075265031608,32445.42407893177,1279.1552432366802,25.364727405150237,0.4779999256134033,5.194986420965265,0.3240506329113924,0.18924240309204787,0.2289586411809037,180.06086940331193,964.5507362234995,134.5436376098689,0.18667848403871926,0.11899006150279876,low,normal,40a7a6c4-b8d9-447a-ba96-8503647f43bb,,,"https://www.google.com/maps?q=-6.83023,109.464085",59.535835,6.07096562026788,Non-Event,Non-Event,condition_like,0.4765303030303031,ML_Ensemble(RF)_LOW_CONF,"ML ragu-ragu (Conf: 48%), pakai tebakan terbaik ML",True
22,1775973105.378,-6.888273,109.4544477,-30.687899726720325,-3.129294889357765,0.9051162020333359,8.49295,0.0,5.641300781454075,1,3,0.0,0.0,0.16820195106201394,15846.566463262592,338.4607924476809,46.81950397221458,0.1,22.393888340825963,0.3248730964467005,1.0522203459570756,-0.3696997580555156,113.68257392625114,168.6073115386331,56.17090698279666,0.6742446232882277,0.11702442386269771,low,normal,178e7720-4939-4df4-b9af-2a0a7e15ece3,,,"https://www.google.com/maps?q=-6.888273,109.4544477",38.387764,3.9144625330770446,Non-Event,Non-Event,condition_like,0.8743333333333334,ML_Ensemble(RF),Dipelajari dari data (Confidence: 87%),False
141,1776325511.655,-6.8938827,109.4072445,-29.603768533872373,-3.018744273923549,1.085796660147516,9.731906,0.0,5.482291325231936,5,4,0.21649998426437378,0.07037226830874636,0.35447140175962827,21501.46461937925,417.784726189308,51.46541560777648,0.8659999370574951,3.1319311543713813,0.3661616161616162,1.7995940626126927,-0.4031670190865936,88.94730852993321,273.7269924094927,55.11042524988207,0.32494898446814474,0.11097742432779575,low,normal,d4030b3c-2d8e-49cc-9722-89da2a36bbc9,,,"https://www.google.com/maps?q=-6.8938827,109.4072445",25.094074,2.5588834107467893,Non-Event,Non-Event,condition_like,0.7375,ML_Ensemble(RF),Dipelajari dari data (Confidence: 74%),True
