event_id,time_s,lat,lon,peak_mag,peak_vertical,peak_mag_g,peak_vertical_g,peak_gyro_mag,speed_mean,event_duration,vert_jrk,level,num_peaks_accel,num_peaks_gyro,peak_interval_mean,peak_interval_std,asymmetry_score,vertical_energy,gyro_energy,accel_to_gyro_ratio,local_duration,top2_peak_ratio,duration_above_threshold,max_jerk,peak_to_peak,fft_high_low_ratio,zcr,kurtosis,skewness,gyro_pitch_energy,gyro_roll_energy,gyro_yaw_energy,gyro_pitch_roll_ratio,trip_id,suggested_label,suggested_raw_label,suggested_kind,suggestion_confidence,suggestion_rule,suggestion_reason,needs_review,speed_factor,score,priority
0,1775972265.827,-6.8990167,109.406905,83.47067,-38.11863536924246,8.511639550713037,-3.8870190502610438,3.4188748510005103,9.420446,0.09000205993652344,23.352052239363566,normal,2,4,1.4260001182556152,0.0,0.13953230861753227,32137.84752675797,842.397094903004,38.15047283883136,1.4260001182556152,0.8423109188142485,0.09000205993652344,7909.0748789301915,61.1785421100358,42.19642224897469,0.37092731829573933,0.9605969521192064,-0.19581085299716303,201.28200899982517,518.9941671865523,122.12091871662653,0.3878309648509854,178e7720-4939-4df4-b9af-2a0a7e15ece3,Non-Event,Non-Event,condition_like,0.9532608695652172,ML_Ensemble(RF),Dipelajari dari data (Confidence: 95%),False,1.0,0.40054436405208355,medium
1,1775972266.967,-6.8979053,109.4069794,33.495884,-32.01467677806613,3.4156295982827976,-3.264588496384202,1.7103892226990325,12.110078,0.03499913215637207,39.546279516440386,normal,2,4,0.7820000648498535,0.0,0.16733389944167437,36219.53150690523,823.2889420810612,43.99370574728956,0.7820000648498535,0.9407658763620355,0.03499913215637207,7909.452022360591,67.95726069658211,105.85291444732158,0.36523929471032746,0.5592272744454259,-0.19470507134137052,176.72837855921443,517.7044980316386,128.8560654902081,0.34136921523723124,178e7720-4939-4df4-b9af-2a0a7e15ece3,Non-Event,Non-Event,condition_like,0.8999275362318839,ML_Ensemble(RF),Dipelajari dari data (Confidence: 90%),False,1.0,0.2834508736762738,low
2,1775972285.40625,-6.8968191,109.4070534,80.0231,-43.705264325499755,8.160085248275406,-4.456696662519796,2.7279287367834133,11.824939,0.025000572204589844,40.45504377788102,normal,2,3,1.0349998474121094,0.0,0.07337585381737097,49519.876967221615,1217.5613486726459,40.67136081523576,1.0349998474121094,0.9003823133944049,0.025000572204589844,9880.509153308061,75.52457013104035,43.19917318840896,0.40703517587939697,0.7964915981163201,-0.17907316109052143,307.5808794044103,769.1906622866497,140.7898069815859,0.3998759918511725,178e7720-4939-4df4-b9af-2a0a7e15ece3,Speed Bump,Speed Bump,event,0.6928695652173914,ML_Ensemble(RF),Dipelajari dari data (Confidence: 69%),True,1.0,0.42390870043490636,medium
3,1775972289.292,-6.8957427,109.4071277,61.717308,-35.69719936025206,6.29341395889524,-3.640101294555435,2.195266510479138,9.986261,0.03500080108642578,36.179157290193785,normal,1,4,0.0,0.0,0.14340307882309197,36464.609636339,1032.3171735216274,35.32306788680193,0.1,0.0,0.03500080108642578,7235.6658467904335,60.508330865329675,91.08899814639801,0.42462311557788945,0.5834589199585127,-0.33897602750298644,250.8872857283128,614.2927766919257,167.13711110138902,0.4084164666089163,178e7720-4939-4df4-b9af-2a0a7e15ece3,Non-Event,Non-Event,condition_like,0.8619275362318841,ML_Ensemble(RF),Dipelajari dari data (Confidence: 86%),False,1.0,0.3334097269407757,medium
4,1775972293.339,-6.8957427,109.4071277,60.12958,-32.45130848036561,6.131510760555337,-3.309112538977695,2.1897322759346634,9.986261,0.024999380111694336,29.881963232873005,normal,1,1,0.0,0.0,0.01905588072068147,31734.49282888419,708.3355816505236,44.80149466745235,0.1,0.0,0.024999380111694336,5976.540838085555,61.97736393680513,169.75138323628454,0.37844611528822053,0.09040187164479097,-0.01967108337821745,246.76690519139186,341.4944854990315,120.07419096010032,0.7226087534273902,178e7720-4939-4df4-b9af-2a0a7e15ece3,Non-Event,Non-Event,condition_like,0.9965942028985506,ML_Ensemble(RF),Dipelajari dari data (Confidence: 100%),False,1.0,0.3026861578808584,medium
5,1775972297.533,-6.8947717,109.4071633,75.091896,-31.035805027176462,7.657242381445244,-3.164771356903373,2.2859363214282675,10.447317,0.07000160217285156,33.90163183430461,normal,1,6,0.0,0.0,0.06768717931560138,26912.493154425447,679.2011068920955,39.62374743166795,0.1,0.0,0.07000160217285156,6780.171181058133,52.68002527555127,220.01278430761963,0.4166666666666667,0.16236046646558133,-0.1826658789131687,213.95257967246857,367.75820570253575,97.49032151709127,0.5817751331529791,178e7720-4939-4df4-b9af-2a0a7e15ece3,Non-Event,Non-Event,condition_like,0.9952608695652172,ML_Ensemble(RF),Dipelajari dari data (Confidence: 100%),False,1.0,0.2962774196652097,low
6,1775972300.113,-6.8947717,109.4071633,85.08956,-32.547040725878475,8.676720388715822,-3.31887451126312,3.1908999381120946,10.447317,0.060001373291015625,34.566730094073904,normal,1,4,0.0,0.0,0.19834291021786116,28163.367958695562,673.6290833688083,41.80842040851709,0.1,0.0,0.060001373291015625,6913.18778850346,55.76591651736091,57.90786805581313,0.44221105527638194,0.3061558151545887,-0.415635615396246,183.56291182040468,399.82896973347584,90.23720181492777,0.4591035799223435,178e7720-4939-4df4-b9af-2a0a7e15ece3,Non-Event,Non-Event,condition_like,0.9952608695652172,ML_Ensemble(RF),Dipelajari dari data (Confidence: 100%),False,1.0,0.33956214028091014,medium
7,1775972312.118,-6.8940283,109.4072067,93.02455,-31.70443920414746,9.485864183997595,-3.232953067984221,2.0005514385101426,5.6856217,0.2900066375732422,39.692170515932034,normal,3,3,0.1809999942779541,0.021000146865844727,0.3715828093204271,24065.13371829671,772.1430887708475,31.166676276852563,0.3619999885559082,0.8802674237379963,0.2900066375732422,7938.25241100781,57.5630338080719,5.2718539018980035,0.3256997455470738,2.1473071525844656,-0.3328461965852499,186.93838660513887,461.9534382409646,123.25126392474394,0.4046693253594934,178e7720-4939-4df4-b9af-2a0a7e15ece3,Speed Bump,Speed Bump,event,0.5704409937888199,ML_Ensemble(RF)_LOW_CONF,"ML ragu-ragu (Conf: 57%), pakai tebakan terbaik ML",True,1.0,0.30940132188691116,medium
8,1775972418.472,-6.8941433,109.4176217,71.87033,-34.973709891506374,7.328734073307398,-3.566325900435559,2.6277667737132324,9.365886,0.1450033187866211,52.07473227133404,normal,2,3,0.23100018501281738,0.0,0.27792572116676234,20022.159106562165,512.8266010792415,39.042746662093705,0.23100018501281738,0.8316859193974544,0.1450033187866211,10414.708080516188,61.74357926924996,115.29064313218718,0.37373737373737376,1.8378063299866945,-0.2137567354364679,109.82358836125712,332.81980966992626,70.1832030480581,0.32997912035403015,178e7720-4939-4df4-b9af-2a0a7e15ece3,Pothole,Pothole,event,0.6430124223602485,ML_Ensemble(RF)_LOW_CONF,"ML ragu-ragu (Conf: 64%), pakai tebakan terbaik ML",True,1.0,0.349436805738638,medium
9,1775972924.8395,-6.8923073,109.4395359,36.72497,-33.3137019227574,3.7449047330128025,-3.397052196494971,2.5314817713294424,13.983735,0.03500080108642578,37.358207162588194,normal,1,3,0.0,0.0,0.09744487723271097,30837.47771803427,610.3886159703642,50.52105635766059,0.1,0.0,0.03500080108642578,7471.470424130856,54.268199872809845,74.07033902380697,0.4949748743718593,0.3794508352305188,-0.6115152113948744,152.35319767556462,374.15852219199587,83.87689610280367,0.40718890051152473,178e7720-4939-4df4-b9af-2a0a7e15ece3,Non-Event,Non-Event,condition_like,0.9505855448898926,ML_Ensemble(RF),Dipelajari dari data (Confidence: 95%),False,1.0,0.3227424834770108,medium
10,1775972955.9885,-6.8921375,109.4433722,76.310745,-29.782075268169983,7.7815303900924375,-3.036926500708191,2.3548094723883715,14.374064,0.04000091552734375,20.663648498036572,normal,3,5,0.9149999618530273,0.03500008583068848,0.49953477342454616,19461.37608164303,423.8043565974002,45.92066063683724,1.8299999237060547,0.8958557221994208,0.04000091552734375,6073.745378126534,47.77209974206106,51.82006344024087,0.42065491183879095,1.2275096585820169,-0.7642849493558889,109.16769500359639,254.89669484918664,59.73996674461724,0.4282821110721147,178e7720-4939-4df4-b9af-2a0a7e15ece3,Non-Event,Non-Event,condition_like,0.8433333333333333,ML_Ensemble(RF),Dipelajari dari data (Confidence: 84%),False,1.0,0.28481710280790035,low
11,1775972966.128,-6.8922577,109.4448662,50.24565,-35.587765888433594,5.123630393661444,-3.6289421860098603,1.897592157635236,18.682701,0.029999256134033203,47.45496046929486,normal,1,4,0.0,0.0,0.3894718225982944,26326.467431614026,583.2463226230685,45.137819760400056,0.1,0.0,0.029999256134033203,9491.227433894679,59.79421455457704,15.906972548982996,0.3693467336683417,0.634419301308708,-0.3871655040012332,146.72579949523023,366.12182959963343,70.39869352820482,0.40075676245506336,178e7720-4939-4df4-b9af-2a0a7e15ece3,Non-Event,Non-Event,condition_like,0.7951093544137022,ML_Ensemble(RF),Dipelajari dari data (Confidence: 80%),True,1.0,0.3221078128721145,medium
12,1775973027.72,-6.8939047,109.4527191,50.29167,-30.025730459071696,5.1283231276735695,-3.061772415562062,1.2874148717002611,8.3444605,0.0800018310546875,21.232847255623994,normal,2,2,0.937999963760376,0.0,0.025744353294857726,22450.099770717403,419.00775659815736,53.5791983886079,0.937999963760376,0.9561004689703032,0.0800018310546875,5228.507750187991,51.99924834810356,64.08978278478347,0.3844221105527638,0.5730673676476834,-0.24008826720887247,139.93662725216848,206.5390252268421,72.5321041191468,0.677531165942827,178e7720-4939-4df4-b9af-2a0a7e15ece3,Non-Event,Non-Event,condition_like,0.9275151515151516,ML_Ensemble(RF),Dipelajari dari data (Confidence: 93%),False,1.0,0.25447348378636253,low
13,1775973032.319,-6.8934909,109.4529924,83.82652,-32.71291459064963,8.547926152151858,-3.335788938184766,3.2376317973421966,9.682491,0.07000160217285156,30.661407635585753,normal,1,4,0.0,0.0,0.331865017998838,28377.519572121368,650.9356051374396,43.59497207490244,0.1,0.0,0.07000160217285156,6132.141173544148,62.66781103769871,20.929388132425036,0.3813131313131313,0.7948993966721769,-0.4475916126515106,146.18457843308693,415.9244564166068,88.82657028774582,0.35146906085078455,178e7720-4939-4df4-b9af-2a0a7e15ece3,Non-Event,Non-Event,condition_like,0.9734426877470355,ML_Ensemble(RF),Dipelajari dari data (Confidence: 97%),False,1.0,0.3433921845109994,medium
14,1775973053.9835,-6.8917017,109.4536683,56.028313,46.141519711579306,5.713297915190203,4.705125574133808,2.695067535505836,9.072494,0.10499739646911621,32.22888445033411,normal,2,3,0.17600011825561523,0.0,0.4570971026343377,24745.177906580862,667.8331465339875,37.052934551023505,0.17600011825561523,0.6843830074875786,0.10499739646911621,6445.936720498505,76.21674358922584,10.91990491102639,0.29974811083123426,3.8699935084974317,0.33371424425633284,173.61381407076829,391.71001356896625,102.50931889425294,0.44322025889945954,178e7720-4939-4df4-b9af-2a0a7e15ece3,Speed Bump,Speed Bump,event,0.5435714285714286,ML_Ensemble(RF)_LOW_CONF,"ML ragu-ragu (Conf: 54%), pakai tebakan terbaik ML",True,1.0,0.45117169092408765,medium
15,1775973067.1239998,-6.8910533,109.4538383,75.078026,51.129714185162406,7.655828035057843,5.213779851953767,3.403309182379115,7.441339,0.15500354766845703,18.897586966948822,candidate,2,5,0.2090001106262207,0.0,0.049178236420109135,37520.290595387254,1057.9738815454148,35.46428812128701,0.2090001106262207,0.6312725550830326,0.15500354766845703,15603.473435244143,98.19922559464752,14.256473660981856,0.34177215189873417,5.336976240797954,0.3705873122891442,305.4848782773603,569.0442521397608,183.44475112829366,0.5368385263392358,178e7720-4939-4df4-b9af-2a0a7e15ece3,Pothole,Pothole,event,0.5966666666666667,ML_Ensemble(RF)_LOW_CONF,"ML ragu-ragu (Conf: 60%), pakai tebakan terbaik ML",True,1.0,0.5243090921636105,medium
16,1775973073.1651666,-6.8903863,109.4539875,97.00787,-52.225899432197124,9.892049782545518,-5.325559638836618,7.006658370653413,8.041139,0.0950021743774414,32.893952844850226,candidate,2,4,0.7860000133514404,0.0,0.396120714618027,50373.911126757,1208.9506656389249,41.667466272055975,0.7860000133514404,0.8170600275589335,0.0950021743774414,9629.302718993158,90.40600523216764,8.60787710867795,0.3207070707070707,1.64801326144803,-0.08507824828011679,366.4439917623625,667.6201966567846,174.88647721977762,0.5488809251854703,178e7720-4939-4df4-b9af-2a0a7e15ece3,Pothole,Pothole,event,0.6942028985507247,ML_Ensemble(RF),Dipelajari dari data (Confidence: 69%),True,1.0,0.6164255305736038,high
17,1775973076.984,-6.8903863,109.4539875,78.15018,-29.887002997649518,7.969100559314344,-3.0476261514023157,2.8964623562902125,8.041139,0.04000091552734375,27.62797726059319,normal,1,4,0.0,0.0,0.19787648387670306,24359.336168866088,592.3138769827425,41.125722483199716,0.1,0.0,0.04000091552734375,5525.468984170087,58.68575486519846,39.172053817160105,0.3181818181818182,1.3935355692130535,-0.14766310194357143,198.3221718859603,335.786623633929,58.2050814628532,0.5906196296596656,178e7720-4939-4df4-b9af-2a0a7e15ece3,Non-Event,Normal,condition_like,0.92,R6,amplitudo rendah + tidak ada struktur event → Non-Event,False,1.0,0.30383516750043293,medium
18,1775973079.564,-6.8903863,109.4539875,70.087105,-39.70872748945186,7.146895728918642,-4.0491633217716405,4.848913240049903,8.041139,0.0,49.090002151381924,candidate,0,4,0.0,0.0,0.15436176020737902,42059.08004052167,1161.4795012787474,36.211642097862665,0.0,0.0,0.0,9817.775719223242,69.56236386999015,45.957989307941254,0.3316582914572864,0.4808561494715087,-0.35665163686854306,288.9752896224482,746.9974745331414,125.50673712315765,0.38684908461866346,178e7720-4939-4df4-b9af-2a0a7e15ece3,Pothole,Pothole,event,0.7566666666666666,ML_Ensemble(RF),Dipelajari dari data (Confidence: 76%),True,1.0,0.45605514029444444,medium
19,1775973087.1739998,-6.8897539,109.4541563,59.27706,47.93504192279692,6.044577913966544,4.88801394184527,1.9162198562942223,8.796218,0.2600059509277344,50.09600454404704,normal,2,4,0.1549999713897705,0.0,0.44998374325866586,32257.848206404076,816.0762404690926,39.527983498617495,0.1549999713897705,0.9136260062601544,0.2600059509277344,10018.971592748174,85.1316183129168,13.372474315350136,0.35175879396984927,5.165769120911985,-0.40223287399387403,254.29263578117317,463.5305226468015,98.253082041118,0.5485995480524983,178e7720-4939-4df4-b9af-2a0a7e15ece3,Pothole,Pothole,event,0.7904761904761906,ML_Ensemble(RF),Dipelajari dari data (Confidence: 79%),True,1.0,0.4532956962954618,medium
20,1775973094.364,-6.8890621,109.454337,40.960815,-37.4720324175985,4.176840715228952,-3.8210838989459703,2.1826375540129197,7.7601833,0.0650014877319336,48.191372281196784,normal,3,2,0.3370000123977661,0.01700007915496826,0.10408082907089813,29917.321399321932,678.2129814145422,44.111985725799116,0.6740000247955322,0.7498804880394132,0.0650014877319336,9638.053858693153,62.59945173966214,66.22053741845897,0.40966921119592875,0.5290234840875518,-0.33202614996489155,206.05336075373793,350.138276505975,122.02134415482938,0.5884913875210964,178e7720-4939-4df4-b9af-2a0a7e15ece3,Non-Event,Non-Event,condition_like,0.8236418219461699,ML_Ensemble(RF),Dipelajari dari data (Confidence: 82%),False,1.0,0.35152724761879633,medium
21,1775973099.863,-6.8890621,109.454337,78.0431,39.42351248768277,7.958181438105775,4.020079485622794,4.801670871411197,7.760183299999999,0.04999876022338867,29.90424036174982,candidate,3,5,0.684499979019165,0.3644998073577881,0.31178963906017076,39087.101447829424,1186.366681193244,32.94689747656166,1.36899995803833,0.9973523761070968,0.04999876022338867,5980.9963743383105,70.60442180653183,56.19877502784366,0.3341708542713568,0.90072367858106,-0.15094140107457416,275.89921360474125,781.8374544130127,128.63001317548967,0.35288564354977725,178e7720-4939-4df4-b9af-2a0a7e15ece3,Non-Event,Non-Event,condition_like,0.7233333333333333,ML_Ensemble(RF),Dipelajari dari data (Confidence: 72%),True,1.0,0.4556127564365123,medium
22,1775973105.378,-6.888273,109.4544477,38.387764,-30.687899726720325,3.9144625330770446,-3.129294889357765,0.9051162020333359,8.49295,0.04500102996826172,31.533341968233508,normal,1,3,0.0,0.0,0.17865731417490202,15846.566463262592,338.4607924476809,46.81950397221458,0.1,0.0,0.04500102996826172,6306.524048766435,46.44110127382839,22.393888340825963,0.3248730964467005,1.0522203459570756,-0.6755046949084434,113.68257392625114,168.6073115386331,56.17090698279666,0.6742446232882277,178e7720-4939-4df4-b9af-2a0a7e15ece3,Non-Event,Non-Event,condition_like,0.9239188782232258,ML_Ensemble(RF),Dipelajari dari data (Confidence: 92%),False,1.0,0.24518215735759635,low
23,1775973111.156,-6.8875668,109.4546063,34.59198,-31.17519343816542,3.5274002845008234,-3.17898501916204,1.61982361568706,8.748815,0.020000457763671875,27.136693198519296,normal,2,6,0.7260000705718994,0.0,0.06347542207135823,30407.201614555364,669.975283390015,45.385557233264024,0.7260000705718994,0.9797947969379044,0.020000457763671875,5427.214420623798,57.08441856338578,113.7964511746339,0.40302267002518893,-0.0797611263230813,-0.2819940365078451,210.06466510058814,330.03529614552593,129.8753221439009,0.6364915114154052,178e7720-4939-4df4-b9af-2a0a7e15ece3,Non-Event,Non-Event,condition_like,0.9218322981366458,ML_Ensemble(RF),Dipelajari dari data (Confidence: 92%),False,1.0,0.271602806579761,low
24,1775973113.963,-6.8875668,109.4546063,44.94457,-42.90714853827085,4.58307067143214,-4.375311501712701,1.9234181835748174,8.748815,0.030000686645507812,45.795911073874045,normal,1,3,0.0,0.0,0.09067932263723141,35014.27823248855,707.7595248431822,49.471998544667606,0.1,0.0,0.030000686645507812,9158.97258252881,67.19332863521612,145.02852838728526,0.40554156171284633,0.49745025115678,-0.24377996191299936,174.33795715766632,384.4186750350265,149.00289265048937,0.4535106331352679,178e7720-4939-4df4-b9af-2a0a7e15ece3,Non-Event,Non-Event,condition_like,0.9102608695652172,ML_Ensemble(RF),Dipelajari dari data (Confidence: 91%),False,1.0,0.39014202610505005,medium
25,1775973122.795,-6.8866528,109.4548345,41.40913,-31.560827241250934,4.2225561226310715,-3.218308723289904,1.8492117460471502,9.22765,0.04000091552734375,33.81621907724825,normal,1,4,0.0,0.0,0.004911516230853508,27013.810806118563,540.7780151006581,49.95360388520366,0.1,0.0,0.04000091552734375,6763.089020626485,53.97161479503889,83.933188193239,0.3778337531486146,0.04545323812706048,-0.33307290665295974,190.76627831240933,261.79317906616825,88.2185577220805,0.7286907866132843,178e7720-4939-4df4-b9af-2a0a7e15ece3,Non-Event,Non-Event,condition_like,0.911918878223226,ML_Ensemble(RF),Dipelajari dari data (Confidence: 91%),False,1.0,0.28428824529554714,low
26,1775973131.129,-6.8858567,109.4550333,57.211285,-40.91636271175361,5.8339274879800955,-4.17230784332607,1.357348694203612,8.969035,0.11500263214111328,71.5941076793604,normal,2,3,0.14800000190734863,0.0,0.19447039651309805,34058.20517820825,656.5555680517523,51.87406334455088,0.14800000190734863,0.5851253379488175,0.11500263214111328,14318.493811556937,81.68597775196213,53.73052228781958,0.40703517587939697,2.712438350572267,-0.04246012569494112,213.75183671496274,304.5420401879335,138.26169114885602,0.7018795693401689,178e7720-4939-4df4-b9af-2a0a7e15ece3,Non-Event,Non-Event,condition_like,0.7783333333333333,ML_Ensemble(RF),Dipelajari dari data (Confidence: 78%),True,1.0,0.35937785978338355,medium
27,1775973135.1253335,-6.8858567,109.4550333,73.94931,-33.38043461356125,7.540731034553084,-3.403857037169803,3.4844228710942953,8.969035,0.03999900817871094,36.275627395015704,normal,3,5,0.6859999895095825,0.24999988079071045,0.04843193186260705,34154.93264468612,813.032736714623,42.00929564127172,1.371999979019165,0.9152385971671241,0.03999900817871094,7255.305378161458,64.78726360598293,8.057324194332407,0.3458646616541353,0.8774454597773662,-0.3881619752763888,179.15156615006907,475.8942647191977,157.9869058453563,0.37645245815123524,178e7720-4939-4df4-b9af-2a0a7e15ece3,Non-Event,Non-Event,condition_like,0.9409751552795029,ML_Ensemble(RF),Dipelajari dari data (Confidence: 94%),False,1.0,0.35549448799516215,medium
28,1775973139.506,-6.8858567,109.4550333,58.05943,-34.721008549389154,5.9204142087257114,-3.540557534875738,2.6077579999697535,8.969035,0.07500171661376953,50.416094493535006,normal,2,4,0.5999999046325684,0.0,0.09425857718345586,24579.749163527766,741.3482772886496,33.155468061878274,0.5999999046325684,0.8922966827821903,0.07500171661376953,10082.988117423796,63.4788613712055,7.723239475368821,0.31645569620253167,2.394909459248841,0.02410092326654444,191.08252632797087,441.896203755796,108.36954720488288,0.4324149523609697,178e7720-4939-4df4-b9af-2a0a7e15ece3,Pothole,Pothole,event,0.6916790890269151,ML_Ensemble(RF),Dipelajari dari data (Confidence: 69%),True,1.0,0.3412005735505076,medium
29,1775973146.665,-6.8854233,109.4551017,90.22953,-40.593938286625175,9.200851463037838,-4.139429701949715,4.886953131329633,5.1693554,0.03500080108642578,53.28116021079462,candidate,1,4,0.0,0.0,0.1491159068261958,30537.110854285012,891.294992557036,34.26150833902432,0.1,0.0,0.03500080108642578,10655.988145945867,66.6245604927103,65.41953495796098,0.38734177215189874,1.0123235808641704,-0.2634126337527837,272.02759840202896,506.16003084468383,113.10736331032328,0.5374339759910185,178e7720-4939-4df4-b9af-2a0a7e15ece3,Pothole,Pothole,event,0.7383333333333333,ML_Ensemble(RF),Dipelajari dari data (Confidence: 74%),True,1.0,0.46807217096794407,medium
30,1775973157.157,-6.8847717,109.4551867,76.62914,32.47994485072771,7.813997644455549,3.3120326360916024,2.0109068172872906,4.2721944,0.12000274658203125,33.73555122358109,normal,2,3,0.15400004386901855,0.0,0.22607262349846097,22442.116981039188,622.2427882852498,36.066495855769936,0.15400004386901855,0.8129345039078456,0.12000274658203125,6746.955819152731,59.493573001986064,66.46483711275577,0.37092731829573933,1.1368405908470347,0.18474568470874966,225.00557787076954,324.75846406416883,72.47874635031141,0.6928397627027546,178e7720-4939-4df4-b9af-2a0a7e15ece3,Non-Event,Non-Event,condition_like,0.7775151515151515,ML_Ensemble(RF),Dipelajari dari data (Confidence: 78%),True,1.0,0.3041133704848063,medium
31,1775973170.375,-6.8846582,109.4547392,29.214878,-34.140034649342006,2.979088475677219,-3.4813146843562284,2.228632122408553,7.8310566,0.14000320434570312,29.250889872816977,normal,2,3,0.3410000801086426,0.0,0.4044678246389614,25099.451176050712,912.4621844351668,27.507387787342015,0.3410000801086426,0.7982028314935036,0.14000320434570312,5850.044077680514,67.09493003267877,13.037870352861571,0.3484848484848485,2.6398962470043834,-0.306745355048366,290.3224309190929,524.3595070512098,97.7802464648642,0.5536705761245384,178e7720-4939-4df4-b9af-2a0a7e15ece3,Non-Event,Non-Event,condition_like,0.8106418219461697,ML_Ensemble(RF),Dipelajari dari data (Confidence: 81%),False,1.0,0.32810629933160673,medium
32,1775973193.698,-6.8847364,109.452663,88.423584,50.92685809088467,9.016696221441574,5.193094287130129,1.8853385391455564,7.58755,0.0800018310546875,61.408700234957465,candidate,1,5,0.0,0.0,0.011978120881718587,45445.194811825706,988.7778055010035,45.96097779807883,0.1,0.0,0.0800018310546875,12281.458946704322,100.69697002936827,48.903424553100955,0.3434343434343434,4.490714497361914,-0.024489856652299757,232.80565410935432,569.3706476680917,186.60150372355753,0.408882429492894,178e7720-4939-4df4-b9af-2a0a7e15ece3,Non-Event,Crack,condition_like,0.76,R4,spike kecil/rapat + durasi sangat singkat → Non-Event,True,1.0,0.4662232411423317,medium
33,1775973197.52025,-6.8847364,109.452663,86.53735,-42.89553256167615,8.824353882314552,-4.374127001746381,3.648732408423678,7.58755,0.04999876022338867,50.98634623471206,normal,1,4,0.0,0.0,0.18800487278381847,50263.79236508351,1256.0171972363325,40.018394999417715,0.1,0.0,0.04999876022338867,10197.522099930271,82.64957737171851,45.525615841410165,0.3634085213032581,1.8292321137503835,-0.5956765817831993,406.85881735609166,657.0557053096336,192.10267457060746,0.6192151037561523,178e7720-4939-4df4-b9af-2a0a7e15ece3,Non-Event,Non-Event,condition_like,0.6582608695652175,ML_Ensemble(RF),Dipelajari dari data (Confidence: 66%),True,1.0,0.4490457507880511,medium
34,1775973206.908,-6.8846939,109.4522318,56.220917,31.870258938155214,5.732938057338643,3.2498619751041606,3.709585488151776,4.2011566,0.0800018310546875,33.433945645300255,normal,3,5,0.4515000581741333,0.29949986934661865,0.013654293425922056,29699.79878855054,724.8249458785396,40.97513326004133,0.9030001163482666,0.9575335628153189,0.0800018310546875,6686.636084105734,59.674945690831876,60.16660871690462,0.3401015228426396,1.1294552443468486,0.10916654255507793,214.40100311394679,387.2995076130215,123.12443515157133,0.5535793316179238,178e7720-4939-4df4-b9af-2a0a7e15ece3,Non-Event,Non-Event,condition_like,0.8540476190476189,ML_Ensemble(RF),Dipelajari dari data (Confidence: 85%),False,1.0,0.3521405646935352,medium
35,1775973209.6985,-6.8846939,109.4522318,57.84824,33.49134422940481,5.898878822023831,3.4151666705148864,2.246359597354128,4.2011566,0.04500102996826172,34.90393925532618,normal,1,5,0.0,0.0,0.22234260899232583,33292.96435092669,902.915214503416,36.87274705229589,0.1,0.0,0.04500102996826172,7770.914525736399,59.62914043619342,27.090533358510854,0.34430379746835443,0.6499276254039565,0.2728331560184443,291.7045273185994,487.02529892324674,124.18538826156987,0.5989514864311379,178e7720-4939-4df4-b9af-2a0a7e15ece3,Non-Event,Non-Event,condition_like,0.9016666666666667,ML_Ensemble(RF),Dipelajari dari data (Confidence: 90%),False,1.0,0.31561873083909703,medium
36,1775973212.924,-6.884681,109.4522062,77.26953,-40.55411734325541,7.879299251018442,-4.135369095792694,4.254446117409116,2.4447591,0.10000228881835938,21.348298934028737,candidate,2,3,0.7249999046325684,0.0,0.033269105254805385,22138.831704062155,661.7188814884292,33.456551248481674,0.7249999046325684,0.7166788834393536,0.10000228881835938,8065.557334992837,70.04101219248471,10.27164578334174,0.31645569620253167,4.145198821365476,-0.10279729739587093,183.30475835513062,304.9459821344674,173.46814099883127,0.6011056662264723,178e7720-4939-4df4-b9af-2a0a7e15ece3,Pothole,Pothole,event,0.7695238095238096,ML_Ensemble(RF),Dipelajari dari data (Confidence: 77%),True,1.0,0.45149826086302325,medium
37,1775973254.389,-6.8835733,109.4488433,79.20264,33.70861214368527,8.076421611865419,3.437321831990055,3.5156807332465867,9.17338,0.030000686645507812,35.59724685568689,normal,1,3,0.0,0.0,0.019375270861035455,34720.95087850791,721.1199099939686,48.14865093746983,0.1,0.0,0.030000686645507812,7119.286423602659,63.08050661395859,20.50256567117053,0.3383838383838384,0.4096450589459453,0.057888933409336395,196.00835600130682,404.3644396112655,120.74711438139629,0.48473193069352716,178e7720-4939-4df4-b9af-2a0a7e15ece3,Non-Event,Non-Event,condition_like,0.9783333333333333,ML_Ensemble(RF),Dipelajari dari data (Confidence: 98%),False,1.0,0.35879837415240423,medium
38,1775973260.605,-6.8835733,109.4488433,59.079205,-29.591251331872485,6.024402318834669,-3.017467874541509,3.1434237468383897,9.17338,0.055001258850097656,29.719935086733997,normal,3,3,0.3049999475479126,0.024000048637390137,0.31927968375816046,23459.414904518962,557.2257332887515,42.10037954270507,0.6099998950958252,0.9370722266792175,0.055001258850097656,5943.850973394467,56.11224290579597,31.159560733444476,0.30730478589420657,0.8561374249958429,0.11749865322737339,169.39139242654153,294.0305878544795,93.8037530077305,0.5761012590100824,178e7720-4939-4df4-b9af-2a0a7e15ece3,Non-Event,Non-Event,condition_like,0.9046580086580086,ML_Ensemble(RF),Dipelajari dari data (Confidence: 90%),False,1.0,0.3104779946837728,medium
39,1775973263.56,-6.8833,109.448115,55.970535,35.86015398392732,5.707406198854859,3.6567180417295733,1.1741638500306293,7.2416267,0.17499566078186035,36.00576970131749,normal,2,4,0.9249999523162842,0.0,0.22906703515222804,16668.485603629404,338.8012846864578,49.19841307525375,0.9249999523162842,0.598505405738312,0.17499566078186035,7201.332501135604,64.95311686379858,69.29915696183494,0.33668341708542715,3.9608543963053435,-0.09236442551886517,101.68796743725018,183.57969023792094,53.53362701128668,0.5539173028974194,178e7720-4939-4df4-b9af-2a0a7e15ece3,Non-Event,Non-Event,condition_like,0.8581818181818182,ML_Ensemble(RF),Dipelajari dari data (Confidence: 86%),False,1.0,0.3113680933153221,medium
40,1775973269.334,-6.8833,109.448115,64.03366,45.22175277131646,6.529616127831624,4.611335448019095,1.7465333190441144,7.2416267,0.11500263214111328,34.84222777575706,normal,1,5,0.0,0.0,0.32677378159613163,29218.433596084316,797.7734914769877,36.62497422089659,0.1,0.0,0.11500263214111328,6968.286063740652,81.61243842394666,86.23024800928826,0.3291139240506329,3.186702968111505,0.04536682458982771,186.88203613132964,535.5594693864886,75.33198595916951,0.34894730924366907,178e7720-4939-4df4-b9af-2a0a7e15ece3,Non-Event,Non-Event,condition_like,0.8936666666666666,ML_Ensemble(RF),Dipelajari dari data (Confidence: 89%),False,1.0,0.41186316503377257,medium
41,1775973279.854,-6.8830933,109.4474333,59.96745,-36.22111953135406,6.1149781015943265,-3.693526283833324,0.38677222463615457,7.538107,0.025000572204589844,33.84779044876595,normal,1,3,0.0,0.0,0.1269601640342791,24277.746112835568,766.3434065219787,31.67998298744324,0.1,0.0,0.025000572204589844,6769.4031504110635,61.680901544996395,205.37854828665283,0.3282828282828283,1.4859705405458978,-0.1474077390707888,228.03495524196046,446.8227687476278,91.48568253239058,0.5103476605965225,178e7720-4939-4df4-b9af-2a0a7e15ece3,Non-Event,Non-Event,condition_like,0.8945942028985506,ML_Ensemble(RF),Dipelajari dari data (Confidence: 89%),False,1.0,0.2771848159482152,low
42,1775973350.051,-6.8806217,109.4482833,56.41494,31.15769281310802,5.752722897217705,3.1772004520512125,2.232700110714827,8.603067,0.05499863624572754,37.132546055097556,normal,3,4,0.4739999771118164,0.312000036239624,0.1342955364961939,26212.84977728896,515.9952161107223,50.800567346468654,0.9479999542236328,0.6602232958092481,0.05499863624572754,7426.693359834052,61.51555829063872,19.42845534802348,0.3661616161616162,0.7406925664456674,0.1908312192440147,157.0647949011268,266.976420174446,91.95400103514959,0.5883096125500107,cc249e1a-62c0-4274-812f-0019a041760e,Non-Event,Non-Event,condition_like,0.9010389610389609,ML_Ensemble(RF),Dipelajari dari data (Confidence: 90%),False,1.0,0.29449627542686624,low
43,1775973390.967,-6.8769719,109.4488576,61.184433,39.47772972663021,6.239075831196178,4.025608105380554,0.9767707535897561,11.390678,0.11000251770019531,31.070916718562163,normal,3,3,0.30350005626678467,0.00950014591217041,0.46561144566353335,34788.43784620356,532.2292611331407,65.36363240678226,0.6070001125335693,0.9012213775152221,0.11000251770019531,6214.04111559852,61.4000387933594,1.121862927332203,0.2702020202020202,1.7304755523568405,1.1222700980953908,118.70311122025186,308.5717069247886,104.95444298810023,0.38468566032367624,cc249e1a-62c0-4274-812f-0019a041760e,Non-Event,Non-Event,condition_like,0.6881818181818181,ML_Ensemble(RF),Dipelajari dari data (Confidence: 69%),True,1.0,0.3331139434314231,medium
44,1775973393.5559998,-6.8769719,109.4488576,68.68343,49.630738404289445,7.003760713393463,5.060926861292026,2.6475516856439762,11.390678,0.1450033187866211,57.79883038276003,candidate,2,4,0.24300003051757812,0.0,0.19593255049889444,64946.106242848895,1405.8663360821597,46.1965014239141,0.24300003051757812,0.9426733318125455,0.1450033187866211,11559.50150055941,90.76951346690824,6.438532781469568,0.3165829145728643,1.5822891225813889,0.03686446216523773,309.22903641399563,871.3254186951301,225.3118809730339,0.35489500182628947,cc249e1a-62c0-4274-812f-0019a041760e,Pothole,Pothole,event,0.34,ML_Ensemble(RF)_LOW_CONF,"ML ragu-ragu (Conf: 34%), pakai tebakan terbaik ML",True,1.0,0.4846103892800782,medium
45,1775973396.6445,-6.8762668,109.4488726,80.76412,-41.775713437388184,8.235648259089496,-4.259937230082463,2.2787281831265025,5.8539505,0.16500377655029297,41.84340342043977,normal,2,3,0.26000022888183594,0.0,0.5731001334323543,26273.64659509427,553.3848959495513,47.47806949543381,0.26000022888183594,0.8572341912399065,0.16500377655029297,8368.489144572011,74.60260862848705,157.85844189628,0.34177215189873417,3.814273977974768,-0.4377225331822193,168.40275876333533,260.1513283123255,124.83080887389039,0.6473261513154094,cc249e1a-62c0-4274-812f-0019a041760e,Non-Event,Maneuver,condition_like,0.88,R5,gyro dominan + asimetri tinggi → maneuver (Non-Event),False,1.0,0.40172724005291044,medium
46,1775973402.3344998,-6.8762668,109.4488726,62.262436,-39.69675669965213,6.349001544870063,-4.047942640927547,2.583675641800118,5.8539505,0.03999900817871094,35.95393285393138,normal,2,4,1.5770001411437988,0.0,0.009084682454684044,42816.75699865659,882.3438194287485,48.52615953931776,1.5770001411437988,0.9993051195261025,0.03999900817871094,9242.07914783311,65.78625639669798,56.15861474331244,0.3341772151898734,0.28651712934076157,-0.3397936136733305,289.37139781406296,450.6597885170802,142.31263309760533,0.6421060954298778,cc249e1a-62c0-4274-812f-0019a041760e,Non-Event,Non-Event,condition_like,0.5073084886128364,ML_Ensemble(RF)_LOW_CONF,"ML ragu-ragu (Conf: 51%), pakai tebakan terbaik ML",True,1.0,0.38343728469021987,medium
47,1775973405.6030002,-6.8762668,109.4488726,82.75343,48.93436822982251,8.438501425053408,4.989916865578206,3.0867630911496526,5.8539505,0.22000503540039062,51.01744471682434,normal,3,3,0.5329999923706055,0.27699995040893555,0.16468350278224295,57360.99061744094,1596.3737210921404,35.93205639984228,1.065999984741211,0.7037391158523479,0.22000503540039062,10203.255409381805,91.00680131392575,20.069895728245896,0.3341708542713568,2.4605284787591897,0.37766786758864407,337.14103947441737,1005.2794702310402,253.95321138668263,0.335370460775015,cc249e1a-62c0-4274-812f-0019a041760e,Pothole,Pothole,event,0.4733333333333334,ML_Ensemble(RF)_LOW_CONF,"ML ragu-ragu (Conf: 47%), pakai tebakan terbaik ML",True,1.0,0.4984849985953896,medium
48,1775973409.6382,-6.8754347,109.4488971,85.630516,52.86987452715965,8.73188254908659,5.391226823345348,4.299975962450982,9.097576,0.060001373291015625,46.06401350049346,candidate,2,4,0.19899988174438477,0.0,0.32987040050130567,71273.2456519363,1319.963709303106,53.99636754829394,0.19899988174438477,0.6794079326500507,0.060001373291015625,9212.59184060527,103.69347859644964,33.90916418147751,0.35516372795969775,1.4995167966261613,0.07153009620294161,333.47969166087967,778.9182424012001,207.56577524102647,0.4281318283222096,cc249e1a-62c0-4274-812f-0019a041760e,Non-Event,Non-Event,condition_like,0.396,ML_Ensemble(RF)_LOW_CONF,"ML ragu-ragu (Conf: 40%), pakai tebakan terbaik ML",True,1.0,0.5630430491796068,medium
49,1775973429.159,-6.873633,109.4489066,87.61683,48.42667509762127,8.934430208073094,4.9381465737658905,3.954114313947407,8.892408,0.11499714851379395,48.26610725492407,normal,2,3,0.2820000648498535,0.0,0.4659866933997252,26559.173543693265,719.164020474428,36.930620485215215,0.2820000648498535,0.7443819180270999,0.11499714851379395,9653.460813683518,74.73015161085358,11.017932617619632,0.34673366834170855,3.902171789183358,0.8431425349894175,287.0368124903638,301.02172017231237,131.10548781175186,0.953541861937786,cc249e1a-62c0-4274-812f-0019a041760e,Speed Bump,Speed Bump,event,0.35757142857142854,ML_Ensemble(RF)_LOW_CONF,"ML ragu-ragu (Conf: 36%), pakai tebakan terbaik ML",True,1.0,0.5148617882423784,medium
50,1775973436.327,-6.873633,109.4489066,84.98801,-41.91935279705701,8.66636517057303,-4.2745843684700695,2.995024607937721,8.892408,0.060001373291015625,44.567246678436064,normal,2,4,0.20799994468688965,0.0,0.24901940739940728,33070.15124090527,928.5346676447734,35.61541895810119,0.20799994468688965,0.9903909768486342,0.060001373291015625,8913.245327691737,69.53091072272517,28.5741137615047,0.3426395939086294,1.1518987202844153,-0.1502529872356989,279.79780011238233,533.3800763091647,115.35679122322634,0.5245748988674774,cc249e1a-62c0-4274-812f-0019a041760e,Non-Event,Non-Event,condition_like,0.663975155279503,ML_Ensemble(RF),Dipelajari dari data (Confidence: 66%),True,1.0,0.41904684975705647,medium
51,1775973437.2089999,-6.8735337,109.4494394,64.10571,43.2068478384512,6.536963183146131,4.405872325253905,2.016410079510118,7.445923,0.0650014877319336,35.65459261812387,normal,3,5,0.5429999828338623,0.33500003814697266,0.15599925829010455,44426.8782136498,1120.5195049953159,39.648464820063126,1.0859999656677246,0.8356158251669032,0.0650014877319336,8913.245327691737,85.12620063550821,29.8880325002792,0.3501259445843829,1.7971385195925542,0.07016424175818405,304.9893820107675,643.8928527982912,171.6372701862572,0.47366480340890665,cc249e1a-62c0-4274-812f-0019a041760e,Non-Event,Non-Event,condition_like,0.5299999999999999,ML_Ensemble(RF)_LOW_CONF,"ML ragu-ragu (Conf: 53%), pakai tebakan terbaik ML",True,1.0,0.39861729016975045,medium
52,1775973440.2052498,-6.8735337,109.4494394,84.087296,-56.09380168591892,8.57451790366741,-5.719975902670017,4.351568710545375,7.445923,0.005000114440917969,60.63670486296993,candidate,1,4,0.0,0.0,0.11589830168266725,73459.12931501068,2404.1889764312664,30.55464025689753,0.1,0.0,0.005000114440917969,12127.063406140294,102.66624578778172,4.727763659694053,0.3282442748091603,1.5579133407692387,-0.1325250401745565,323.2655265628553,1848.7541324597864,232.16931740862486,0.1748558776487446,cc249e1a-62c0-4274-812f-0019a041760e,Non-Event,Crack,condition_like,0.76,R4,spike kecil/rapat + durasi sangat singkat → Non-Event,True,1.0,0.5902251301748828,medium
53,1775973443.9656665,-6.8735337,109.4494394,76.06787,37.90775988996414,7.756764032569736,3.865515735747084,5.559633454672395,7.445923,0.0950021743774414,30.91519154291506,candidate,2,3,0.4609999656677246,0.0,0.30954803142366805,31716.635879278405,982.2647130540572,32.28929577280217,0.4609999656677246,0.6605659815461591,0.0950021743774414,11086.381125613,68.3073001499478,17.959845518954577,0.36432160804020103,1.6508368198980383,-0.1078178072588252,221.58650399077837,625.9376411510125,134.74056791226627,0.35400731489690285,cc249e1a-62c0-4274-812f-0019a041760e,Non-Event,Non-Event,condition_like,0.7583333333333333,ML_Ensemble(RF),Dipelajari dari data (Confidence: 76%),True,1.0,0.47034269445129223,medium
54,1775973449.1234999,-6.873567,109.4500879,70.57325,-31.12014563479056,7.196468722754458,-3.1733717054030235,2.3244232568773935,6.680509,0.0650014877319336,35.12843728179642,normal,3,3,0.4919999837875366,0.10699999332427979,0.005849283187209543,30693.935293672046,576.7913564790985,53.21497088274996,0.9839999675750732,0.9449155015043631,0.0650014877319336,7025.526654815367,60.852030963265165,62.85963737476543,0.365,0.4334562847777357,0.15954624841176807,190.56654922444108,299.1791647665063,87.04564248815107,0.6369646386846614,cc249e1a-62c0-4274-812f-0019a041760e,Non-Event,Non-Event,condition_like,0.7776331639375118,ML_Ensemble(RF),Dipelajari dari data (Confidence: 78%),True,1.0,0.2979593402954136,low
55,1775973453.646,-6.873567,109.4500879,54.735985,-33.829111874588264,5.581517133781669,-3.449609384916181,2.760738105225894,6.680509,0.0,32.274581684631954,normal,0,6,0.0,0.0,0.05629065258448788,31100.777583250456,727.1314477366068,42.771877955888385,0.0,0.0,0.0,6454.768598997643,62.819602760627305,20.69112569042603,0.380352644836272,0.46925705723234534,0.023290884799469724,215.00449229533677,396.87841200062894,115.24854344064106,0.5417389438487703,cc249e1a-62c0-4274-812f-0019a041760e,Non-Event,Non-Event,condition_like,0.7536666666666666,ML_Ensemble(RF),Dipelajari dari data (Confidence: 75%),True,1.0,0.3324894481499861,medium
56,1775973456.065,-6.873567,109.4500879,44.78266,-44.8879777493122,4.566560446227815,-4.577299867876614,2.619376710629363,6.680509,0.14000320434570312,39.23450096629827,normal,2,3,0.23600006103515625,0.0,0.48391683498566856,33038.53280765249,688.263284781003,48.00275343782459,0.23600006103515625,0.7919918231619653,0.14000320434570312,7846.720596078043,74.9228251894884,15.111157066722686,0.36683417085427134,2.0567556325413374,-0.5249975731737344,175.68638240032394,409.47295785441617,103.1039445262629,0.429054907293127,cc249e1a-62c0-4274-812f-0019a041760e,Non-Event,Non-Event,condition_like,0.43183229813664586,ML_Ensemble(RF)_LOW_CONF,"ML ragu-ragu (Conf: 43%), pakai tebakan terbaik ML",True,1.0,0.4397697854558018,medium
57,1775973458.3623333,-6.8735797,109.4508969,100.011,52.70960670909838,10.198283817613559,5.37488405409578,4.3129882657390235,9.255978,0.11500263214111328,32.35794828456075,candidate,1,3,0.0,0.0,0.08749674392514746,66206.03407802164,1490.1923286150886,44.427845159505296,0.1,0.0,0.11500263214111328,11133.654303242849,95.0097200521752,28.920946997527345,0.345088161209068,0.83186277607996,0.1597010129425483,306.2343728052314,1006.3260703064444,177.63188550341252,0.30430929053409916,cc249e1a-62c0-4274-812f-0019a041760e,Non-Event,Crack,condition_like,0.76,R4,spike kecil/rapat + durasi sangat singkat → Non-Event,True,1.0,0.5661310378038379,medium
58,1775973462.3969998,-6.8735797,109.4508969,88.36531,49.465108393581644,9.010753927182066,5.044037300564581,3.89626665605038,9.255978,0.15500354766845703,54.60686554650539,candidate,3,5,0.23299992084503174,0.027000069618225098,0.06299720634709606,54765.51285661621,1368.892716781165,40.00716209914937,0.4659998416900635,0.5625722077464221,0.15500354766845703,10921.123144629495,98.30895941205503,45.35760913387086,0.32997481108312343,3.0909821935442716,-0.1660464369373191,526.8013088789783,561.2576935798573,280.83371432232934,0.9386086176926765,cc249e1a-62c0-4274-812f-0019a041760e,Pothole,Pothole,event,0.38,ML_Ensemble(RF)_LOW_CONF,"ML ragu-ragu (Conf: 38%), pakai tebakan terbaik ML",True,1.0,0.5254641783276258,medium
59,1775973469.9881,-6.8736433,109.451615,83.252914,-52.93206681542639,8.489434618345715,-5.3975686718121265,4.449629758421621,8.667922,0.01999950408935547,65.27302485594225,candidate,2,5,0.872999906539917,0.0,0.27662840795760346,73241.26074384812,1756.3555361981187,41.7007030710243,0.872999906539917,0.9623530686770754,0.01999950408935547,13054.92867509313,96.16834771247103,38.33516621890279,0.36523929471032746,1.105795187889889,-0.22432752152005536,339.0355109863482,1172.4064961973465,244.91352901442417,0.2891791471616859,cc249e1a-62c0-4274-812f-0019a041760e,Non-Event,Non-Event,condition_like,0.45333333333333337,ML_Ensemble(RF)_LOW_CONF,"ML ragu-ragu (Conf: 45%), pakai tebakan terbaik ML",True,1.0,0.5656021352171804,medium
60,1775973482.8966665,-6.8736917,109.45215,89.153046,52.31389016949972,9.091080644256705,5.334532196978553,3.893924910778487,4.4909515,0.05000114440917969,33.51004406458286,candidate,2,4,0.3989999294281006,0.0,0.03861244052620064,29200.894759631203,905.6855747978124,32.24175755908261,0.3989999294281006,0.8204613203892018,0.05000114440917969,9400.530893549269,75.9442658948892,94.22808237050768,0.351010101010101,2.7011440859084628,-0.4341013790589833,240.87043224399224,527.1519765249013,137.6631660289188,0.456927873769788,cc249e1a-62c0-4274-812f-0019a041760e,Non-Event,Non-Event,condition_like,0.549047619047619,ML_Ensemble(RF)_LOW_CONF,"ML ragu-ragu (Conf: 55%), pakai tebakan terbaik ML",True,1.0,0.5436554805847078,medium
61,1775973487.052,-6.8729683,109.4523,103.56052,59.64718469718158,10.5602341268425,6.082320129420504,3.6402399816308484,8.617479,0.25000572204589844,55.50267710158806,candidate,3,3,0.2645000219345093,0.05449998378753662,0.2760357496185487,59632.69657546139,1752.0287155076637,34.03636938915467,0.5290000438690186,0.8218474582949292,0.25000572204589844,11100.281355040017,117.71127833159252,95.15343967083449,0.35572139303482586,4.73914944195221,-0.02703064434664615,522.3489199052816,893.5456349937874,336.13416060859487,0.5845800134475878,cc249e1a-62c0-4274-812f-0019a041760e,Speed Bump,Speed Bump,event,0.9,R3,multi-peak terstruktur + durasi lebih panjang + shape relatif simetris,False,1.0,0.617500573522316,high
62,1775973494.648364,-6.8729683,109.4523,83.81787,-50.98218219506199,8.54704409762763,-5.198735775729937,4.605516996901652,8.617479000000001,0.020000457763671875,40.906227796830464,candidate,1,8,0.0,0.0,0.06412525229258349,79021.34581325718,1610.2372662098362,49.074349117619576,0.1,0.0,0.020000457763671875,11991.171545348896,86.2568470930934,33.436871538421045,0.31313131313131315,0.02957146439897551,-0.5963276154991519,296.46470641208214,1087.1352323179653,226.6373274797886,0.272702693580507,cc249e1a-62c0-4274-812f-0019a041760e,Non-Event,Crack,condition_like,0.76,R4,spike kecil/rapat + durasi sangat singkat → Non-Event,True,1.0,0.5529034873780249,medium
63,1775973500.1806998,-6.8722733,109.4524,117.55734,-70.42622851873823,11.987512555255872,-7.1814767039445915,6.220604102798216,6.5369720000000004,0.014999628067016602,31.324742928428545,candidate,1,5,0.0,0.0,0.21125388617328272,42592.491232761386,1014.2425475558375,41.994384177047294,0.1,0.0,0.014999628067016602,6777.262628403701,69.89894318615256,11.167110094842695,0.36432160804020103,0.2951304661955909,-0.07767175340093366,258.45828322948,561.4612530216698,194.32301130468772,0.46033146789414026,cc249e1a-62c0-4274-812f-0019a041760e,Non-Event,Crack,condition_like,0.76,R4,spike kecil/rapat + durasi sangat singkat → Non-Event,True,1.0,0.7774578754600395,high
64,1775973506.422,-6.8722733,109.4524,77.11035,-36.52553799272917,7.863067408340259,-3.724568327892723,2.3262708626818376,6.536972,0.16500377655029297,34.471856361020144,normal,2,3,0.1679999828338623,0.0,0.0686691899654147,22039.018322091193,431.65198998956555,51.05737673436087,0.1679999828338623,0.682268980220468,0.16500377655029297,6894.213476180252,66.81803366127443,5.0214720871245975,0.3282828282828283,2.8611853974925587,-0.0055392765266562794,165.28019861130255,170.12746489304615,96.2443264852168,0.9715080263125125,cc249e1a-62c0-4274-812f-0019a041760e,Non-Event,Non-Event,condition_like,0.6984426877470356,ML_Ensemble(RF),Dipelajari dari data (Confidence: 70%),True,1.0,0.3551287948410116,medium
65,1775973533.45,-6.8702833,109.4526067,72.81973,-40.12890742809493,7.425545930567524,-4.092009751351881,4.7077053396034945,9.308237,0.08499789237976074,36.127210115628905,candidate,1,4,0.0,0.0,0.14338267368338728,36342.80965981424,924.9777603859762,39.290468567977875,0.1,0.0,0.08499789237976074,7225.621186248762,73.14460857181345,461.89314378883313,0.41878172588832485,0.5317213620582995,-0.16091466768421617,313.90469316448775,497.33288509416076,113.74018212732783,0.6311762240976273,cc249e1a-62c0-4274-812f-0019a041760e,Non-Event,Non-Event,condition_like,0.7569275362318841,ML_Ensemble(RF),Dipelajari dari data (Confidence: 76%),True,1.0,0.46157923087026786,medium
66,1775973536.382,-6.8702833,109.4526067,83.79091,36.47074034600214,8.544294942717443,3.718980523012664,4.284703143707859,9.308237,0.1900043487548828,34.473334585000806,candidate,3,3,0.19900000095367432,0.004999995231628418,0.05218525900522341,38781.024687231635,838.8542714354121,46.230943754557316,0.39800000190734863,0.8401794295683439,0.1900043487548828,6894.509114209767,67.5388126231336,606.1662520939925,0.4045226130653266,1.0842418965830962,0.35265013682320623,220.1772621840705,509.80568951228116,108.8713197390605,0.431884669554834,cc249e1a-62c0-4274-812f-0019a041760e,Non-Event,Non-Event,condition_like,0.7736666666666667,ML_Ensemble(RF),Dipelajari dari data (Confidence: 77%),True,1.0,0.4217820113513513,medium
67,1775973581.325,-6.8655217,109.4530138,53.926125,32.481064334600234,5.498934396557439,3.3121467916771,1.2282761403818157,10.531018,0.0800018310546875,41.660477398820944,normal,1,3,0.0,0.0,0.02216537720024174,31133.247357192682,970.0102718743829,32.09579138263875,0.1,0.0,0.0800018310546875,8331.904777597954,59.84059290515545,53.63457591640445,0.4015151515151515,1.3143618265798835,0.17398093029287506,262.07826401111856,593.6183011202356,114.31370674302866,0.4414928971614413,cc249e1a-62c0-4274-812f-0019a041760e,Non-Event,Non-Event,condition_like,0.765,ML_Ensemble(RF),Dipelajari dari data (Confidence: 76%),True,1.0,0.2750358865927678,low
68,1775973586.0254998,-6.8655217,109.4530138,100.90287,-90.09826540075844,10.28922924750042,-9.18746619903417,8.759573019464975,10.531018,0.29499268531799316,100.18140662314062,high_conf,2,2,0.2109999656677246,0.0,0.09432408971030876,94341.08867921092,3339.9962139211384,28.245866943725996,0.2109999656677246,0.5409584784173379,0.29499268531799316,20036.778147206387,142.99456034226603,5.404891212008684,0.3813131313131313,9.5325364964921,-0.9409745788355421,455.0437155251484,2558.597036471453,326.3554619245361,0.1778489183176917,cc249e1a-62c0-4274-812f-0019a041760e,Speed Bump,Speed Bump,event,0.9,R3,multi-peak terstruktur + durasi lebih panjang + shape relatif simetris,False,1.0,0.8721244513988495,high
69,1775973587.606,-6.8645797,109.4530747,67.4771,48.8888521418996,6.880749287473296,4.985275516297573,3.6432365382923972,9.76029,0.160003662109375,49.56160239178558,normal,2,3,0.47499990463256836,0.0,0.49011366745896606,42129.978680113345,980.0139182204312,42.98916357598916,0.47499990463256836,0.8721938973004364,0.160003662109375,9912.093608538806,84.81525922909395,67.97042294679585,0.41012658227848103,2.432446751412188,0.0892484702708803,279.4637649963094,565.213730329259,135.3364228948628,0.49443909357805554,cc249e1a-62c0-4274-812f-0019a041760e,Pothole,Pothole,event,0.6,ML_Ensemble(RF)_LOW_CONF,"ML ragu-ragu (Conf: 60%), pakai tebakan terbaik ML",True,1.0,0.5121162890680646,medium
70,1775973592.4975,-6.8645797,109.4530747,118.22832,-69.85540631272609,12.055933473714266,-7.123269038124751,4.673575854381205,9.76029,0.08500194549560547,72.15390815007531,candidate,3,5,0.3859999179840088,0.23600006103515625,0.3538527810536671,50812.59710097524,1023.9842308041198,49.62244097396931,0.7719998359680176,0.8156033688146098,0.08500194549560547,14430.451343195378,110.87007964351287,34.72673691968751,0.3553299492385787,4.802414124156552,-0.6014786361513358,270.3518628644241,608.0626027276635,145.5697652120322,0.44461188898488513,cc249e1a-62c0-4274-812f-0019a041760e,Speed Bump,Speed Bump,event,0.9,R3,multi-peak terstruktur + durasi lebih panjang + shape relatif simetris,False,1.0,0.7332552211561048,high
71,1775973595.6937501,-6.8645797,109.4530747,74.872894,-59.19316533864375,7.634910392437785,-6.036023039329818,3.7814459867772485,9.76029,0.025000572204589844,60.70504842418184,candidate,1,5,0.0,0.0,0.33179740701932514,70670.45351802977,1617.6331608162905,43.687564762013444,0.1,0.0,0.025000572204589844,12140.73180553784,95.75372443562469,25.180948756205535,0.3813131313131313,1.057822264694357,-0.5800605522104899,518.6746590723694,890.3606764244432,208.59782531947764,0.5825444364555111,cc249e1a-62c0-4274-812f-0019a041760e,Non-Event,Crack,condition_like,0.76,R4,spike kecil/rapat + durasi sangat singkat → Non-Event,True,1.0,0.6011653160142695,high
72,1775973600.5716667,-6.8637375,109.4531423,98.46698,-46.67590736864511,10.040837594897342,-4.759617949926337,4.315073183004838,9.3108,0.09499764442443848,42.55748774198267,candidate,3,4,0.5154999494552612,0.27350008487701416,0.2565734078929302,47600.939963651064,998.7431828794595,47.660840876783524,1.0309998989105225,0.6502271027091832,0.09499764442443848,8917.0740821861,91.85273249332465,34.398193328261236,0.34005037783375314,2.814723025938675,0.19382409467310746,244.3632138212816,527.6014989571928,226.7784701009851,0.46315867911882,cc249e1a-62c0-4274-812f-0019a041760e,Non-Event,Non-Event,condition_like,0.4262608695652174,ML_Ensemble(RF)_LOW_CONF,"ML ragu-ragu (Conf: 43%), pakai tebakan terbaik ML",True,1.0,0.5093262115920312,medium
73,1775973604.42675,-6.8637375,109.4531423,99.17352,-72.78313972758575,10.112884624209082,-7.421814761165714,4.443977201214729,9.3108,0.16500377655029297,85.63764578026445,candidate,4,2,0.19633332888285318,0.07167667793022285,0.05172069702995339,100354.06363485593,2596.424430777834,38.65087017616034,0.5889999866485596,0.8361213924022205,0.16500377655029297,17127.137146993435,124.85684214057206,93.57623858708669,0.3712121212121212,3.222945056220908,-0.048907709042026376,806.187524625861,1342.7480820648466,447.48882408712655,0.6004011733799861,cc249e1a-62c0-4274-812f-0019a041760e,Speed Bump,Speed Bump,event,0.9,R3,multi-peak terstruktur + durasi lebih panjang + shape relatif simetris,False,1.0,0.7584711851200105,high
74,1775973606.934,-6.8637375,109.4531423,65.597755,-36.71314092952315,6.689109430845397,-3.7436985035178325,1.0384615108569262,9.3108,0.09000205993652344,36.646547770190644,normal,3,5,0.2434999942779541,0.030499935150146484,0.326719689266079,32391.919897329906,1025.0098582616931,31.60156910164899,0.4869999885559082,0.9457625862175995,0.09000205993652344,7329.1418032949505,68.69015214876933,24.19656890894929,0.39949748743718594,0.9082788560083617,0.10213625617601976,396.98133197548395,504.806164811711,123.22236147449804,0.7864034927884678,cc249e1a-62c0-4274-812f-0019a041760e,Non-Event,Non-Event,condition_like,0.7999275362318841,ML_Ensemble(RF),Dipelajari dari data (Confidence: 80%),True,1.0,0.30829840350707505,medium
75,1775973608.143,-6.8628874,109.4531937,36.926277,-31.258295919319426,3.7654323341813973,-3.1874591138991835,2.01609637926086,9.207847,0.020000457763671875,38.64314639239595,normal,1,5,0.0,0.0,0.14522914075523224,22994.416519418082,532.0186683598201,43.22107069492005,0.1,0.0,0.020000457763671875,7728.452388242033,50.07424588486433,13.081455367232277,0.41012658227848103,0.5563427847852989,-0.3684018554898974,198.7534631268495,254.79011821939906,78.47508701357161,0.7800673893311516,cc249e1a-62c0-4274-812f-0019a041760e,Non-Event,Non-Event,condition_like,0.8132522115565594,ML_Ensemble(RF),Dipelajari dari data (Confidence: 81%),False,1.0,0.2855745672252306,low
76,1775973610.505,-6.8628874,109.4531937,94.73032,-45.01141517643787,9.65980431645873,-4.589886982449448,10.712666552592369,9.207847,0.060001373291015625,58.62056951244032,high_conf,1,5,0.0,0.0,0.08325916043963814,30009.876590744243,1388.008334264957,21.620818714331172,0.1,0.0,0.060001373291015625,11723.845564958348,81.79825530928852,24.69681572091053,0.39646464646464646,2.8840937185226334,-0.6065587140978648,301.6179848029449,943.5690658166462,142.82128364536618,0.31965649935995105,cc249e1a-62c0-4274-812f-0019a041760e,Non-Event,Normal,condition_like,0.92,R6,amplitudo rendah + tidak ada struktur event → Non-Event,False,1.0,0.5475899314172765,medium
77,1775973612.668,-6.8628874,109.4531937,45.9856,38.52248092711698,4.689226188351782,3.92819983655142,0.45519654837910406,9.207847,0.10500240325927734,34.74728516128024,normal,2,5,0.4980001449584961,0.0,0.24515163796389364,34365.26911331661,838.4517216521781,40.98658060432257,0.4980001449584961,0.786467496459782,0.10500240325927734,6949.2979754481385,71.36378572445147,17.951438392496968,0.336734693877551,1.2870844388537934,0.03992845963716757,192.38249425679413,510.2205351408239,135.84869225455992,0.37705752832280237,cc249e1a-62c0-4274-812f-0019a041760e,Non-Event,Non-Event,condition_like,0.8916666666666666,ML_Ensemble(RF),Dipelajari dari data (Confidence: 89%),False,1.0,0.30658638381337705,medium
78,1775973615.8035,-6.8628874,109.4531937,64.64247,41.84581198083655,6.591697470593934,4.267085292208507,3.616894058342048,9.207847,0.06499838829040527,47.968140915562785,normal,2,4,0.5999999046325684,0.0,0.13167274637277604,47690.08452792785,1359.847200162134,35.07017883124781,0.5999999046325684,0.9759635398144787,0.06499838829040527,9593.866068127827,79.26977319149154,25.08578069561708,0.3458646616541353,1.0202825442868457,-0.05934773661738166,337.3530004829943,855.9361590460906,166.55804063304896,0.39413336675112365,cc249e1a-62c0-4274-812f-0019a041760e,Non-Event,Non-Event,condition_like,0.5146666666666667,ML_Ensemble(RF)_LOW_CONF,"ML ragu-ragu (Conf: 51%), pakai tebakan terbaik ML",True,1.0,0.4394756906986143,medium
79,1775973622.524846,-6.8620682,109.4532436,103.86177,75.16283122500073,10.590953077758462,7.664475761345693,4.084111939979271,8.713941000000002,0.020000457763671875,36.26318944219015,candidate,1,3,0.0,0.0,0.12269523129928028,33306.22254886007,881.9007083601807,37.7664086164799,0.1,0.0,0.020000457763671875,8043.06185245404,61.795874262028036,21.08846634299046,0.31565656565656564,1.0893337409131867,-0.0037737674521061988,318.3806135502076,438.17186554387524,125.34822926609779,0.7266112634329237,cc249e1a-62c0-4274-812f-0019a041760e,Non-Event,Non-Event,condition_like,0.7166666666666667,ML_Ensemble(RF),Dipelajari dari data (Confidence: 72%),True,1.0,0.7574399175193635,high
80,1775973628.9912,-6.8613509,109.4533128,72.24754,-61.087696564287086,7.36719878857714,-6.229211460007963,5.380619446890155,7.970974,0.23000526428222656,65.85162619046953,candidate,3,4,0.2944999933242798,0.10650002956390381,0.09852009612542596,59121.72955826629,1197.3864101489896,49.37564766710037,0.5889999866485596,0.8587953569471575,0.23000526428222656,13170.023800171235,101.67786906757749,16.947337235458875,0.3484848484848485,2.1900045547734557,-0.5233177252309318,354.8133579349036,665.8434300963117,176.72962211777406,0.5328780631667465,cc249e1a-62c0-4274-812f-0019a041760e,Speed Bump,Speed Bump,event,0.9,R3,multi-peak terstruktur + durasi lebih panjang + shape relatif simetris,False,1.0,0.6872334077848888,high
81,1775973640.1053333,-6.8605233,109.4533667,72.05123,-63.08527263564837,7.34718073960017,-6.432907530670349,5.145262335300553,9.797223,0.1450033187866211,50.922313500503066,candidate,3,4,0.3179999589920044,0.06700003147125244,0.2755145722681581,69491.44852869656,1749.0299537828898,39.73142274588582,0.6359999179840088,0.727340771458734,0.1450033187866211,10184.229601583731,109.49846701710132,51.67572882056362,0.3492462311557789,2.5080034715528026,-0.4340532337955124,607.945409815434,904.0200253875453,237.0645185799106,0.6724910865578693,cc249e1a-62c0-4274-812f-0019a041760e,Speed Bump,Speed Bump,event,0.9,R3,multi-peak terstruktur + durasi lebih panjang + shape relatif simetris,False,1.0,0.6913456711793465,high
82,1775973651.058,-6.8597,109.4534417,38.811035,-30.546378116058506,3.9576241631953826,-3.1148637012699045,1.9247290568252717,9.759648,0.09499990940093994,27.554150190228768,normal,2,4,0.9099998474121094,0.0,0.13976635690671638,24364.5945851011,521.4258341465919,46.72686495913904,0.9099998474121094,0.828753380130079,0.09499990940093994,5510.835293587835,52.28309568408609,268.5216098168073,0.43291139240506327,-0.15737630578579065,-0.27122658394548976,154.78472139929266,264.89502731601937,101.74608543127987,0.5843247507636675,cc249e1a-62c0-4274-812f-0019a041760e,Non-Event,Non-Event,condition_like,0.8724426877470356,ML_Ensemble(RF),Dipelajari dari data (Confidence: 87%),False,1.0,0.281620361546871,low
83,1775973654.308,-6.8597,109.4534417,103.88134,78.89599277146455,10.592948662387258,8.045152296805183,3.176294725875576,9.759648,0.27999305725097656,103.2570762188968,high_conf,2,4,0.23400020599365234,0.0,0.47865455673017226,59907.09014751045,1687.620121293345,35.49797099248932,0.23400020599365234,0.6544008871451705,0.27999305725097656,20651.927319308747,157.52767989003155,65.03507285164474,0.38345864661654133,10.569583385950914,0.23458069286726868,406.2594834486497,1053.0262220546992,228.334415789996,0.38580186756426726,cc249e1a-62c0-4274-812f-0019a041760e,Pothole,Pothole,event,0.95,R1,impulse tajam + durasi pendek + accel dominan,False,1.0,0.7768759701563426,high
84,1775973669.0205,-6.857991,109.4534988,93.45351,45.859449405889904,9.529605930669495,4.676362407742696,4.772982239319434,7.911533,0.21500492095947266,62.90000543377186,candidate,1,4,0.0,0.0,0.1757880445523385,49560.18400553525,1197.9096063851625,41.372223496660055,0.1,0.0,0.21500492095947266,12579.71315997001,90.34080479394287,33.39008446224999,0.3316582914572864,3.177666323097604,-0.07781379018459697,444.7521555466871,463.78793418993376,289.3695166485419,0.9589558541762174,cc249e1a-62c0-4274-812f-0019a041760e,Non-Event,Normal,condition_like,0.92,R6,amplitudo rendah + tidak ada struktur event → Non-Event,False,1.0,0.5260973937461175,medium
85,1775973674.255,-6.857991,109.4534988,93.52674,-44.6601988916833,9.537073312497133,-4.554072888466837,3.786570179780939,7.911533,0.21999454498291016,35.22024973006658,normal,2,4,0.19699978828430176,0.0,0.012681702547970516,38577.473680092044,783.8634018146066,49.214536029584345,0.19699978828430176,0.7087126986938648,0.21999454498291016,7044.224611311676,81.35573326649128,51.25839247775235,0.2807017543859649,3.1617454373401532,-0.2267938550961356,196.68819440191135,463.52296206425183,123.65224534844339,0.42433322634470466,cc249e1a-62c0-4274-812f-0019a041760e,Non-Event,Non-Event,condition_like,0.5773084886128363,ML_Ensemble(RF)_LOW_CONF,"ML ragu-ragu (Conf: 58%), pakai tebakan terbaik ML",True,1.0,0.4825851568284315,medium
86,1775973683.87325,-6.8573771,109.4534602,86.08282,-44.8501079330756,8.778004721286067,-4.573438221316719,3.9373066067722626,7.2651057,0.07000160217285156,42.1745960896065,normal,3,5,0.6345000267028809,0.189500093460083,0.10187534149091691,48537.705212562534,1192.5760757970195,40.69988167373226,1.2690000534057617,0.8126527246110924,0.07000160217285156,10081.201532239662,79.71684269622513,54.28838617470086,0.3611111111111111,1.5140913157750848,-0.5370879675160758,337.84879156659906,657.9477479761699,196.7795362542505,0.5134887870538721,cc249e1a-62c0-4274-812f-0019a041760e,Non-Event,Non-Event,condition_like,0.394927536231884,ML_Ensemble(RF)_LOW_CONF,"ML ragu-ragu (Conf: 39%), pakai tebakan terbaik ML",True,1.0,0.4781031136405441,medium
87,1775973687.538,-6.8573771,109.4534602,43.582882,37.815903871955655,4.444217138370392,3.8561490286647997,1.739943890663216,7.2651057,0.1799941062927246,29.284192386466945,normal,3,3,0.15000009536743164,0.016000032424926758,0.2304477046252277,16235.968173553618,549.0599521454011,29.570483297029018,0.3000001907348633,0.9955369013698303,0.1799941062927246,4880.858544141778,72.98825309753096,7.516102428681178,0.33668341708542715,6.874587603035776,0.2591930485323239,190.64255011841877,282.8274308291258,75.58997119785651,0.6740596160898501,cc249e1a-62c0-4274-812f-0019a041760e,Non-Event,Non-Event,condition_like,0.7743722943722944,ML_Ensemble(RF),Dipelajari dari data (Confidence: 77%),True,1.0,0.34855110024056024,medium
88,1775973695.0542858,-6.8566759,109.4534206,89.98523,-40.21899742627009,9.175939795954786,-4.101196374528518,4.568501714790228,7.029168999999998,0.03500080108642578,66.21189833747997,candidate,2,5,0.4089999198913574,0.0,0.2862453416265273,47067.524991709586,1223.8056024952468,38.45996852546066,0.4089999198913574,0.9835126857254897,0.03500080108642578,13242.076580416058,72.67764450248646,37.31758645988194,0.3248730964467005,1.0555597189168608,-0.2127711988733396,343.56691137938583,704.9902515066422,175.24843960921885,0.4873356903273622,cc249e1a-62c0-4274-812f-0019a041760e,Pothole,Pothole,event,0.4000000000000001,ML_Ensemble(RF)_LOW_CONF,"ML ragu-ragu (Conf: 40%), pakai tebakan terbaik ML",True,1.0,0.45401612428205623,medium
89,1775973698.5340002,-6.8560238,109.4533981,58.50998,47.93276384081249,5.966357522701433,4.887781642131869,2.0718689668464196,6.6951985,0.12000274658203125,67.71123571609891,normal,3,5,0.5290000438690186,0.08500003814697266,0.1374605994369142,39957.97785511115,1013.9354526285989,39.4087983728278,1.058000087738037,0.8491531766161587,0.12000274658203125,13541.937192875097,90.3149534109507,19.878263152836418,0.3065326633165829,2.9185252981902767,0.04844956549476062,205.6974250591129,679.2167840453224,129.02124352416365,0.30284502619496845,cc249e1a-62c0-4274-812f-0019a041760e,Non-Event,Non-Event,condition_like,0.36666666666666664,ML_Ensemble(RF)_LOW_CONF,"ML ragu-ragu (Conf: 37%), pakai tebakan terbaik ML",True,1.0,0.44796285268040126,medium
90,1775973703.7305,-6.8560238,109.4533981,69.6577,-42.479664928567345,7.103108604875264,-4.331720304953001,4.885596328190783,6.695198500000001,0.024999380111694336,23.180793682054023,candidate,2,5,1.6589999198913574,0.0,0.2697742072088922,34970.74426228581,775.2031761716005,45.11171431195594,1.6589999198913574,0.9184407123523362,0.024999380111694336,7894.937770683346,70.91809501006155,21.96262167176395,0.3291139240506329,1.6149611913520072,-1.0330621207555717,196.295859715532,465.7236235599273,113.18369289614093,0.4214857253612942,cc249e1a-62c0-4274-812f-0019a041760e,Non-Event,Non-Event,condition_like,0.5926418219461698,ML_Ensemble(RF)_LOW_CONF,"ML ragu-ragu (Conf: 59%), pakai tebakan terbaik ML",True,1.0,0.48458299189383996,medium
91,1775973714.525,-6.8555021,109.4533306,58.162075,30.391788729029173,5.930881085793824,3.099099970839091,3.096565494977863,5.874274,0.11500263214111328,40.52269403793662,normal,2,4,0.4609999656677246,0.0,0.13471775466150954,24200.84640456246,612.7884540079272,39.49298686485435,0.4609999656677246,0.6843785729851726,0.11500263214111328,8104.353313660772,57.17664064835773,5.272440866022992,0.35768261964735515,1.3871803364977024,-0.034788121100624445,180.61005459859024,340.98375515359066,91.19464425574637,0.5296734854349993,cc249e1a-62c0-4274-812f-0019a041760e,Non-Event,Non-Event,condition_like,0.5758961038961039,ML_Ensemble(RF)_LOW_CONF,"ML ragu-ragu (Conf: 58%), pakai tebakan terbaik ML",True,1.0,0.32076304461869715,medium
92,1775973717.2076666,-6.8555021,109.4533306,81.46414,49.76401195254449,8.307030433430377,5.074516981083703,3.80181762501915,5.874274,0.04000091552734375,45.11624861079394,candidate,1,4,0.0,0.0,0.6292099818621653,57033.43781719884,1807.12207259161,31.560368085065942,0.1,0.0,0.04000091552734375,9023.043201089427,93.05670429177931,5.212922642048211,0.27638190954773867,1.6373921793182555,0.05713368834776748,376.5755982958185,1135.0889287271768,295.4575455686147,0.3317586740858533,cc249e1a-62c0-4274-812f-0019a041760e,Non-Event,Maneuver,condition_like,0.88,R5,gyro dominan + asimetri tinggi → maneuver (Non-Event),False,1.0,0.5164338511293891,medium
93,1775973718.54,-6.8548736,109.4533174,59.910286,-32.3755484063245,6.10914899583446,-3.301387161398082,1.0264222023955836,5.8136764,0.03999900817871094,36.69939645315327,normal,1,6,0.0,0.0,0.15148582497514088,41203.37047680649,1028.1114094299578,40.0767563308875,0.1,0.0,0.03999900817871094,7340.0612913569485,69.93172798801271,4.07103523179648,0.3096446700507614,0.684541497066995,-0.010732439251286101,173.85498476965859,720.8844712251162,133.37195343518314,0.24116899651483623,cc249e1a-62c0-4274-812f-0019a041760e,Non-Event,Normal,condition_like,0.92,R6,amplitudo rendah + tidak ada struktur event → Non-Event,False,1.0,0.2643388435524169,low
94,1775973721.087,-6.8548736,109.4533174,73.78585,-45.76425295452209,7.5240627533357465,-4.666655071254923,2.951731385612942,5.813676400000001,0.08999776840209961,49.2420578590882,normal,2,4,0.4679999351501465,0.0,0.2995267784320242,43313.439083075886,1228.965352823792,35.24382436682273,0.4679999351501465,0.8133946137416332,0.08999776840209961,9848.655774479284,87.33430889213416,16.133469166975562,0.2904040404040404,2.7039741362611576,-0.3404701892601347,381.5189090318146,687.4449043446492,160.0015394473282,0.5549810698510316,cc249e1a-62c0-4274-812f-0019a041760e,Pothole,Pothole,event,0.5008695652173913,ML_Ensemble(RF)_LOW_CONF,"ML ragu-ragu (Conf: 50%), pakai tebakan terbaik ML",True,1.0,0.4551398352301987,medium
95,1775973731.7665,-6.8542402,109.4532952,82.51926,-85.6509618898124,8.414622730494104,-8.733967449619636,3.376492521926415,6.7719517,0.14499640464782715,29.196992500416062,high_conf,1,3,0.0,0.0,0.22405507151239604,84793.1881642006,1370.3162649709218,61.878553345582134,0.1,0.0,0.14499640464782715,27101.076065387468,135.84044859422607,19.458926974191353,0.3181818181818182,6.93155573010279,-0.818443657371182,291.9414107792012,871.8027547669578,206.5720994247626,0.3348709428228055,cc249e1a-62c0-4274-812f-0019a041760e,Pothole,Pothole,event,0.95,R1,impulse tajam + durasi pendek + accel dominan,False,1.0,0.7734244810794675,high
96,1775973734.941,-6.8542402,109.4532952,66.06374,-31.890898532857406,6.736626676795848,-3.2519666280388724,2.7209512052887863,6.7719517,0.0,29.234806677603892,normal,0,5,0.0,0.0,0.04325384312905811,24943.415643944914,657.1710754681889,37.95574171948867,0.0,0.0,0.0,5846.827512259237,61.08303816926784,12.146197265297994,0.29949238578680204,1.0501730060720478,-0.07907898375821765,196.60875663734865,367.7428008599759,92.81951797086433,0.5346365874272385,cc249e1a-62c0-4274-812f-0019a041760e,Non-Event,Non-Event,condition_like,0.7251818181818181,ML_Ensemble(RF),Dipelajari dari data (Confidence: 73%),True,1.0,0.31337537003312477,medium
97,1775973740.984,-6.8538295,109.4532564,47.93429,33.00013472267438,4.887937267058578,3.365077240716696,2.016342935883552,5.319298,0.04000091552734375,40.77902245616198,normal,1,4,0.0,0.0,0.18085687207454113,28780.325034886315,710.1504860241789,40.5270792047016,0.1,0.0,0.04000091552734375,8155.6178239543215,63.43220502594346,28.137334179116333,0.29292929292929293,1.3673254712832223,0.025799384167101053,167.97258697188045,441.4405004974549,100.73739855484365,0.380510139876345,cc249e1a-62c0-4274-812f-0019a041760e,Non-Event,Non-Event,condition_like,0.7916666666666667,ML_Ensemble(RF),Dipelajari dari data (Confidence: 79%),True,1.0,0.3030684515251718,medium
98,1775973750.254,-6.8533347,109.4532179,70.60016,-46.10367920227704,7.199212779083582,-4.701266916049522,3.1558180771629964,5.35019,0.11999702453613281,52.6364099325141,normal,2,4,0.3399999141693115,0.0,0.16370808957110114,20284.872332208364,480.7031237829932,42.19833674134257,0.3399999141693115,0.6922283982156843,0.11999702453613281,10527.543022535101,79.25961921672655,3.8937497545318402,0.28860759493670884,5.803717327785218,-0.0424542318430046,101.77591704783143,303.5848283082472,75.34237842691451,0.3352470453801644,cc249e1a-62c0-4274-812f-0019a041760e,Pothole,Pothole,event,0.6921428571428571,ML_Ensemble(RF),Dipelajari dari data (Confidence: 69%),True,1.0,0.4673077351901002,medium
99,1775973761.2765,-6.8529233,109.4531869,101.72766,-67.37174146539253,10.373334421030627,-6.8700057068818134,3.649893719364476,3.3723972000000004,0.015000343322753906,21.356119842947095,candidate,2,5,0.8830001354217529,0.0,0.26527943449580804,30754.781612147992,655.9920960117715,46.882853851814176,0.8830001354217529,0.9611426989288796,0.015000343322753906,6699.686412904313,73.67964520740395,4.324762670245542,0.2595419847328244,1.4899966343787332,-0.5684512665130723,165.39009796850982,364.7915797287599,125.81041831450186,0.453382442758418,cc249e1a-62c0-4274-812f-0019a041760e,Speed Bump,Speed Bump,event,0.9,R3,multi-peak terstruktur + durasi lebih panjang + shape relatif simetris,False,1.0,0.6710886633473856,high
100,1775973843.023,-6.8465309,109.4531269,52.855484,38.830456955523026,5.389759397959548,3.9596046514888394,2.6501045618817103,9.306911,0.07500171661376953,56.86094116547078,normal,1,4,0.0,0.0,0.23240645750999397,46157.148544360476,854.0799578241215,54.043123325254726,0.1,0.0,0.07500171661376953,11371.927950319414,76.56073859212319,6.712638477045736,0.3106060606060606,2.255454871276277,0.06937241879763816,148.47389649803978,577.9801641334271,127.6258971926546,0.2568840687876624,cc249e1a-62c0-4274-812f-0019a041760e,Non-Event,Normal,condition_like,0.92,R6,amplitudo rendah + tidak ada struktur event → Non-Event,False,1.0,0.3803263661094186,medium
101,1775973846.5670002,-6.8465309,109.4531269,76.6958,-48.35063786837891,7.82079507273126,-4.9303929342210555,3.355881937630555,9.306911,0.09000205993652344,26.594795868661855,normal,3,4,0.7545000314712524,0.403499960899353,0.1539047192252126,29656.7169496797,861.3039119963962,34.43234902591669,1.5090000629425049,0.7670025452558423,0.09000205993652344,8304.505961487057,83.04998399707584,8.961600278870641,0.2989949748743719,3.3451653387024516,-0.561331152221279,269.7587377340511,410.14688630477724,181.3982879575679,0.6577125076011983,cc249e1a-62c0-4274-812f-0019a041760e,Non-Event,Non-Event,condition_like,0.6715942028985507,ML_Ensemble(RF),Dipelajari dari data (Confidence: 67%),True,1.0,0.4923482498294861,medium
102,1775973856.137,-6.8460016,109.4530638,46.842636,36.29864194943687,4.776619538782357,3.701431370492153,2.5934246245001993,5.0290055,0.2250051498413086,42.63101497284546,normal,2,4,0.247999906539917,0.0,0.21872375120162924,26907.048819745338,691.2193394919515,38.92693280340677,0.247999906539917,0.6531751017817086,0.2250051498413086,8526.007849736106,72.22733433472675,16.544412145414626,0.34005037783375314,3.459414427488194,0.2059974038100821,190.44422345387343,363.9234245705838,136.85169146749422,0.5233085041318296,cc249e1a-62c0-4274-812f-0019a041760e,Non-Event,Non-Event,condition_like,0.7112380952380952,ML_Ensemble(RF),Dipelajari dari data (Confidence: 71%),True,1.0,0.3664516970657319,medium
103,1775973866.0596669,-6.8453433,109.4529475,69.333755,-41.03745027444215,7.07007540801395,-4.184655338412419,3.164902521652523,7.146892,0.005000114440917969,35.699152561461396,normal,1,4,0.0,0.0,0.15948901652996703,33779.151564391235,1052.5944479782388,32.091325958616736,0.1,0.0,0.005000114440917969,7139.6670982809355,74.9380459616294,9.77405813240904,0.3197969543147208,1.2961415815433401,0.22340250152825566,281.34587361020596,616.5460077237072,154.70256664432574,0.4563258372114213,cc249e1a-62c0-4274-812f-0019a041760e,Non-Event,Normal,condition_like,0.92,R6,amplitudo rendah + tidak ada struktur event → Non-Event,False,1.0,0.41249073976193734,medium
104,1775973869.9795,-6.8446046,109.4528489,112.55425,-88.00162944646712,11.4773393564571,-8.97366883150384,8.072916754223655,8.01516,0.13999652862548828,77.55930577636644,high_conf,1,4,0.0,0.0,0.40371121530501064,73076.6162624408,1577.028750734527,46.33816357632415,0.1,0.0,0.13999652862548828,15512.245789663672,140.34938689599647,107.18800186859706,0.3,12.391516015603809,-1.3206966588126463,324.32146407312587,1103.9277482313823,148.77953843001885,0.2937886689585772,cc249e1a-62c0-4274-812f-0019a041760e,Pothole,Pothole,event,0.95,R1,impulse tajam + durasi pendek + accel dominan,False,1.0,0.8604997396469117,high
105,1775973872.713,-6.8446046,109.4528489,59.887714,-45.099461894070814,6.106847292398526,-4.598865248996428,2.819060017602722,8.01516,0.08500194549560547,47.23929873500141,normal,2,4,0.18199992179870605,0.0,0.009101536363525255,43970.51611198987,1118.1974202454367,39.32267708417353,0.18199992179870605,0.8869462446696283,0.08500194549560547,9447.643507601153,77.5867443746873,77.45068045040202,0.3592964824120603,1.3946007473758204,-0.2519547706461944,275.4806983425036,704.6781565504414,138.03856535249167,0.39093122922968493,cc249e1a-62c0-4274-812f-0019a041760e,Pothole,Pothole,event,0.40086956521739125,ML_Ensemble(RF)_LOW_CONF,"ML ragu-ragu (Conf: 40%), pakai tebakan terbaik ML",True,1.0,0.444241685575273,medium
106,1775973878.924,-6.8446046,109.4528489,55.79982,-44.57514307852269,5.689998113525006,-4.545399609298047,3.4092471342856636,8.01516,0.22000503540039062,39.796328197171704,normal,2,4,0.21200013160705566,0.0,0.18856103686103481,30419.3009075139,1020.1736036277654,29.81776902433494,0.21200013160705566,0.7405267097659166,0.22000503540039062,7959.083470470631,74.57368283817881,10.778656826151446,0.34595959595959597,3.1767586011245372,-0.05798307042003785,187.2400806288469,711.8518961744937,121.0816268244248,0.2630323545839331,cc249e1a-62c0-4274-812f-0019a041760e,Non-Event,Non-Event,condition_like,0.5729275362318841,ML_Ensemble(RF)_LOW_CONF,"ML ragu-ragu (Conf: 57%), pakai tebakan terbaik ML",True,1.0,0.469227913634709,medium
107,1775973893.175,-6.8430717,109.452545,80.420296,40.405635231882734,8.200587968368403,4.120228134162302,2.9634745862412117,8.955137,0.04000091552734375,40.12516792655805,normal,1,4,0.0,0.0,0.17700441789106794,31507.660034864697,680.1695967001542,46.32324076436378,0.1,0.0,0.04000091552734375,8024.849911073533,72.7095384005494,7.797529997155742,0.3401015228426396,1.4884592862743817,0.14120241536136371,188.60373046678635,365.9058352002544,125.66003103311355,0.5154433512876972,cc249e1a-62c0-4274-812f-0019a041760e,Non-Event,Non-Event,condition_like,0.8836666666666666,ML_Ensemble(RF),Dipelajari dari data (Confidence: 88%),False,1.0,0.4026030869471983,medium
108,1775973918.6335,-6.8416383,109.45221,48.018665,-31.20487352823069,4.896541122605579,-3.1820115460662604,3.608384893233573,9.948551,0.04000091552734375,29.63151513173235,normal,2,3,0.3320000171661377,0.0,0.31360102140547236,31057.29709712029,844.6911978789428,36.76763430036788,0.3320000171661377,0.9184042002797549,0.04000091552734375,5926.167387139306,57.235331532206786,61.10145377522439,0.4177215189873418,0.33174217196770606,0.16702793441099156,290.29854272398563,434.6825788985266,119.71007625643055,0.6678402957665193,cc249e1a-62c0-4274-812f-0019a041760e,Non-Event,Non-Event,condition_like,0.919927536231884,ML_Ensemble(RF),Dipelajari dari data (Confidence: 92%),False,1.0,0.3396606042516333,medium
109,1775973921.5873334,-6.8407533,109.4519967,64.26779,39.82168478621756,6.553490743526077,4.060681760460255,3.6422574976328215,10.214148,0.13500308990478516,50.101692311042,normal,2,3,0.20399999618530273,0.0,0.6014101677890896,41192.445183373886,1081.5299330985495,38.087198407233736,0.20399999618530273,0.8114938196666529,0.13500308990478516,10020.10912011123,73.31071561109077,31.00506173794639,0.35858585858585856,1.3687671183973773,0.09051586019738077,325.1526001456658,598.7264330903404,157.6508998625432,0.5430737338993192,cc249e1a-62c0-4274-812f-0019a041760e,Non-Event,Maneuver,condition_like,0.88,R5,gyro dominan + asimetri tinggi → maneuver (Non-Event),False,1.0,0.4269951734387093,medium
110,1775973928.3765001,-6.8407533,109.4519967,89.19475,48.69912818345318,9.095333268751308,4.9659290566557575,2.9213677330254915,10.214148,0.09999752044677734,46.56599011172999,normal,2,2,0.2109999656677246,0.0,0.38819734721421956,39178.29157259508,878.7576973712381,44.58372500771413,0.2109999656677246,0.9363149504676991,0.09999752044677734,9313.42895377376,82.0821621928009,12.870316149679425,0.3721518987341772,1.952646233358637,0.3598644897718006,227.36690836230144,480.5788687663032,170.8119202426335,0.4731104979144544,cc249e1a-62c0-4274-812f-0019a041760e,Non-Event,Non-Event,condition_like,0.4159999999999999,ML_Ensemble(RF)_LOW_CONF,"ML ragu-ragu (Conf: 42%), pakai tebakan terbaik ML",True,1.0,0.48181235356670954,medium
111,1775973930.82,-6.8398917,109.451725,69.06197,-38.88716764370389,7.04236105091953,-3.965387532307556,2.0937952824246593,8.4213705,0.06999826431274414,36.429034446923495,normal,2,4,0.7149999141693115,0.0,0.1611801158365396,36734.38070744797,927.5125061577583,39.60526723247724,0.7149999141693115,0.6394481630358836,0.06999826431274414,7285.9875493237805,74.84196939207587,73.32388193647569,0.3434343434343434,1.3042946552949326,-0.2571138219742146,289.38455180914684,503.93762512632844,134.19032922228288,0.5742467654848283,cc249e1a-62c0-4274-812f-0019a041760e,Non-Event,Non-Event,condition_like,0.7206418219461698,ML_Ensemble(RF),Dipelajari dari data (Confidence: 72%),True,1.0,0.3619279238119579,medium
112,1775973936.02325,-6.8398917,109.451725,81.08645,65.12895919346829,8.268516771782414,6.641305562395751,4.224452723134679,8.4213705,0.055001258850097656,24.234269686196573,candidate,1,3,0.0,0.0,0.21245839658264934,34347.63820586129,818.3927772495695,41.969625244404284,0.1,0.0,0.055001258850097656,6429.284311875857,63.96737342992405,34.12787452409772,0.3594936708860759,0.3335408239082134,-0.2170859535994029,221.47941135850147,459.6675921725146,137.24577371855324,0.48182515941553355,cc249e1a-62c0-4274-812f-0019a041760e,Non-Event,Non-Event,condition_like,0.6766666666666667,ML_Ensemble(RF),Dipelajari dari data (Confidence: 68%),True,1.0,0.6726576858005309,high
113,1775973939.778,-6.8391333,109.4515,40.977722,-33.18967494091321,4.178564749430234,-3.384404964071646,1.5157294086202358,9.017419,0.020000457763671875,31.94582063893798,normal,1,3,0.0,0.0,0.003869454829898678,23124.90764959107,457.202400182842,50.57914741865732,0.1,0.0,0.020000457763671875,6389.017894773037,55.362285042274486,106.76179561746474,0.39746835443037976,0.44979478610205836,-0.34273484975830004,142.8647581234995,211.80295369487533,102.53468836446717,0.674517304677413,cc249e1a-62c0-4274-812f-0019a041760e,Non-Event,Non-Event,condition_like,0.8745855448898926,ML_Ensemble(RF),Dipelajari dari data (Confidence: 87%),False,1.0,0.2866207947193981,low
114,1775973944.8955,-6.8391333,109.4515,67.47319,-31.272360563252178,6.880350578434022,-3.1888933084439826,1.9398651553490776,9.017419,0.03999900817871094,33.70907444769459,normal,1,3,0.0,0.0,0.15752535734237147,25301.86977511025,773.8419089779057,32.696432499801745,0.1,0.0,0.03999900817871094,6741.982060572372,58.88448011497312,98.6868327051908,0.3924050632911392,0.6498561579737854,0.05173724247559657,229.29584309289356,403.02507185740717,141.520994027605,0.5689369186567206,cc249e1a-62c0-4274-812f-0019a041760e,Non-Event,Non-Event,condition_like,0.9552608695652173,ML_Ensemble(RF),Dipelajari dari data (Confidence: 96%),False,1.0,0.28466249521833104,low
115,1775973948.066,-6.8391333,109.4515,63.760284,31.945423554889455,6.5017395338877195,3.2575266329367785,2.6179074241772757,9.017419,0.11999702453613281,34.778612313450346,normal,2,4,0.6059999465942383,0.0,0.4016812381251158,36854.28491409189,975.8185182718796,37.76756044924339,0.6059999465942383,0.8337067796730484,0.11999702453613281,6955.894937807164,62.357077292946315,66.77684604777592,0.38944723618090454,0.5531460924518696,0.14251892959471488,284.0936486927568,550.6002109034457,141.12465867567698,0.5159708306515799,cc249e1a-62c0-4274-812f-0019a041760e,Non-Event,Non-Event,condition_like,0.7066666666666666,ML_Ensemble(RF),Dipelajari dari data (Confidence: 71%),True,1.0,0.31944075461042926,medium
116,1775973950.445,-6.8383183,109.4512283,33.600754,-30.054043439247323,3.426323362208298,-3.0646595360543434,1.4579890417755204,9.122936,0.08500194549560547,34.790544843025785,normal,1,4,0.0,0.0,0.27947614641904994,18651.90838173114,464.42487431007805,40.161303524661555,0.1,0.0,0.08500194549560547,6957.949713774672,53.058720291006466,30.32120702041358,0.37626262626262624,0.9802766387752588,-0.22251133597172737,132.03916796323443,256.5632338058058,75.82247254103777,0.5146457093245478,cc249e1a-62c0-4274-812f-0019a041760e,Non-Event,Non-Event,condition_like,0.8772522115565593,ML_Ensemble(RF),Dipelajari dari data (Confidence: 88%),False,1.0,0.26079413888291203,low
117,1775973960.481,-6.8376183,109.4509217,50.384068,32.14014018536684,5.1377451015382425,3.2773822034402005,2.001386208278527,7.83819,0.09000205993652344,29.38978644869849,normal,1,4,0.0,0.0,0.08590290847115288,23713.640819233497,927.0426301763971,25.579881681537557,0.1,0.0,0.09000205993652344,5877.822757053304,58.654390176446434,16.680767186082544,0.34517766497461927,1.0886688911144287,0.13264562787610312,244.78264747978864,577.6583894490554,104.60159324755296,0.42374983472412037,cc249e1a-62c0-4274-812f-0019a041760e,Non-Event,Non-Event,condition_like,0.7830000000000001,ML_Ensemble(RF),Dipelajari dari data (Confidence: 78%),True,1.0,0.2984274264141415,low
118,1775973977.8574288,-6.837215,109.45062,109.225426,-66.0381225633433,11.137893776162095,-6.73401442524647,4.503047380198216,3.466139599999999,0.015000343322753906,40.745800931126205,candidate,1,4,0.0,0.0,0.35748290478018724,62389.92513822518,1528.5141302099578,40.81736888414495,0.1,0.0,0.015000343322753906,10552.29921979205,87.147475869511,9.693639901107273,0.3283208020050125,0.6418669690535412,0.31295869703509693,336.6842891033025,1005.001962024525,186.8278790821306,0.33500858853057425,cc249e1a-62c0-4274-812f-0019a041760e,Non-Event,Crack,condition_like,0.76,R4,spike kecil/rapat + durasi sangat singkat → Non-Event,True,1.0,0.6872879033613295,high
119,1775973979.681,-6.8374517,109.45016,43.577015,-32.36141941569338,4.443618870868238,-3.299946405316126,2.3301241257508685,6.5472665,0.04500102996826172,34.04476579075641,normal,2,5,0.30900001525878906,0.0,0.11232947278839187,67268.49328816592,2232.386617521457,30.132994316512633,0.30900001525878906,0.8407710810839136,0.04500102996826172,9325.097609338894,111.14060620284991,7.28786439128892,0.33249370277078083,1.638882227958332,-0.2666439731355505,383.27470464664447,1627.6289905085116,221.4829223663013,0.23548038689788853,cc249e1a-62c0-4274-812f-0019a041760e,Non-Event,Non-Event,condition_like,0.5315942028985507,ML_Ensemble(RF)_LOW_CONF,"ML ragu-ragu (Conf: 53%), pakai tebakan terbaik ML",True,1.0,0.3080410579177666,medium
120,1775973986.0477002,-6.8374517,109.45016,90.40979,-55.27689639823471,9.219232867492977,-5.636674746038119,4.292487334813144,6.547266500000001,0.11500263214111328,23.319919886408208,candidate,2,4,1.625999927520752,0.0,0.5990681232448836,41154.18715982526,923.4573385916351,44.56533658395544,1.625999927520752,0.995245247146985,0.11500263214111328,8896.711080654251,85.85060098896585,15.005556258852293,0.3106060606060606,1.7991051256037878,0.15656962327210563,221.92871949070144,553.6701235770322,147.85849552390158,0.40083202910801896,cc249e1a-62c0-4274-812f-0019a041760e,Non-Event,Maneuver,condition_like,0.88,R5,gyro dominan + asimetri tinggi → maneuver (Non-Event),False,1.0,0.5890088357144523,medium
121,1775973994.0570002,-6.8377,109.4496917,83.65556,-49.991605126787654,8.530493083774786,-5.0977250260575895,7.104326006385124,6.023279700000002,0.1300029754638672,50.56757641518226,candidate,3,3,0.5465000867843628,0.16850006580352783,0.26905251390928503,51101.24572796628,1436.2164359079497,35.58046295444359,1.0930001735687256,0.9541383705929025,0.1300029754638672,12137.887946762025,80.51031425813372,30.295700185000722,0.3240506329113924,1.2720070745698528,-0.5039071434254033,382.60558254242085,880.507785036445,173.1030683290839,0.43452833536509405,cc249e1a-62c0-4274-812f-0019a041760e,Pothole,Pothole,event,0.4208695652173913,ML_Ensemble(RF)_LOW_CONF,"ML ragu-ragu (Conf: 42%), pakai tebakan terbaik ML",True,1.0,0.5985454755049732,medium
122,1775974003.7335715,-6.8379683,109.44918,114.63576,-54.2018564364537,11.689594305904668,-5.527051178175392,4.636430446171657,6.348069,0.0,39.838627533884384,candidate,0,5,0.0,0.0,0.30503991145653286,55438.82502855382,1204.836256917117,46.013576255079435,0.0,0.0,0.0,10747.682718193963,78.9575875833972,45.58589611240515,0.30982367758186397,1.0778872304164704,0.06574678658378241,313.5928761567561,653.8336804476621,237.4097003126987,0.4796217831152807,cc249e1a-62c0-4274-812f-0019a041760e,Non-Event,Normal,condition_like,0.92,R6,amplitudo rendah + tidak ada struktur event → Non-Event,False,1.0,0.5819822875748406,medium
123,1775974010.7183335,-6.8382233,109.448705,85.50859,-66.95081638208771,8.719449557188234,-6.827083293692312,4.927038814256236,6.9307346,0.18000411987304688,76.2434462816737,candidate,3,3,0.6759999990463257,0.3700000047683716,0.3570747604827502,57246.074345859444,2318.2895532582397,24.693237408894728,1.3519999980926514,0.5396766446433277,0.18000411987304688,15248.34024952361,119.87771115793574,14.589678723732929,0.3712121212121212,5.370786476623264,-0.7199880650442463,491.886913074515,1579.0356231892197,247.36701699450487,0.3115109662754328,cc249e1a-62c0-4274-812f-0019a041760e,Speed Bump,Speed Bump,event,0.9,R3,multi-peak terstruktur + durasi lebih panjang + shape relatif simetris,False,1.0,0.7221724325646611,high
124,1775974016.9957273,-6.8382233,109.448705,98.43407,52.037555777822206,10.037481708840431,5.306353931038857,5.902794070461992,6.930734599999999,0.029999256134033203,27.0980412638931,candidate,1,7,0.0,0.0,0.13435594350422178,51920.64427873044,1301.5685091081689,39.89082701026279,0.1,0.0,0.029999256134033203,9454.70145030541,75.73988226169743,13.870276030105533,0.29441624365482233,0.8818017567014542,0.0938844291394833,265.4090849563397,877.0188298216111,159.140594330218,0.30262643814352136,cc249e1a-62c0-4274-812f-0019a041760e,Non-Event,Crack,condition_like,0.76,R4,spike kecil/rapat + durasi sangat singkat → Non-Event,True,1.0,0.6065816003522828,high
125,1775974020.6189997,-6.83849,109.4482283,87.97572,-52.500637601123245,8.971026803240658,-5.3535751353544025,5.01360324812094,6.7464643,0.0,42.26483594308702,candidate,0,5,0.0,0.0,0.16659145497586297,77063.64074631041,1976.6907026711324,38.986190709141766,0.0,0.0,0.0,8480.188981565116,92.71597073116902,129.803729326997,0.32914572864321606,0.590604377360445,0.1591546982649061,367.57001173599645,1384.4650886363002,224.65560229883604,0.26549604933162835,cc249e1a-62c0-4274-812f-0019a041760e,Non-Event,Normal,condition_like,0.92,R6,amplitudo rendah + tidak ada struktur event → Non-Event,False,1.0,0.5789418704525943,medium
126,1775974026.4736,-6.83849,109.4482283,89.26949,-60.16387485965949,9.102954627727105,-6.1350078629969955,5.746509447536392,6.746464300000001,0.04500102996826172,47.033633382688365,candidate,1,4,0.0,0.0,0.30884822701628717,71336.73413856613,1939.9759226449387,36.771968800795506,0.1,0.0,0.04500102996826172,10586.260267831436,98.83735763257133,37.08000797587216,0.29396984924623115,1.614605348550394,-0.42688308234005673,426.8828674704365,1316.239670552396,196.85338462210626,0.324320013061879,cc249e1a-62c0-4274-812f-0019a041760e,Non-Event,Crack,condition_like,0.76,R4,spike kecil/rapat + durasi sangat singkat → Non-Event,True,1.0,0.6770760998352291,high
127,1775974033.545522,-6.8387717,109.4476917,99.39769,-98.59257333413255,10.13574360255541,-10.053644550803032,8.117005082050353,6.8344817,0.010000228881835938,58.07527302223858,high_conf,1,5,0.0,0.0,0.21848487003236183,82238.510367207,2562.3707058199716,32.09469658247422,0.1,0.0,0.010000228881835938,13007.066293501573,123.6361656077541,24.520596298623158,0.3148614609571788,2.3609828220463127,-0.533859690189059,706.7760868606792,1566.0319003940633,289.56271856522847,0.4513165320779962,cc249e1a-62c0-4274-812f-0019a041760e,Pothole,Pothole,event,0.95,R1,impulse tajam + durasi pendek + accel dominan,False,1.0,0.8507500171661377,high
128,1775974044.8795416,-6.83905,109.4471567,88.81489,67.60353024821312,9.056598328685128,6.893641584864671,5.851941489048425,6.624475,0.10500240325927734,62.20021516634533,candidate,3,6,0.5590000152587891,0.14300012588500977,0.2262206207205265,71437.3054329218,1704.6226998795723,41.90798667415416,1.1180000305175781,0.9942399381444117,0.10500240325927734,12439.758309797011,118.03454631654469,123.38431888953123,0.3670886075949367,2.4397106816114507,-0.19586588201876667,432.3087975644296,1068.7871127916187,203.526789523524,0.40448541340545835,cc249e1a-62c0-4274-812f-0019a041760e,Speed Bump,Speed Bump,event,0.9,R3,multi-peak terstruktur + durasi lebih panjang + shape relatif simetris,False,1.0,0.7533676391838803,high
129,1775974051.4989998,-6.839335,109.4466483,91.63036,-62.87895895111122,9.343696369300424,-6.411869389762174,4.9420829492150915,6.366599,0.0,81.29268511307167,candidate,0,3,0.0,0.0,0.13709091579029514,125587.43379089006,2587.7086202381643,48.532293303872486,0.0,0.0,0.0,16258.164902751143,100.70188219509168,244.73188420840472,0.34595959595959597,0.4253223630527998,-0.2929903311190951,947.3778401854083,959.9974076957831,680.3333723569733,0.9868545806519216,cc249e1a-62c0-4274-812f-0019a041760e,Pothole,Pothole,event,0.39,ML_Ensemble(RF)_LOW_CONF,"ML ragu-ragu (Conf: 39%), pakai tebakan terbaik ML",True,1.0,0.6718043433857654,high
130,1775974056.7328184,-6.839335,109.4466483,97.0251,-78.7916217191549,9.89380675358048,-8.034509411384612,5.143642926300507,6.366599,0.030000686645507812,52.364296024282055,high_conf,3,5,0.6274999380111694,0.3525000810623169,0.5526668982962585,90774.04607604782,2602.2993854297474,34.88224550542059,1.2549998760223389,0.9944121141696362,0.030000686645507812,10538.68353478759,103.45309565807946,13.513026129126128,0.29545454545454547,0.5909047223532822,1.1344630766440351,479.49205793922044,1762.5296535722882,360.27767391823875,0.27204765417440785,cc249e1a-62c0-4274-812f-0019a041760e,Non-Event,Maneuver,condition_like,0.88,R5,gyro dominan + asimetri tinggi → maneuver (Non-Event),False,1.0,0.82370481570843,high
131,1775974063.5565503,-6.8396,109.4461267,99.37651,-62.26826587973903,10.133583843616321,-6.3495960271590235,6.874746226691299,5.3742146,0.020000457763671875,57.541616211471926,candidate,2,4,0.934999942779541,0.0,0.28222530714195887,79292.47433816802,2280.6776255706372,34.767068091686816,0.934999942779541,0.8222601147837978,0.020000457763671875,11508.059843707875,98.64389928310985,19.287278091788888,0.30788804071246817,1.5401028721744012,-0.8600340552587196,697.986265337837,1239.0733057600073,343.6180544727932,0.5633131321043203,cc249e1a-62c0-4274-812f-0019a041760e,Speed Bump,Speed Bump,event,0.9,R3,multi-peak terstruktur + durasi lebih panjang + shape relatif simetris,False,1.0,0.7029636767765876,high
132,1775974074.6601253,-6.8398433,109.4456483,84.88028,-50.678364828638784,8.655379767810619,-5.167755026297338,8.908782802517344,6.050045,0.029999256134033203,43.926462393019754,high_conf,2,5,0.8889999389648438,0.0,0.15835782838287715,50352.25219984696,2266.2034929266583,22.21876911530193,0.8889999389648438,0.8785261873767711,0.029999256134033203,9187.82020160268,93.646613525823,15.686425792786052,0.3106060606060606,1.8857992864960575,0.1298651106173454,1173.6129801896132,865.1693474223011,227.4211653147442,1.3565124357789389,cc249e1a-62c0-4274-812f-0019a041760e,Pothole,Pothole,event,0.4142028985507246,ML_Ensemble(RF)_LOW_CONF,"ML ragu-ragu (Conf: 41%), pakai tebakan terbaik ML",True,1.0,0.5973478965768131,medium
133,1775974079.449,-6.8398433,109.4456483,75.723625,-49.776438425274776,7.721660811796077,-5.075784128655023,4.552974257782625,6.050045,0.015000343322753906,47.6150972207206,candidate,1,5,0.0,0.0,0.1854382716872117,35561.02885367519,1439.4383169352814,24.70479520420412,0.1,0.0,0.015000343322753906,9522.801484515416,80.2104123905857,17.931167830451468,0.30632911392405066,2.158679638719514,-0.28713752934787357,658.3315561916999,533.4510615697067,247.655699173875,1.2340992499301189,cc249e1a-62c0-4274-812f-0019a041760e,Non-Event,Crack,condition_like,0.76,R4,spike kecil/rapat + durasi sangat singkat → Non-Event,True,1.0,0.5397114059209129,medium
134,1775974085.4784,-6.8400767,109.4451717,69.37279,-39.96421659084958,7.074055870251309,-4.0752159596650825,4.720583230005192,5.0020704,0.05000114440917969,26.67547206699646,candidate,3,4,0.26299989223480225,0.11399996280670166,0.13417838879526267,43682.72887880361,2015.44586973523,21.67397771038537,0.5259997844696045,0.8449516868702501,0.05000114440917969,6983.501230845335,70.28489371919986,185.096402017871,0.3047858942065491,1.14125819150898,0.0782744818746311,1080.838192601414,695.7534748381099,238.8542022957059,1.5534786819418014,cc249e1a-62c0-4274-812f-0019a041760e,Pothole,Pothole,event,0.43420289855072464,ML_Ensemble(RF)_LOW_CONF,"ML ragu-ragu (Conf: 43%), pakai tebakan terbaik ML",True,1.0,0.4578722965340523,medium
135,1775974192.087,-6.840645,109.4440683,39.36475,-31.71120621944007,4.01408737948229,-3.2336431115049553,1.2441010181803966,3.6828375,0.020000457763671875,25.582503171923456,normal,1,2,0.0,0.0,0.053660033187335705,19600.688006650482,573.4692729206876,34.17914245456386,0.1,0.0,0.020000457763671875,5116.383529659129,51.749044129706974,60.43749922954274,0.28607594936708863,0.8169629525337108,-0.48486707549776403,241.26260606816567,234.39115484915055,97.81551200337128,1.029316166790173,cc249e1a-62c0-4274-812f-0019a041760e,Non-Event,Non-Event,condition_like,0.651918878223226,ML_Ensemble(RF),Dipelajari dari data (Confidence: 65%),True,1.0,0.26399794830706796,low
136,1776325466.681,-6.8952933,109.4100906,123.268166,-53.992581616608675,12.56985474142546,-5.505711085498991,4.227713759007197,0.38545433,0.12499690055847168,70.59731783105266,candidate,2,4,0.26800012588500977,0.0,0.34457232934658977,52329.44403799424,1142.9838777043524,45.783186458686636,0.26800012588500977,0.538562128751736,0.12499690055847168,14119.81367450553,88.76591688337882,9.885137067790884,0.33418367346938777,2.6191688306052496,-0.81085290228199,244.26533560380798,657.057996185001,241.66054591554328,0.37175612601977465,d4030b3c-2d8e-49cc-9722-89da2a36bbc9,Pothole,Pothole,event,0.5933333333333334,ML_Ensemble(RF)_LOW_CONF,"ML ragu-ragu (Conf: 59%), pakai tebakan terbaik ML",True,1.0,0.5758125572037012,medium
137,1776325476.457,-6.8951851,109.408663,44.26083,30.046772059566333,4.513348595085987,3.063918061679201,0.986352184028352,8.440859,0.004999876022338867,27.032164040537065,normal,1,6,0.0,0.0,0.009618776377650072,39841.58017709906,543.6892663295653,73.28005640572724,0.1,0.0,0.004999876022338867,5406.566866810394,53.145781666192974,150.49867002402206,0.4256926952141058,-0.6073401125161606,0.23341107454285864,98.69820150892158,336.8982825110174,108.09278230962641,0.29296142586518675,d4030b3c-2d8e-49cc-9722-89da2a36bbc9,Non-Event,Non-Event,condition_like,0.6954761904761905,ML_Ensemble(RF),Dipelajari dari data (Confidence: 70%),True,1.0,0.2390060223870819,low
138,1776325479.235,-6.8951334,109.4078626,53.017426,31.531391881858863,5.406272886255755,3.215307151969211,2.788025845720633,9.471583,0.010000228881835938,33.43770025163421,normal,1,5,0.0,0.0,0.014383092256835622,43164.105957717955,852.7206724979103,50.61927932467763,0.1,0.0,0.010000228881835938,6687.3869881856945,61.326011579679644,208.62064733332593,0.43434343434343436,-0.678669042263575,0.12276168077679765,105.35312890660474,635.7479429149008,111.61960067640456,0.16571524912506358,d4030b3c-2d8e-49cc-9722-89da2a36bbc9,Non-Event,Non-Event,condition_like,0.7283333333333333,ML_Ensemble(RF),Dipelajari dari data (Confidence: 73%),True,1.0,0.31306185570072115,medium
139,1776325481.858,-6.8951334,109.4078626,36.61923,-30.41099409953076,3.7341222537767744,-3.101058373606763,1.0184237311940696,9.471583,0.06999826431274414,38.29095111393215,normal,2,3,0.24000000953674316,0.0,0.1915154755908977,49922.89926489131,1065.0302447945182,46.87463052060888,0.24000000953674316,0.9831997628814181,0.06999826431274414,7658.380116397409,59.83703856808472,13.933913331458085,0.3853904282115869,-0.5683098889030211,0.00426093876847211,232.01911292220228,676.2375069719876,156.77362490032823,0.34310299293811636,d4030b3c-2d8e-49cc-9722-89da2a36bbc9,Non-Event,Non-Event,condition_like,0.6315942028985507,ML_Ensemble(RF)_LOW_CONF,"ML ragu-ragu (Conf: 63%), pakai tebakan terbaik ML",True,1.0,0.24829258115453348,low
140,1776325492.9077501,-6.8950852,109.4072383,62.281994,39.905145520273415,6.350995905839405,4.069192386826635,2.8791866829833643,1.8249586,0.0,42.815226501815815,normal,0,1,0.0,0.0,0.013198280840298143,170311.39231327167,1420.4177366084643,119.9023271844115,0.0,0.0,0.0,8562.849312296017,77.38232703006582,6846.344586312645,0.3148614609571788,-1.1609050532941834,-0.05879599328553307,496.2079457087575,162.29724932567365,761.9125415740332,3.057402049098443,d4030b3c-2d8e-49cc-9722-89da2a36bbc9,Non-Event,Normal,condition_like,0.92,R6,amplitudo rendah + tidak ada struktur event → Non-Event,False,1.0,0.39220020424717594,medium
141,1776325511.655,-6.8938827,109.4072445,25.094074,-29.603768533872373,2.5588834107467893,-3.018744273923549,1.085796660147516,9.731906,0.22000503540039062,44.84166230585576,normal,5,4,0.21649998426437378,0.07037226830874636,0.15355526591222354,21501.46461937925,417.784726189308,51.46541560777648,0.8659999370574951,0.8993027644317326,0.22000503540039062,8968.127197029375,56.096961195812966,3.1319311543713813,0.3661616161616162,1.7995940626126927,-0.3362871147101429,88.94730852993321,273.7269924094927,55.11042524988207,0.32494898446814474,d4030b3c-2d8e-49cc-9722-89da2a36bbc9,Non-Event,Non-Event,condition_like,0.7566580086580086,ML_Ensemble(RF),Dipelajari dari data (Confidence: 76%),True,1.0,0.2543805843130659,low
142,1776325520.842,-6.8933476,109.4072948,66.63195,29.435061633157247,6.794567971733468,3.001540957733502,2.8668293344684384,2.7220306,0.0,31.056648905621696,normal,0,2,0.0,0.0,0.4995009108218235,43603.37741019752,758.6500281437776,57.47495648211978,0.0,0.0,0.0,6211.483798171032,51.766053954993694,596.5305506994466,0.3256997455470738,0.06170468886292024,0.36508356358175165,298.61752041665625,133.598392249448,326.43411547767334,2.2351879626208757,d4030b3c-2d8e-49cc-9722-89da2a36bbc9,Non-Event,Normal,condition_like,0.92,R6,amplitudo rendah + tidak ada struktur event → Non-Event,False,1.0,0.29569966401162984,low
143,1776325726.787,-6.8942167,109.4198767,57.43968,-42.1346098527784,5.8572172964264055,-4.296534479437769,3.1475163082629534,16.044407,0.10000228881835938,62.680600898146004,normal,1,3,0.0,0.0,0.20216922988332933,44032.91314483826,852.9883629904446,51.62193882557058,0.1,0.0,0.10000228881835938,12535.833257176111,66.5736857976105,246.642108272966,0.6926952141057935,0.0009891283211485025,-0.4555680192424077,183.36671786620832,571.7846721249152,97.83697299932108,0.3206919081340066,d4030b3c-2d8e-49cc-9722-89da2a36bbc9,Non-Event,Normal,condition_like,0.92,R6,amplitudo rendah + tidak ada struktur event → Non-Event,False,1.0,0.42910548508620794,medium
144,1776325730.048,-6.8942167,109.4198767,106.40685,-95.44013991713075,10.850479011691048,-9.732185804238018,5.256872418497175,16.044407,0.33000755310058594,140.59043820963683,high_conf,2,2,0.16300010681152344,0.0,0.04847861251205768,96490.15420097434,2079.8794971566226,46.392184877293445,0.16300010681152344,0.846632954165389,0.33000755310058594,28117.44408470497,144.09128106793304,17.10503606784903,0.6306532663316583,5.897540786298045,-0.9190191660190935,537.2378241524758,1210.2709705903774,332.37070241376955,0.44389879354580336,d4030b3c-2d8e-49cc-9722-89da2a36bbc9,Pothole,Pothole,event,0.95,R1,impulse tajam + durasi pendek + accel dominan,False,1.0,0.8499796470991164,high
145,1776325760.039,-6.8942526,109.4243297,85.90873,-38.84116007306828,8.760252481734334,-3.96069606573787,0.7982415625532787,17.133614,0.1450033187866211,35.810566122206964,normal,2,3,0.1770000457763672,0.0,0.33601650880000605,30355.764672395562,693.4219180923789,43.77675962728186,0.1770000457763672,0.671540211484529,0.1450033187866211,7161.949300430916,70.36188542745225,60.360085677451345,0.6843434343434344,0.7257893389936068,-0.2972167500927653,135.12454773795287,493.79461659970707,64.50275375471898,0.27364524221584596,d4030b3c-2d8e-49cc-9722-89da2a36bbc9,Non-Event,Non-Event,condition_like,0.7902608695652173,ML_Ensemble(RF),Dipelajari dari data (Confidence: 79%),True,1.0,0.3239459469105142,medium
146,1776325797.762,-6.8940038,109.4298963,66.799866,38.76098932132875,6.811690638495307,3.9525209242023274,2.28146830147276,11.214769,0.11999702453613281,34.93736946474274,normal,2,5,0.6500000953674316,0.0,0.19116930531265658,19342.49662195691,455.3352581523127,42.47968114300306,0.6500000953674316,0.44717540735706035,0.11999702453613281,6987.647155378776,70.38165416524696,12.921336338403997,0.3542713567839196,4.851100736066767,0.8661273952559647,78.94762617821092,246.5857006305573,129.8019313435444,0.3201630332017094,d4030b3c-2d8e-49cc-9722-89da2a36bbc9,Non-Event,Non-Event,condition_like,0.8686580086580087,ML_Ensemble(RF),Dipelajari dari data (Confidence: 87%),False,1.0,0.37077560340084476,medium
147,1776325991.331,-6.8925783,109.4487267,57.67194,33.78758553677047,5.88090122518903,3.4453748769223407,2.4467193811952077,16.430964,0.08500194549560547,55.41237660823285,normal,1,6,0.0,0.0,0.34545212033619793,39709.24801244168,697.6300880496862,56.920205472406934,0.1,0.0,0.08500194549560547,11082.221669722367,65.95508112314529,224.19420957319971,0.6792929292929293,-0.0941510284098026,-0.0587121468176799,214.5022947419001,413.31339575006245,69.81439755772365,0.5189821971137636,d4030b3c-2d8e-49cc-9722-89da2a36bbc9,Non-Event,Normal,condition_like,0.92,R6,amplitudo rendah + tidak ada struktur event → Non-Event,False,1.0,0.32801619754168804,medium
148,1776326030.153,-6.8943,109.453615,32.99808,-52.69545170556907,3.364867717314272,-5.37344064543642,0.7508203458343081,10.888433,0.0,31.871450921422763,candidate,0,0,0.0,0.0,0.0,0.0,0.0,0.0,0.0,0.0,0.0,0.0,0.0,0.0,0.0,0.0,0.0,0.0,0.0,0.0,0.0,2ba192ad-a007-47e8-843d-e4f356c01155,Non-Event,Normal,condition_like,0.92,R6,amplitudo rendah + tidak ada struktur event → Non-Event,False,1.0,0.43863700295042146,medium
149,1776326034.762,-6.8944833,109.4542217,30.696184,-34.62747227111391,3.1301396501353675,-3.5310194889298496,0.9557731122400337,0.0,0.0,46.874982566558806,normal,0,1,0.0,0.0,0.6435662802481353,34034.54697182704,126.1624433119592,269.76765674950417,0.0,0.0,0.0,4687.502727006839,61.53362781610873,0.9868199461882194,0.5763888888888888,0.05984288140676419,-0.09594741404492456,27.603210210796,44.24826743802494,54.310965663138255,0.6238257718368718,2ba192ad-a007-47e8-843d-e4f356c01155,Non-Event,Normal,condition_like,0.92,R6,amplitudo rendah + tidak ada struktur event → Non-Event,False,1.0,0.27965085774502096,low
150,1776326738.871,-6.849285,109.4826767,93.50782,39.47545943685121,9.535144009422178,4.025376600250974,2.0573852936736228,8.61542,0.10000228881835938,36.69408049124367,normal,2,3,0.18999981880187988,0.0,0.32063627077963486,32380.860408577708,899.0991247375903,36.01478355572146,0.18999981880187988,0.6972240957945844,0.10000228881835938,7338.648129923006,71.2254708235255,245.77122869543496,0.3848101265822785,1.129300550994583,0.3325271767883685,103.31608012034542,697.5344986183861,98.24854599885883,0.14811608626794598,2ba192ad-a007-47e8-843d-e4f356c01155,Non-Event,Non-Event,condition_like,0.8273809523809522,ML_Ensemble(RF),Dipelajari dari data (Confidence: 83%),False,1.0,0.3683635754730854,medium
151,1776326745.074,-6.849285,109.4826767,53.818886,30.747490778268933,5.4879990618610845,3.135371485499017,1.0928737525727754,8.61542,0.12500286102294922,37.75030351374208,normal,2,2,0.16899991035461426,0.0,0.2760024864501929,31982.474906685897,803.4287212080758,39.80748263366532,0.16899991035461426,0.7479977930432151,0.12500286102294922,7549.88789952806,60.63095114450861,190.96294851078724,0.3813131313131313,0.15541782753238076,-0.3035896135189051,112.12741490522949,600.5999538970133,90.70135240583289,0.18669234652949038,2ba192ad-a007-47e8-843d-e4f356c01155,Non-Event,Non-Event,condition_like,0.8255714285714285,ML_Ensemble(RF),Dipelajari dari data (Confidence: 83%),False,1.0,0.2579877733573919,low
152,1776326846.24,-6.8510533,109.490265,35.87933,-30.955495841488197,3.6586734511785375,-3.1565820990336353,0.6796732512299568,9.02411,0.005000114440917969,37.25741635290399,normal,1,4,0.0,0.0,0.08855771260479081,30835.365270901697,495.04174943177395,62.28841354089263,0.1,0.0,0.005000114440917969,7451.312723567166,55.81016215574775,54.96745846736104,0.37150127226463103,0.1487449198557469,0.10239180790240411,97.71706311395974,300.1430036595662,97.18168265824798,0.3255683510758287,2ba192ad-a007-47e8-843d-e4f356c01155,Non-Event,Non-Event,condition_like,0.9305855448898925,ML_Ensemble(RF),Dipelajari dari data (Confidence: 93%),False,1.0,0.2371231725370946,low
153,1776326864.3417501,-6.8522811,109.490685,93.75088,49.174983046815946,9.55992923169482,5.014452748575298,2.7153373208383336,7.604121,0.13500308990478516,48.418167633719534,candidate,2,4,0.3380000591278076,0.0,0.03752782180068256,37479.66683609922,1000.3185237916576,37.46773243443166,0.3380000591278076,0.5891730835822165,0.13500308990478516,9683.411891034732,85.94348162085063,5.507133908124657,0.30808080808080807,4.73999411822119,0.84090805807359,123.66722215612454,757.9657041188567,118.68559751667647,0.16315675144791975,2ba192ad-a007-47e8-843d-e4f356c01155,Pothole,Pothole,event,0.4633333333333334,ML_Ensemble(RF)_LOW_CONF,"ML ragu-ragu (Conf: 46%), pakai tebakan terbaik ML",True,1.0,0.4819372231425802,medium
154,1776326869.2085,-6.8528256,109.4906156,106.39541,-36.5314139254879,10.8493124563434,-3.725167506282767,5.800280653029321,4.9164066,0.28499293327331543,28.584134066617686,candidate,2,2,0.2050001621246338,0.0,0.025144656497639018,28105.277942051922,799.9020999022598,35.13589714335068,0.2050001621246338,0.7801205076640996,0.28499293327331543,5716.968568601918,66.03567906375349,2.2906302566735506,0.33668341708542715,2.352570657786062,0.10176355594892253,167.80223238166565,470.96392595469143,161.13594156590267,0.3562952973207412,2ba192ad-a007-47e8-843d-e4f356c01155,Non-Event,Non-Event,condition_like,0.6518322981366458,ML_Ensemble(RF),Dipelajari dari data (Confidence: 65%),True,1.0,0.4799822339952584,medium
155,1776326872.012,-6.8528256,109.4906156,51.933113,-38.799263528724445,5.295703731651481,-3.956423807184354,2.238414770336923,4.9164066,0.21500492095947266,28.53888310855241,normal,3,4,0.24549996852874756,0.0915001630783081,0.09777349439182341,28938.453144541287,520.2823623648709,55.62066904860068,0.4909999370574951,0.8557707955669047,0.21500492095947266,5707.6459840613115,70.16060963206621,1.2143871652899538,0.3333333333333333,2.1360793245081986,0.1501207774873836,117.08377960454507,264.3073594430067,138.8912233173192,0.44298342432953985,2ba192ad-a007-47e8-843d-e4f356c01155,Non-Event,Non-Event,condition_like,0.6141180124223602,ML_Ensemble(RF)_LOW_CONF,"ML ragu-ragu (Conf: 61%), pakai tebakan terbaik ML",True,1.0,0.37681733739644974,medium
156,1776326874.893,-6.8528256,109.4906156,41.06775,-36.41267644129032,4.187745050552431,-3.7130596525103194,2.2808992451580368,4.9164066,0.11000251770019531,34.26473742271816,normal,2,4,0.24499988555908203,0.0,0.23502769483606048,24635.265271897144,560.8401240762742,43.925646847302076,0.24499988555908203,0.8269162411278312,0.11000251770019531,6852.790636613413,63.47049833293001,9.906756711934872,0.3526448362720403,1.831662772313071,-0.08881856408875788,101.03440934770882,347.8800496319694,111.92566509659594,0.29042886812327023,2ba192ad-a007-47e8-843d-e4f356c01155,Non-Event,Non-Event,condition_like,0.5694903067946546,ML_Ensemble(RF)_LOW_CONF,"ML ragu-ragu (Conf: 57%), pakai tebakan terbaik ML",True,1.0,0.3484555323920447,medium
157,1776326877.379,-6.8528256,109.4906156,104.18917,-34.81921288135658,10.624338586571358,-3.550571589824923,5.930516200677013,4.9164066,0.2100048065185547,30.22495764241148,candidate,2,2,0.31800007820129395,0.0,0.3241243980805766,16716.77517314838,389.29803437770715,42.94081565792986,0.31800007820129395,0.8558485135685265,0.2100048065185547,6044.853172773081,64.64884812326227,4.4320656673002174,0.39195979899497485,4.766286392921562,1.06500539508633,72.83640778980848,230.65973773206167,85.80188885583703,0.3157742577451564,2ba192ad-a007-47e8-843d-e4f356c01155,Non-Event,Non-Event,condition_like,0.6777760210803688,ML_Ensemble(RF),Dipelajari dari data (Confidence: 68%),True,1.0,0.4629856769290351,medium
158,1776326881.539,-6.8528646,109.4906079,86.13503,45.24047856910773,8.783328659634025,4.6132449479799655,3.0085854712493214,3.3173254,0.07500171661376953,26.299418027284553,normal,2,4,0.39800000190734863,0.0,0.1163657024848591,42223.344128634286,526.9945310438018,80.12102889356895,0.39800000190734863,0.7070063008264473,0.07500171661376953,5729.039640482791,67.40531971675217,2.139279821131583,0.2982456140350877,1.0805698750406174,1.2431398576368813,129.63259980286432,273.052621940174,124.30930930076346,0.4747531754392519,2ba192ad-a007-47e8-843d-e4f356c01155,Non-Event,Non-Event,condition_like,0.49585714285714283,ML_Ensemble(RF)_LOW_CONF,"ML ragu-ragu (Conf: 50%), pakai tebakan terbaik ML",True,1.0,0.451103356439207,medium
159,1776326893.718,-6.8532191,109.490581,55.954887,40.568695245686754,5.705810546924791,4.136855628138738,3.2039370043847226,2.3795652,0.14000320434570312,17.358827401824087,normal,2,4,1.5520000457763672,0.0,0.04046813022439902,17609.02523354432,395.10853015592056,44.56756522575646,1.5520000457763672,0.8198386179993757,0.14000320434570312,7458.0493905982485,71.17307147471182,6.693960091620508,0.35516372795969775,4.665696192706234,-0.3577188838728501,67.3678372574246,270.59425529027067,57.146437608225355,0.24896255442006895,2ba192ad-a007-47e8-843d-e4f356c01155,Non-Event,Non-Event,condition_like,0.6633333333333333,ML_Ensemble(RF),Dipelajari dari data (Confidence: 66%),True,1.0,0.4196151470045716,medium
160,1776326899.187,-6.8541332,109.4908966,105.76253,-47.29553882354704,10.784776656656453,-4.822802773989797,3.1984851630547313,4.2119246,0.060001373291015625,45.01032453053989,normal,2,4,0.5039999485015869,0.0,0.19001434873080736,29110.458407659586,762.2527712481885,38.19003284409342,0.5039999485015869,0.8388176141642467,0.060001373291015625,9001.85886990948,69.81914966237619,4.0284215339655,0.3367088607594937,2.2114031750681367,-0.2927314601005498,206.46393123542097,430.8185352212705,124.97030479149703,0.47923641597765443,2ba192ad-a007-47e8-843d-e4f356c01155,Non-Event,Non-Event,condition_like,0.4614989648033126,ML_Ensemble(RF)_LOW_CONF,"ML ragu-ragu (Conf: 46%), pakai tebakan terbaik ML",True,1.0,0.4751685247577323,medium
161,1776326904.065,-6.8541332,109.4908966,111.02399,-51.31396177072468,11.321296263249938,-5.232567876973756,5.023396813033364,4.2119246,0.18999528884887695,50.096806212480615,candidate,2,3,0.2929999828338623,0.0,0.2365127819113491,32752.467801876435,951.9912447845968,34.40416910019276,0.2929999828338623,0.9121552035653296,0.18999528884887695,10019.609684050942,89.78201816366852,7.7854289205341685,0.3684210526315789,5.16871124061417,-0.3075650682717133,167.4249593911116,669.599879450418,114.96640594306727,0.2500373197176951,2ba192ad-a007-47e8-843d-e4f356c01155,Pothole,Pothole,event,0.6058695652173913,ML_Ensemble(RF)_LOW_CONF,"ML ragu-ragu (Conf: 61%), pakai tebakan terbaik ML",True,1.0,0.5826273160257494,medium
162,1776326910.889,-6.8541647,109.4909159,77.48606,-30.303727125788566,7.901379166178053,-3.090120186382564,1.7981249895724714,4.282162,0.020000457763671875,19.286125039989564,normal,1,4,0.0,0.0,0.024184075456991264,22139.96470392349,431.80382166798404,51.27320218502793,0.1,0.0,0.020000457763671875,4262.82340593329,49.48357157294623,52.02925571978107,0.3333333333333333,-0.07883312023339561,-0.3337454305997891,94.75296414649591,226.8632753570888,110.18758216439936,0.4176655017419048,2ba192ad-a007-47e8-843d-e4f356c01155,Non-Event,Non-Event,condition_like,0.6836580086580086,ML_Ensemble(RF),Dipelajari dari data (Confidence: 68%),True,1.0,0.26954835075912187,low
163,1776326916.5863333,-6.8541647,109.4909159,84.26325,-38.72625009286208,8.592460218321241,-3.9489785087529468,3.655460054955055,4.282162,0.0950021743774414,29.652523821072972,normal,2,2,1.7330000400543213,0.0,0.35883269158507153,40809.71784226902,883.7764377325728,46.1765171074196,1.7330000400543213,0.9948048565045712,0.0950021743774414,6860.399552673313,61.11463878012536,212.0909456286556,0.33080808080808083,-0.16091315690809083,0.14188622958163996,125.12934043160612,617.8106294013558,140.83646789961102,0.20253672286330981,2ba192ad-a007-47e8-843d-e4f356c01155,Non-Event,Non-Event,condition_like,0.506975155279503,ML_Ensemble(RF)_LOW_CONF,"ML ragu-ragu (Conf: 51%), pakai tebakan terbaik ML",True,1.0,0.4143818973645752,medium
164,1776326926.75,-6.8549873,109.4915951,46.82316,-42.75255083689986,4.774633539485961,-4.359546923454988,1.5119728331306088,6.977751,0.025000572204589844,32.35799377920009,normal,1,5,0.0,0.0,0.06503797533805229,38609.72987100661,994.2256209146121,38.83397190735702,0.1,0.0,0.025000572204589844,6471.450636089742,73.9244459879573,5.462206687670626,0.3249370277078086,0.7223624696792754,-0.11328540390722573,135.69102115062168,705.4866088806516,153.04799088333868,0.19233677755213066,2ba192ad-a007-47e8-843d-e4f356c01155,Non-Event,Normal,condition_like,0.92,R6,amplitudo rendah + tidak ada struktur event → Non-Event,False,1.0,0.3746333604639801,medium
165,1776326931.542,-6.8553305,109.4920588,127.000755,-73.39613622352253,12.95047289339377,-7.484323007706254,5.204167607878325,5.442451,0.07500171661376953,45.47690486690804,candidate,3,4,0.27699995040893555,0.009999990463256836,0.15541159615254366,53346.70560478954,1397.356829397544,38.176866813333966,0.5539999008178711,0.60748341112497,0.07500171661376953,9095.172801396713,121.2304207876283,11.503649515716116,0.3383838383838384,5.322305238106143,-0.5440770862996113,239.0753967284961,912.3011610747358,245.98027159431234,0.26205753830763073,2ba192ad-a007-47e8-843d-e4f356c01155,Speed Bump,Speed Bump,event,0.9,R3,multi-peak terstruktur + durasi lebih panjang + shape relatif simetris,False,1.0,0.7826864530355397,high
166,1776326938.1376667,-6.8553305,109.4920588,85.87804,50.303736391646034,8.757122972676704,5.129553557192929,1.7743993705876226,5.442451000000001,0.06999826431274414,38.563269510467066,candidate,2,2,0.31400012969970703,0.0,0.20994967866313696,61288.33897028873,1832.8927127259014,33.43803950516115,0.31400012969970703,0.7850956875445856,0.06999826431274414,9658.15459396082,86.30656890660731,4.866555125427236,0.32338308457711445,0.47288790024583216,0.7473497259643014,264.4311593092182,1297.6172356476186,270.8443177690647,0.2037820952443368,2ba192ad-a007-47e8-843d-e4f356c01155,Non-Event,Non-Event,condition_like,0.4646666666666666,ML_Ensemble(RF)_LOW_CONF,"ML ragu-ragu (Conf: 46%), pakai tebakan terbaik ML",True,1.0,0.4560563356570735,medium
167,1776326940.412,-6.8556754,109.4925166,107.4489,-37.4186855426416,10.956738539664412,-3.8156440316154447,10.657326099793876,4.334681,0.10499739646911621,30.10890087185363,high_conf,2,4,0.5870001316070557,0.0,0.28085087423468574,32698.767944195897,937.4770097503006,34.87954111858781,0.5870001316070557,0.7028146777997025,0.10499739646911621,6021.9294913174945,65.79808990343363,6.3423687794204024,0.35516372795969775,1.0005477395245164,0.07694924625261886,128.60459320882333,659.4203646659128,149.4520518755644,0.1950267233238278,2ba192ad-a007-47e8-843d-e4f356c01155,Non-Event,Non-Event,condition_like,0.6936418219461697,ML_Ensemble(RF),Dipelajari dari data (Confidence: 69%),True,1.0,0.48128276758057376,medium
168,1776326943.9845,-6.8556754,109.4925166,73.80753,36.175303515737205,7.526273498085483,3.6888543504394677,2.722334287350657,4.334681,0.18000411987304688,40.867154435957445,normal,2,5,0.434999942779541,0.0,0.19462924852544694,29774.691847321024,598.404123145174,49.75682928297738,0.434999942779541,0.990552136348556,0.18000411987304688,8173.243816486462,64.36460665460277,14.584322898289802,0.37343358395989973,2.128151601562365,0.8488104994907726,103.99478041293597,375.46238608190197,118.94695665033612,0.27697789177015736,2ba192ad-a007-47e8-843d-e4f356c01155,Non-Event,Non-Event,condition_like,0.7168961038961039,ML_Ensemble(RF),Dipelajari dari data (Confidence: 72%),True,1.0,0.3662416767750525,medium
169,1776326949.665,-6.8556938,109.4925475,81.54037,-32.61369255690537,8.314803730121907,-3.325671106535399,1.9113053258179369,3.1011837,0.0950021743774414,32.288655219352655,normal,2,5,0.14700007438659668,0.0,0.18187557071731064,27055.155826208942,887.3291873775001,30.49055094838011,0.14700007438659668,0.8909355709913623,0.0950021743774414,6457.583241519727,60.543882360842495,13.20724797334551,0.32997481108312343,0.7175780414601203,-0.1065132396732821,98.16441070640442,704.8271808435386,84.33759582755707,0.13927443951529597,2ba192ad-a007-47e8-843d-e4f356c01155,Non-Event,Non-Event,condition_like,0.6949275362318841,ML_Ensemble(RF),Dipelajari dari data (Confidence: 69%),True,1.0,0.3001457401937586,medium
170,1776326962.378,-6.8558212,109.492751,65.06723,-37.12220598121602,6.635010936456384,-3.78541153005522,2.126208925639423,1.8755356,0.10000228881835938,42.29469322099407,normal,2,5,0.8209998607635498,0.0,0.12193165210819779,30822.98271416605,601.2285547590841,51.26666459687754,0.8209998607635498,0.8994829363546687,0.10000228881835938,8458.745038889392,67.61079961667177,145.19378431484364,0.40601503759398494,1.1154957167150217,-0.04411580073316325,149.66237354028388,299.1993899638148,152.36679125498557,0.5002094859156451,2ba192ad-a007-47e8-843d-e4f356c01155,Non-Event,Non-Event,condition_like,0.6151569734613213,ML_Ensemble(RF)_LOW_CONF,"ML ragu-ragu (Conf: 62%), pakai tebakan terbaik ML",True,1.0,0.3490608402209942,medium
171,1776326967.4160001,-6.8558212,109.492751,88.92229,44.290557055043,9.067550080812511,4.5163799110851315,3.694029482655256,1.8755356,0.09000205993652344,37.25294543344204,normal,1,3,0.0,0.0,0.22620464002041982,33587.06912319636,1180.8451164690164,28.44324681223711,0.1,0.0,0.09000205993652344,7450.4185601405525,59.163561403288114,83.89509893306753,0.3425692695214106,0.7803446851464972,-0.17027047151982608,148.2364524685006,837.0000165024422,195.60864749807325,0.1771044795325444,2ba192ad-a007-47e8-843d-e4f356c01155,Non-Event,Normal,condition_like,0.92,R6,amplitudo rendah + tidak ada struktur event → Non-Event,False,1.0,0.4663586625814096,medium
172,1776326973.737,-6.8562458,109.4937891,37.21618,-33.82678694362838,3.794994213110492,-3.449372307936796,0.3591162287912508,5.681738,0.009999752044677734,36.526144034863826,normal,1,3,0.0,0.0,0.1524966324231026,41844.75665889274,785.5598115774108,53.267435514045296,0.1,0.0,0.009999752044677734,7305.409948500571,62.51240956145011,147.4135298461177,0.3602015113350126,0.19374485384412443,-0.12524252588850374,155.77506137039614,453.6681248112607,176.11662539575397,0.34336787732626195,2ba192ad-a007-47e8-843d-e4f356c01155,Non-Event,Non-Event,condition_like,0.6832608695652174,ML_Ensemble(RF),Dipelajari dari data (Confidence: 68%),True,1.0,0.2531640300773708,low
173,1776326976.509,-6.8562458,109.4937891,63.164265,-38.58616626379132,6.4409625101334305,-3.934693933584998,2.626932667163835,5.681738,0.08499789237976074,40.57568754988678,normal,2,3,0.4660000801086426,0.0,0.10620446891599937,38200.03858841262,1081.4557852639182,35.32279273328544,0.4660000801086426,0.9082646845548252,0.08499789237976074,8115.338734120467,70.33361640302468,115.60559179026605,0.3793969849246231,1.2190305158744392,-0.32497935421499125,277.90949105027164,490.2935310169447,313.252763196702,0.5668226743824697,2ba192ad-a007-47e8-843d-e4f356c01155,Pothole,Pothole,event,0.44753623188405794,ML_Ensemble(RF)_LOW_CONF,"ML ragu-ragu (Conf: 45%), pakai tebakan terbaik ML",True,1.0,0.3780617181899264,medium
174,1776326983.344857,-6.8563751,109.4942614,95.10081,36.302550181326225,9.697583782433348,3.701829899234318,4.594054064579563,5.640462,0.04000091552734375,30.561835870981476,candidate,2,6,0.27900004386901855,0.0,0.8160357133387828,40521.163021549335,861.7547112017403,47.02169010253485,0.27900004386901855,0.8561975982733983,0.04000091552734375,6486.647483081595,66.67812311626258,30.979780746419426,0.3383838383838384,0.49720999119911324,0.1196876274867926,148.16434812814254,564.6274241208384,148.96293895275932,0.26241082444132646,2ba192ad-a007-47e8-843d-e4f356c01155,Non-Event,Maneuver,condition_like,0.88,R5,gyro dominan + asimetri tinggi → maneuver (Non-Event),False,1.0,0.41929989508162485,medium
175,1776327037.658,-6.85949,109.496085,89.42089,-31.7662869460272,9.11839313119159,-3.2392597824973057,1.7190112266645499,11.880818,0.27999305725097656,35.35827397412038,normal,3,3,0.20200002193450928,0.04400002956390381,0.2464670054125002,19204.879323375142,738.4917061195785,26.005545002369864,0.40400004386901855,0.9382469428774517,0.27999305725097656,7071.830144616327,58.99046108871432,73.94174259578517,0.4090909090909091,3.824795024608206,-0.05914222294819302,183.36824383141294,454.69702774888685,100.42643453927866,0.4032756588182606,2ba192ad-a007-47e8-843d-e4f356c01155,Non-Event,Non-Event,condition_like,0.8715942028985506,ML_Ensemble(RF),Dipelajari dari data (Confidence: 87%),False,1.0,0.2998332339407324,low
176,1776327168.838,-6.8726158,109.4914013,47.653603,-35.02100339139516,4.859315158591364,-3.571148495296066,1.398668559403013,11.572892,0.0,18.794423691399995,normal,0,1,0.0,0.0,0.42849905462668136,12388.562283382187,56.14812032915443,220.640726530409,0.0,0.0,0.0,1879.4441615176254,38.46806854731216,0.1174703958207748,0.1810344827586207,1.4347730808631995,-0.7906679323640808,8.177158976771125,31.122726054689497,16.848235297693797,0.26273915400800363,635ce134-fb1a-4d66-97a1-2eba272d836a,Non-Event,Normal,condition_like,0.92,R6,amplitudo rendah + tidak ada struktur event → Non-Event,False,1.0,0.29802564989007974,low
177,1776327547.444,-6.8993811,109.4768036,81.43148,34.833569356096255,8.303700040278791,3.552035542830249,1.6624468760309303,16.581879,0.0800018310546875,49.0834317184727,normal,2,6,0.7679998874664307,0.0,0.12426173292760188,36851.734555463656,894.31180422535,41.20680767059505,0.7679998874664307,0.8865470351999024,0.0800018310546875,9816.461662717764,63.37703524831095,36.853991225238644,0.640506329113924,0.08792140348153188,0.3877366796354425,181.6110685194892,663.7543543711135,48.9463813347472,0.27361186717629615,635ce134-fb1a-4d66-97a1-2eba272d836a,Non-Event,Non-Event,condition_like,0.6113333333333333,ML_Ensemble(RF)_LOW_CONF,"ML ragu-ragu (Conf: 61%), pakai tebakan terbaik ML",True,1.0,0.31109823205152165,medium
178,1776327632.858,-6.9010144,109.4895721,43.55243,33.730334702943935,4.441111898558631,3.4395369165763983,1.848731854131369,15.341241,0.03500080108642578,38.98085377787036,normal,2,4,0.1770000457763672,0.0,0.010302149913497188,37738.00339892704,1083.375573875955,34.83372181733743,0.1770000457763672,0.9605974568337007,0.03500080108642578,7795.992319470569,64.81083077841292,43.88564776774748,0.5238095238095238,0.4957204818094634,0.06536864330608018,170.44799258773628,840.7288043560477,72.19877693217093,0.20273837592081997,635ce134-fb1a-4d66-97a1-2eba272d836a,Non-Event,Non-Event,condition_like,0.63,ML_Ensemble(RF)_LOW_CONF,"ML ragu-ragu (Conf: 63%), pakai tebakan terbaik ML",True,1.0,0.3038077777110701,medium
179,1776327667.1315,-6.9008338,109.4941083,60.264587,34.00129394450349,6.145277643231889,3.467167069743846,5.3458114394176715,16.671747,0.14000320434570312,37.538024849086746,candidate,2,3,0.6150000095367432,0.0,0.5056677621108662,29541.70959226315,1058.4002183442303,27.9116623866223,0.6150000095367432,0.7708330362538399,0.14000320434570312,7507.433138309362,67.39625313262432,10.345398384334759,0.49622166246851385,1.81218600973295,-0.4885583308827746,188.11519352258495,796.8930351813797,73.39198964026565,0.23606078229019473,635ce134-fb1a-4d66-97a1-2eba272d836a,Non-Event,Non-Event,condition_like,0.5766666666666667,ML_Ensemble(RF)_LOW_CONF,"ML ragu-ragu (Conf: 58%), pakai tebakan terbaik ML",True,1.0,0.4307389912501296,medium
180,1776327688.058,-6.9007063,109.4969357,76.95347,37.431852362124545,7.847070100391061,3.8169866735454563,2.742478411890876,15.855841,0.13500308990478516,42.137110170057184,normal,1,6,0.0,0.0,0.01656717809094453,36572.17308744874,746.1183418174525,49.01658488832595,0.1,0.0,0.13500308990478516,8427.229150043464,70.78080396828904,66.3528896845891,0.6322418136020151,0.7017605188246221,-0.16741808839869163,158.4732195327136,536.7467300085539,50.89839227618491,0.2952476659428189,635ce134-fb1a-4d66-97a1-2eba272d836a,Non-Event,Non-Event,condition_like,0.7983333333333333,ML_Ensemble(RF),Dipelajari dari data (Confidence: 80%),True,1.0,0.37506997942497916,medium
181,1776327716.331,-6.9006001,109.5016856,69.76318,-29.797730843227097,7.1138645714897555,-3.0385229250791146,1.2908205092232035,17.34123,0.05000114440917969,36.78003243786775,normal,3,4,0.2109999656677246,0.00800013542175293,0.03708457439146444,34969.388420569216,570.9313931661621,61.24972068078609,0.4219999313354492,0.9775233731293166,0.05000114440917969,7355.838125800042,52.16549406835695,102.45033329120515,0.6934673366834171,-0.5965088377829306,-0.08159469420615023,162.46974043958696,353.76437919133684,54.69727353523843,0.45925974896543753,635ce134-fb1a-4d66-97a1-2eba272d836a,Non-Event,Non-Event,condition_like,0.9123246753246752,ML_Ensemble(RF),Dipelajari dari data (Confidence: 91%),False,1.0,0.25024449939524895,low
182,1776327779.637,-6.9003309,109.5092548,42.90109,29.465381024116105,4.374693702742527,3.0046326751863384,1.7953706926164996,16.1645,0.009999752044677734,43.88678564765611,normal,1,5,0.0,0.0,0.017881632032893433,50056.03331534919,698.9058867462826,71.62056321597419,0.1,0.0,0.009999752044677734,8777.574774169407,53.44031227707311,290.34730730276584,0.7192982456140351,-0.8607016153235629,0.03790013963802231,206.6088732522173,422.46063272237024,69.8363807716949,0.48906065266188825,635ce134-fb1a-4d66-97a1-2eba272d836a,Non-Event,Non-Event,condition_like,0.6583333333333333,ML_Ensemble(RF),Dipelajari dari data (Confidence: 66%),True,1.0,0.2610126119240046,low
183,1776327802.636,-6.9004586,109.513577,44.497204,30.162892423613087,4.5374520350986325,3.0757590434667383,1.3599205784960389,13.091223,0.010000228881835938,26.11893201249463,normal,1,2,0.0,0.0,0.11900622289799222,27046.1024138859,216.11691426251772,125.14569894278259,0.1,0.0,0.010000228881835938,5223.6668422532075,53.67680931523529,142.97705493697097,0.3904282115869018,0.32998197857930034,0.4088285786459949,61.21429630565868,110.43422675746261,44.46839119939645,0.5543054680483526,635ce134-fb1a-4d66-97a1-2eba272d836a,Non-Event,Non-Event,condition_like,0.8323246753246752,ML_Ensemble(RF),Dipelajari dari data (Confidence: 83%),False,1.0,0.25289901702801215,low
184,1776327895.1905,-6.9003327,109.5175285,106.589195,-38.84407786810665,10.869073026976594,-3.9609935980285473,6.053763401363444,17.138735,0.04000091552734375,53.369105619088096,candidate,2,6,0.4609999656677246,0.0,0.0481963462853359,43820.62127099068,1211.4253917734525,36.172777566323916,0.4609999656677246,0.9772149693450087,0.04000091552734375,10673.576825031647,73.01656639511398,7.425058231756326,0.3145780051150895,0.7544046122771806,-0.17536960205737476,205.51731295773266,803.8043516501045,202.10372716561525,0.25568076644540666,7b68bd61-6146-4cdb-8ad6-424ae6e78950,Pothole,Pothole,event,0.3966666666666667,ML_Ensemble(RF)_LOW_CONF,"ML ragu-ragu (Conf: 40%), pakai tebakan terbaik ML",True,1.0,0.48948949248712004,medium
185,1776327906.8505,-6.8982702,109.522018,82.64857,-91.28053621229313,8.427808680844123,-9.30802427049942,4.67357506445815,7.9533443,0.20499491691589355,139.70367282882674,high_conf,2,4,0.29600000381469727,0.0,0.27118262090736883,54107.613078593284,1385.3591374527782,39.05674101159265,0.29600000381469727,0.39931896916293563,0.20499491691589355,27941.42738832861,139.70367282882674,15.665579512185099,0.3526448362720403,15.424244731207633,-1.263448941220719,170.07422233846648,1107.0513181953095,108.2335969190024,0.15362812851538768,7b68bd61-6146-4cdb-8ad6-424ae6e78950,Speed Bump,Speed Bump,event,0.9,R3,multi-peak terstruktur + durasi lebih panjang + shape relatif simetris,False,1.0,0.8211604542506303,high
186,1776327915.317,-6.8976299,109.5219521,75.57105,30.17282270788386,7.706102491676567,3.076771650653777,0.7646069259756937,7.2139273,0.0,27.61803850665417,normal,0,3,0.0,0.0,0.2896534697986211,25113.982881464613,317.2987112588045,79.14933755224449,0.0,0.0,0.0,5523.744665519699,57.58698485870786,83.11963400865938,0.369620253164557,0.5935582050004529,0.3072673607922996,81.14943841335887,170.11593484115292,66.03333800429273,0.4770243188100425,7b68bd61-6146-4cdb-8ad6-424ae6e78950,Non-Event,Non-Event,condition_like,0.6823246753246752,ML_Ensemble(RF),Dipelajari dari data (Confidence: 68%),True,1.0,0.23239634609136306,low
187,1776327951.655,-6.8963452,109.5218313,77.97767,51.72504636438612,7.951509434924262,5.274486839479957,4.937374923727057,7.8502927,0.13500308990478516,52.090584227605746,candidate,2,4,0.9219999313354492,0.0,0.030149186961615965,24521.22506704377,636.0596913953308,38.551767012148716,0.9219999313354492,0.4662804473864053,0.13500308990478516,10417.878399207691,89.11412547602336,27.080311018979348,0.3533834586466165,6.923720235865936,0.8427321156527814,144.3296881996176,342.5527390990735,149.17726409663968,0.4213356698237895,7b68bd61-6146-4cdb-8ad6-424ae6e78950,Pothole,Pothole,event,0.4741428571428572,ML_Ensemble(RF)_LOW_CONF,"ML ragu-ragu (Conf: 47%), pakai tebakan terbaik ML",True,1.0,0.5794082114202903,medium
188,1776327953.559,-6.8955923,109.5218136,98.109344,-93.70004247899995,10.004368872142882,-9.554745247255683,4.732565288057318,5.849049,0.3050069808959961,23.506652276298453,high_conf,4,5,0.5539999802907308,0.32349756424472265,0.2740366243660704,43739.83048889818,1397.614227916301,31.29606838849494,1.6619999408721924,0.5193023110294962,0.3050069808959961,24748.405970263706,135.3170362566263,7.455779581871044,0.3558897243107769,20.492728364786903,-2.367152036153632,158.62877167128335,1117.4534335659162,121.5320226791016,0.1419555990115185,7b68bd61-6146-4cdb-8ad6-424ae6e78950,Speed Bump,Speed Bump,event,0.9,R3,multi-peak terstruktur + durasi lebih panjang + shape relatif simetris,False,1.0,0.830627699835777,high
189,1776327970.682,-6.895093,109.5217288,98.66803,-34.333383772013,10.061338989359262,-3.5010308078714956,3.0225076092917056,7.580147,0.20999479293823242,38.857052269641486,normal,2,3,0.24699997901916504,0.0,0.07106793911556197,36381.696100769754,895.9054899302472,40.608854917267536,0.24699997901916504,0.8840729633473453,0.20999479293823242,7771.603154964778,66.60499731331369,23.25466328925557,0.33249370277078083,1.298296096238433,0.029993986299320596,150.96528827924752,616.277367504503,128.66283414649672,0.24496321947630378,7b68bd61-6146-4cdb-8ad6-424ae6e78950,Non-Event,Non-Event,condition_like,0.7623084886128365,ML_Ensemble(RF),Dipelajari dari data (Confidence: 76%),True,1.0,0.36159263582185885,medium
190,1776327973.982,-6.8943442,109.5216533,89.788086,-60.417994377522646,9.155836702645654,-6.160920842236916,3.1562308555112457,6.016777,0.06999826431274414,60.8033773408108,candidate,2,3,0.3119997978210449,0.0,0.28436107537650424,35637.323921366515,666.9654071013945,53.43204233456857,0.3119997978210449,0.40020875805990463,0.06999826431274414,12160.97700605942,109.23770667404321,120.80315532642292,0.3249370277078086,5.144402103697242,-0.5003278054435994,188.6372223632174,295.88714122342174,182.44104351475534,0.6375309888280956,7b68bd61-6146-4cdb-8ad6-424ae6e78950,Speed Bump,Speed Bump,event,0.9,R3,multi-peak terstruktur + durasi lebih panjang + shape relatif simetris,False,1.0,0.5949404408084864,medium
191,1776327982.33,-6.8943442,109.5216533,84.25558,45.32647935736306,8.591678095985888,4.62201458779125,3.0188087505647423,6.016777,0.1450033187866211,34.94621028986661,normal,2,2,0.17100000381469727,0.0,0.35836994376891596,39281.17292892351,878.5503270521519,44.71135195636934,0.17100000381469727,0.8417999268489716,0.1450033187866211,6989.082090579282,80.10610576544985,102.77268004072198,0.35678391959798994,0.8830843213295445,0.2534779260028528,207.9687076629208,475.28567467095894,195.29594471827224,0.4375656963979236,7b68bd61-6146-4cdb-8ad6-424ae6e78950,Non-Event,Non-Event,condition_like,0.5123809523809524,ML_Ensemble(RF)_LOW_CONF,"ML ragu-ragu (Conf: 51%), pakai tebakan terbaik ML",True,1.0,0.4574835201623672,medium
192,1776327990.835,-6.8936293,109.52161,65.82889,33.109748526164005,6.712678641534062,3.37625473797515,1.9889620055524566,7.935999,0.06499838829040527,35.12655947948049,normal,2,3,0.556999921798706,0.0,0.17690410923788777,28877.799947322514,446.3642674115354,64.69559055452437,0.556999921798706,0.7327412630871256,0.06499838829040527,7025.486096563012,56.46275803337427,165.98326839340118,0.34005037783375314,0.28766680908653663,0.1135443398538504,93.4370450588736,225.30962348351719,127.61759886914463,0.4147050765055494,7b68bd61-6146-4cdb-8ad6-424ae6e78950,Non-Event,Non-Event,condition_like,0.9131818181818181,ML_Ensemble(RF),Dipelajari dari data (Confidence: 91%),False,1.0,0.3050365390579592,medium
193,1776328126.361,-6.8830577,109.5176164,36.23916,-32.77777884490468,3.6953658996701217,-3.3424032513554254,1.3738642346725893,9.927559,0.024999380111694336,31.159048334543147,normal,1,4,0.0,0.0,0.005849559934479402,42824.514823591075,391.2710055981517,109.44975247699166,0.1,0.0,0.024999380111694336,6231.964191777582,53.83823474336039,290.26710014682925,0.4156171284634761,-0.6439826300463407,-0.7120792083516717,71.09783712329434,245.47687349944465,74.6962949754127,0.28963150711557223,7b68bd61-6146-4cdb-8ad6-424ae6e78950,Non-Event,Non-Event,condition_like,0.7537370600414078,ML_Ensemble(RF),Dipelajari dari data (Confidence: 75%),True,1.0,0.2784867206194517,low
194,1776328451.975,-6.8687983,109.4981617,30.383598,-30.72330384688233,3.0982647489203754,-3.132905104891307,2.0907227315347794,12.529883,0.07000160217285156,31.023195919437185,normal,3,3,0.3945000171661377,0.16049981117248535,0.29010179217940574,22225.76035293695,561.4505233992064,39.58632040947893,0.7890000343322754,0.7089321694322204,0.07000160217285156,6204.497174217007,57.34922206569857,65.84457770399511,0.44360902255639095,0.8329743675319312,-0.17024412630841745,110.54283850588263,373.31559060872905,77.59209428459474,0.296110960781253,7b68bd61-6146-4cdb-8ad6-424ae6e78950,Non-Event,Non-Event,condition_like,0.886918878223226,ML_Ensemble(RF),Dipelajari dari data (Confidence: 89%),False,1.0,0.2869023373210075,low
195,1776328457.023,-6.8696217,109.4975117,43.2534,32.221357405603094,4.410619324641952,3.2856640550649914,1.3197288536618044,10.601733,0.025000572204589844,31.73706624093135,normal,1,6,0.0,0.0,0.03803637965952301,17352.74167315929,531.3464183808749,32.658057041917615,0.1,0.0,0.025000572204589844,6347.267970751637,60.330310858362154,15.729166771485394,0.39746835443037976,1.7442512568839215,0.3033109346689986,98.02124327572048,356.5680761705769,76.75709893457751,0.2749019038763489,7b68bd61-6146-4cdb-8ad6-424ae6e78950,Non-Event,Non-Event,condition_like,0.878991341991342,ML_Ensemble(RF),Dipelajari dari data (Confidence: 88%),False,1.0,0.2715757696599203,low
196,1776328949.368,-6.8998899,109.4782572,86.40394,34.68739240153947,8.810749848317215,3.537129641777719,2.4547831292320916,19.552603,0.05000114440917969,39.42430712970274,normal,2,3,0.5019998550415039,0.0,0.053734048863025026,37201.95166586012,929.5766833303081,40.020314937934785,0.5019998550415039,0.8891788773871854,0.05000114440917969,7884.680959915159,62.21983632480382,53.45248630563459,0.581453634085213,0.003132737078702874,0.28481109926578374,117.44267484228595,731.7861554140821,80.34785307393999,0.1604876968673221,606f1311-3f3f-40aa-9c26-05d27f54675c,Non-Event,Non-Event,condition_like,0.6736666666666667,ML_Ensemble(RF),Dipelajari dari data (Confidence: 67%),True,1.0,0.3339178578984196,medium
197,1776329018.83,-6.9010308,109.4892958,45.648716,39.992751901949866,4.654873580682496,4.078125751602216,1.262439041072879,16.379683,0.12000274658203125,49.234859524968684,normal,2,3,0.6419999599456787,0.0,0.2417711595775082,37746.24415654845,820.0226220078489,46.030735125446846,0.6419999599456787,0.7015796950401035,0.12000274658203125,9846.746530851338,71.72232837673442,124.49706455427012,0.6212121212121212,0.6343107684144771,0.5296054786198181,152.53964339870151,598.6755499511302,68.80742865801713,0.2547951777158064,606f1311-3f3f-40aa-9c26-05d27f54675c,Non-Event,Non-Event,condition_like,0.4733333333333334,ML_Ensemble(RF)_LOW_CONF,"ML ragu-ragu (Conf: 47%), pakai tebakan terbaik ML",True,1.0,0.3481128250069478,medium
198,1776329052.636,-6.9008414,109.4937002,59.410366,34.36893466284349,6.0581713429152675,3.504655989848062,0.9596173539281165,19.301962,0.12999677658081055,42.446988454220545,normal,2,6,0.6480000019073486,0.0,0.031684008659733996,29994.80343288873,1003.672682145118,29.885045131343755,0.6480000019073486,0.7688453840956619,0.12999677658081055,8489.608195197703,62.68615537120856,13.818896052781499,0.42606516290726815,1.2361124123239762,0.37471042132754256,110.87069035371371,814.8955847630657,77.90640702833839,0.13605508765873942,606f1311-3f3f-40aa-9c26-05d27f54675c,Non-Event,Non-Event,condition_like,0.7236666666666668,ML_Ensemble(RF),Dipelajari dari data (Confidence: 72%),True,1.0,0.28715604246082355,low
199,1776329060.005,-6.9007633,109.4954317,73.52666,33.98896844368461,7.497632728811573,3.4659102184420383,3.224990555639661,18.184622,0.10999727249145508,43.72692238795733,normal,1,4,0.0,0.0,0.08382747930621978,19033.438922900765,542.2113574687771,35.103357068453576,0.1,0.0,0.10999727249145508,8745.60132943107,62.380761560188276,76.79957414688084,0.47959183673469385,1.926488994963396,0.0225611579089103,70.0793163312575,417.88629811604466,54.24574302147496,0.1676994830399952,606f1311-3f3f-40aa-9c26-05d27f54675c,Non-Event,Non-Event,condition_like,0.7456580086580087,ML_Ensemble(RF),Dipelajari dari data (Confidence: 75%),True,1.0,0.35768140028463125,medium
200,1776329120.488,-6.900555,109.5058867,56.41738,34.85832562342711,5.752971707973671,3.5545599795472578,1.846304329938594,19.225904,0.03999900817871094,40.39399994242685,normal,1,3,0.0,0.0,0.17961285092901358,26397.7937521585,675.3280065770889,39.088847872409886,0.1,0.0,0.03999900817871094,8079.000311597954,65.72971784973234,21.707659487664483,0.4396984924623116,0.8741002927946706,0.06662176576507814,79.87197136126053,532.6413758848603,62.814659330968055,0.14995450002098928,606f1311-3f3f-40aa-9c26-05d27f54675c,Non-Event,Non-Event,condition_like,0.8436666666666668,ML_Ensemble(RF),Dipelajari dari data (Confidence: 84%),False,1.0,0.31445380143727636,medium
201,1776329223.7765,-6.9001204,109.5225412,46.910576,-32.82968124543761,4.783547490733329,-3.3476958232870158,0.9495536958224111,17.911886,0.024999380111694336,35.908437762765054,normal,2,5,0.6919999122619629,0.0,0.09950525130352955,35091.53362699585,735.3547307398214,47.72055188109093,0.6919999122619629,0.9610228947874394,0.024999380111694336,7290.150307491181,55.537421781178686,86.26315180925602,0.5538847117794486,-0.1411000093648882,0.059892305666068915,125.40053191912207,524.1374770293972,85.81672179130217,0.23925122162717918,606f1311-3f3f-40aa-9c26-05d27f54675c,Non-Event,Non-Event,condition_like,0.9332608695652173,ML_Ensemble(RF),Dipelajari dari data (Confidence: 93%),False,1.0,0.26481936746495555,low
202,1776329227.414,-6.8998175,109.5240863,88.57984,-37.094392727041146,9.032629899099081,-3.7825753674334406,3.3154277057701016,17.113186,0.18000411987304688,35.114265183749424,normal,2,2,0.7430000305175781,0.0,0.0008359962374227728,32653.010696293604,817.222651699724,39.95607633785386,0.7430000305175781,0.6670493700657993,0.18000411987304688,7022.6923000791985,59.51883713602419,52.475961341111166,0.5580808080808081,0.42221358358434236,-0.556038383400862,173.6432667548222,588.8957898885906,54.683595056311106,0.2948624687787464,606f1311-3f3f-40aa-9c26-05d27f54675c,Non-Event,Non-Event,condition_like,0.8165942028985507,ML_Ensemble(RF),Dipelajari dari data (Confidence: 82%),False,1.0,0.39444634891849156,medium
203,1776329262.7215,-6.8984134,109.5277102,110.188484,35.120578719021395,11.236098361825904,3.5813023528953716,5.567802102639336,10.68974,0.17499566078186035,45.76699555845039,candidate,2,3,0.4330000877380371,0.0,0.045725945058576946,20654.511537146722,1165.8220566266295,17.71669304249998,0.4330000877380371,0.9371797566635034,0.17499566078186035,9153.626080720553,55.29052540267661,5.071949715111088,0.3592964824120603,4.0339843165704385,1.114279867734884,312.18813454143935,571.342805693518,282.2911163916724,0.546411245374976,606f1311-3f3f-40aa-9c26-05d27f54675c,Non-Event,Non-Event,condition_like,0.4516666666666667,ML_Ensemble(RF)_LOW_CONF,"ML ragu-ragu (Conf: 45%), pakai tebakan terbaik ML",True,1.0,0.4510352897405342,medium
204,1776329411.098,-6.8855867,109.5239067,87.322136,45.89964403506993,8.904379783106362,4.680461119247647,2.920871853560808,11.8597145,0.22499442100524902,36.767053300016634,normal,3,4,0.30900001525878906,0.14499998092651367,0.46121368023220305,29836.711708673618,788.0624763731122,37.860845510789716,0.6180000305175781,0.78650779486072,0.22499442100524902,7353.592996255446,83.40188117332039,111.58815785695303,0.4607594936708861,3.169252533267267,0.2736942152467478,156.57734029486772,519.5353582620735,111.94977781617087,0.30137956445787195,3a9b8fd6-92e7-4ce1-89d1-f0025de3bc91,Non-Event,Rough Road,condition_like,0.72,R7,struktur kontinu panjang + noisy/dense → Non-Event,True,1.0,0.4654784774263755,medium
205,1776329476.922,-6.8822098,109.52279,89.85075,-49.72075431091375,9.16222665232266,-5.0701059292330966,4.3940695951977435,3.3330586,0.1750040054321289,40.93007136497762,candidate,4,5,0.2563333511352539,0.032714309256828104,0.09561795026476134,34836.252071451665,623.0204970301477,55.915097788268845,0.7690000534057617,0.7322188589344837,0.1750040054321289,8185.826914286244,85.09138400909494,12.153731676364627,0.33164556962025316,3.5995147788268547,-0.7008489703227052,98.55710582686086,415.6951962810832,108.76819492220359,0.23708983522419405,3a9b8fd6-92e7-4ce1-89d1-f0025de3bc91,Non-Event,Non-Event,condition_like,0.5611180124223603,ML_Ensemble(RF)_LOW_CONF,"ML ragu-ragu (Conf: 56%), pakai tebakan terbaik ML",True,1.0,0.5459038205449798,medium
206,1776329486.823,-6.8812917,109.522345,59.323845,33.659968522780744,6.04934865626896,3.432361563100625,0.963632657658638,5.0288363,0.020000457763671875,35.0910963776324,normal,2,2,0.17400002479553223,0.0,0.20117871191942352,23668.768785524844,576.7148082789257,41.04068146805216,0.17400002479553223,0.987284537667887,0.020000457763671875,7018.058644911744,57.06492883620473,36.23590049760561,0.3148614609571788,0.5904819950150255,0.29314656229752595,99.93012510529266,366.6095369215859,110.175146252047,0.2725791742130471,3a9b8fd6-92e7-4ce1-89d1-f0025de3bc91,Non-Event,Non-Event,condition_like,0.6932294372294372,ML_Ensemble(RF),Dipelajari dari data (Confidence: 69%),True,1.0,0.27253366359995296,low
207,1776329511.632,-6.8793702,109.52173,65.37512,-30.095159793383374,6.666406978937761,-3.0688522373474507,1.3657846483912646,6.5170956,0.31000709533691406,34.280172094035116,normal,3,5,0.2875000238418579,0.03249990940093994,0.23158282356972393,17453.80431496028,587.8274983180888,29.692051384475246,0.5750000476837158,0.9119446614193025,0.31000709533691406,6855.877500224102,55.26294816781146,5.211354776640403,0.41457286432160806,3.062953157620176,-0.2160646336282283,137.1578752427136,382.3372724838224,68.33235059155285,0.35873529670006676,3a9b8fd6-92e7-4ce1-89d1-f0025de3bc91,Non-Event,Non-Event,condition_like,0.6592998306041784,ML_Ensemble(RF),Dipelajari dari data (Confidence: 66%),True,1.0,0.27497338845791464,low
208,1776329525.521,-6.87892,109.5215809,92.537445,33.08797836811196,9.436193297405334,3.3740347996626743,2.6879625446434794,4.329484,0.07000160217285156,32.770234906428186,normal,2,4,0.2480001449584961,0.0,0.5255608299331526,18454.869456264365,419.26393670269425,44.01730699135627,0.2480001449584961,0.80232025535509,0.07000160217285156,6553.896974488431,56.00812193107074,9.394171041287098,0.3383458646616541,2.299378121946094,0.43025810227051825,93.59146266502842,223.30584871126192,102.36662532640405,0.4191178277955714,3a9b8fd6-92e7-4ce1-89d1-f0025de3bc91,Non-Event,Non-Event,condition_like,0.5923722943722943,ML_Ensemble(RF)_LOW_CONF,"ML ragu-ragu (Conf: 59%), pakai tebakan terbaik ML",True,1.0,0.3285120036207206,medium
209,1776329620.732,-6.8728765,109.5223587,55.314827,42.52915724063286,5.640542590996926,4.336767116256098,2.493201658130718,7.925517,0.08500194549560547,30.069274399628913,normal,2,3,0.23599982261657715,0.0,0.1582706686287499,37979.5365995676,459.471493910682,82.65917912263643,0.23599982261657715,0.7315373838749891,0.08500194549560547,6013.717236861585,65.76358374306292,112.223616463163,0.36432160804020103,-0.14257201158177235,0.4486076035086455,126.03300861567244,197.8206249267896,135.61786036821997,0.6371075211455217,3a9b8fd6-92e7-4ce1-89d1-f0025de3bc91,Non-Event,Non-Event,condition_like,0.7521428571428572,ML_Ensemble(RF),Dipelajari dari data (Confidence: 75%),True,1.0,0.4097909083129099,medium
210,1776329626.39,-6.8728765,109.5223587,69.15642,47.65511733068027,7.051992270551105,4.859469577346013,0.46475303068538454,7.925517,0.03500080108642578,47.852024971921345,normal,1,3,0.0,0.0,0.1798550408389993,30416.885383604807,663.6528716992511,45.83252274625335,0.1,0.0,0.03500080108642578,9570.185950211215,70.30544345048435,6.913122668554675,0.3333333333333333,2.7284317875273327,1.4208703640100193,112.9775638888526,415.75807523527914,134.91723257511939,0.27173871139647604,3a9b8fd6-92e7-4ce1-89d1-f0025de3bc91,Non-Event,Non-Event,condition_like,0.6848484848484848,ML_Ensemble(RF),Dipelajari dari data (Confidence: 68%),True,1.0,0.38546908973213595,medium
211,1776329654.9675,-6.870971,109.5220766,84.49093,50.21073609735515,8.615677117058324,5.120070166402916,6.520023310401393,8.1265955,0.3050069808959961,45.340423695763505,candidate,2,3,0.36500000953674316,0.0,0.15869287750866506,40840.53011231954,1880.9461674154804,21.71275860952673,0.36500000953674316,0.8596311410907757,0.3050069808959961,9067.877191914728,91.0741025165328,10.887850284464621,0.3661616161616162,5.211755632501896,0.38854454140502664,546.0634788756184,702.4875614151521,632.3951271247097,0.7773283230784219,3a9b8fd6-92e7-4ce1-89d1-f0025de3bc91,Non-Event,Non-Event,condition_like,0.41600000000000004,ML_Ensemble(RF)_LOW_CONF,"ML ragu-ragu (Conf: 42%), pakai tebakan terbaik ML",True,1.0,0.613681838543462,high
212,1776329757.9666665,-6.8665306,109.5236055,93.31403,-44.15928509233109,9.51538292893088,-4.502993896216454,6.227273843320607,8.368104,0.025000572204589844,55.947197852417425,candidate,1,3,0.0,0.0,0.0034152934378105823,54778.93682455404,1232.3010088054266,44.452561824325144,0.1,0.0,0.025000572204589844,11189.183470397951,83.20232137394778,14.813939918376061,0.3308270676691729,0.47582409686127214,-0.08649755179839355,166.72220819282302,843.0616070259055,222.5171935866981,0.19775803643012055,3a9b8fd6-92e7-4ce1-89d1-f0025de3bc91,Non-Event,Normal,condition_like,0.92,R6,amplitudo rendah + tidak ada struktur event → Non-Event,False,1.0,0.5371444935748251,medium
213,1776329767.2796667,-6.8666887,109.5242986,74.172035,-45.28809801081971,7.563442663906635,-4.618100779656632,4.895682217031274,6.0147319999999995,0.04500102996826172,34.1891406535849,candidate,1,5,0.0,0.0,0.3463243041074482,44630.457025101336,1822.1652390338359,24.493089893577704,0.1,0.0,0.04500102996826172,7166.299356261356,81.56738995451417,20.69374479902343,0.3082706766917293,0.8413695700392605,-0.3065347831767801,270.1482532616767,1356.2780188565534,195.7389669156059,0.19918353708205702,3a9b8fd6-92e7-4ce1-89d1-f0025de3bc91,Non-Event,Normal,condition_like,0.92,R6,amplitudo rendah + tidak ada struktur event → Non-Event,False,1.0,0.5121935546510924,medium
214,1776329773.402,-6.8668141,109.5248324,52.593266,31.768833973278852,5.363020603366084,3.2395195069956464,3.0949764829982955,5.474096,0.07999801635742188,29.686621842793247,normal,2,3,0.3339998722076416,0.0,0.22287423548012464,16971.149191315446,545.183779390954,31.12922614672313,0.3339998722076416,0.7647731307871801,0.07999801635742188,5937.4715913268365,51.57655651666502,13.9999015353782,0.345088161209068,1.3788580485457427,0.4915121089627342,126.43509990597383,295.29559396798027,123.45308551700002,0.42816453093275414,3a9b8fd6-92e7-4ce1-89d1-f0025de3bc91,Non-Event,Non-Event,condition_like,0.7252294372294372,ML_Ensemble(RF),Dipelajari dari data (Confidence: 73%),True,1.0,0.3307224896230247,medium
215,1776329780.443,-6.8668141,109.5248324,68.446365,33.99220949151676,6.979586810990502,3.466240713344186,2.2759377265444902,5.474096,0.0800018310546875,30.581992894045612,normal,1,5,0.0,0.0,0.24124936414691647,25505.69573933333,588.6848373719477,43.32657149769859,0.1,0.0,0.0800018310546875,6116.258588759636,62.49646807376565,13.094219415935257,0.350253807106599,1.7522013786761228,0.3836282139679047,110.39322060852471,394.47643425523177,83.81518250819109,0.279847440157227,3a9b8fd6-92e7-4ce1-89d1-f0025de3bc91,Non-Event,Non-Event,condition_like,0.8236580086580086,ML_Ensemble(RF),Dipelajari dari data (Confidence: 82%),False,1.0,0.32382639241489464,medium
216,1776329842.838,-6.8696615,109.5306086,49.44474,30.615262724657835,5.041960302447829,3.1218879764912417,1.5736897225847126,9.950747,0.015000343322753906,26.119883730513216,normal,1,3,0.0,0.0,0.11848270603408892,32014.822072003037,451.9218071031015,70.84150730937766,0.1,0.0,0.015000343322753906,5223.857181500406,56.68359456148737,17.10891624887764,0.36180904522613067,-0.31369148900714316,0.14596530253224538,103.16842200987413,244.41927285976618,104.33411223346117,0.4220960989724005,3a9b8fd6-92e7-4ce1-89d1-f0025de3bc91,Non-Event,Non-Event,condition_like,0.8723246753246753,ML_Ensemble(RF),Dipelajari dari data (Confidence: 87%),False,1.0,0.2645512677195754,low
217,1776329858.067,-6.8702652,109.530927,55.96762,35.151479406324604,5.707108951578776,3.584453346078896,3.4275922024923355,6.3375797,0.0650014877319336,27.49689251383976,normal,2,2,0.2200000286102295,0.0,0.3398098008965776,32112.573576760682,596.6133803837766,53.82476253261238,0.2200000286102295,0.8172584985715093,0.0650014877319336,5499.252634864018,60.27740938610517,105.29690053583754,0.3844221105527638,0.33025418187273603,0.46394949202712094,157.14055177447833,324.40913024760295,115.06369836169539,0.48439003911558187,3a9b8fd6-92e7-4ce1-89d1-f0025de3bc91,Non-Event,Non-Event,condition_like,0.7555627705627707,ML_Ensemble(RF),Dipelajari dari data (Confidence: 76%),True,1.0,0.3717289861434068,medium
218,1776329883.638,-6.8718437,109.5321255,65.49969,-31.836427696915628,6.679109583802828,-3.2464121485844433,1.313157294105508,8.133464,0.12500286102294922,35.1501649637707,normal,2,2,0.5789999961853027,0.0,0.1631303547785097,30490.95918268797,461.9209494862266,66.00904148338068,0.5789999961853027,0.8225843340518597,0.12500286102294922,7029.872091751064,54.966917892852486,73.30847294579067,0.40609137055837563,0.5623618050511676,-0.4781633307897932,124.88988910090679,219.1858857347523,117.84517465056751,0.5697898298171097,3a9b8fd6-92e7-4ce1-89d1-f0025de3bc91,Non-Event,Non-Event,condition_like,0.8914426877470355,ML_Ensemble(RF),Dipelajari dari data (Confidence: 89%),False,1.0,0.27532421775283805,low
219,1776329902.197,-6.8723017,109.5335083,58.98538,36.39169197770701,6.014834831466403,3.710919832736665,2.435407301183161,7.4423685,0.044998884201049805,37.28891651305801,normal,1,2,0.0,0.0,0.27494468462665844,32448.834309662765,485.80776745943064,66.79356818966252,0.1,0.0,0.044998884201049805,7457.968226903117,61.18493419605224,12.732773583451573,0.3392405063291139,-0.22136375684910492,0.1143584068819236,118.11741302773498,252.56323319191543,115.12712123978021,0.4676746138671197,3a9b8fd6-92e7-4ce1-89d1-f0025de3bc91,Non-Event,Non-Event,condition_like,0.9089913419913419,ML_Ensemble(RF),Dipelajari dari data (Confidence: 91%),False,1.0,0.34853794463415066,medium
220,1776329916.55,-6.87252,109.5341517,73.0841,30.272122035579297,7.452504168090021,3.0868973640926614,2.039031691644652,4.362271,0.015000343322753906,30.574892246610595,normal,1,2,0.0,0.0,0.18896724466729994,32766.21054391373,589.0112094168094,55.62917982618186,0.1,0.0,0.015000343322753906,6114.838491776073,52.78179163233085,489.35201376542335,0.3787878787878788,-0.4231668698227766,0.04099553571408668,102.5388579371929,379.46291506640887,107.00943641320764,0.27022102449465135,3a9b8fd6-92e7-4ce1-89d1-f0025de3bc91,Non-Event,Non-Event,condition_like,0.8303246753246754,ML_Ensemble(RF),Dipelajari dari data (Confidence: 83%),False,1.0,0.2769135115723678,low
221,1776330093.552,-6.8901653,109.5311733,99.60846,45.68475656009576,10.157236161176344,4.6585486950279416,6.310079270353841,7.4466925,0.0,33.89346987900646,candidate,0,3,0.0,0.0,0.02341317640026312,63618.72684666804,1820.4559017345914,34.94659043984718,0.0,0.0,0.0,6778.538827360115,63.205807913948036,100.26514715849645,0.3511450381679389,-0.4885863059378166,-0.060080733480511836,358.74026759243384,1040.981579065424,420.7340550767335,0.3446173058795983,44eda033-50cf-4664-89ef-2aa88372c53f,Non-Event,Normal,condition_like,0.92,R6,amplitudo rendah + tidak ada struktur event → Non-Event,False,1.0,0.5492693825525148,medium
222,1776330124.774,-6.8922409,109.5311397,62.9335,31.227620881073562,6.4174310289446455,3.184331130515881,2.442848562801479,10.874035,0.030000686645507812,35.02135272534788,normal,1,6,0.0,0.0,0.07623923457938767,32225.636414733846,366.66555266655314,87.88836609407805,0.1,0.0,0.030000686645507812,7004.110233708637,59.72036305017388,18.613403941675887,0.398989898989899,0.15636118061289705,0.0006119068246212648,73.74372371590759,235.5153343921023,57.40649455854324,0.31311644141191025,44eda033-50cf-4664-89ef-2aa88372c53f,Non-Event,Non-Event,condition_like,0.9523246753246752,ML_Ensemble(RF),Dipelajari dari data (Confidence: 95%),False,1.0,0.3002681386715583,medium
223,1776330131.704,-6.8922409,109.5311397,92.61537,32.695618866853856,9.444139435994963,3.3340252651877917,2.3707777911478756,10.874035,0.029999971389770508,33.677796240634,normal,2,4,0.3269999027252197,0.0,0.09565963620315385,40958.433888127394,1048.7134058232662,39.05588850265351,0.3269999027252197,0.8497748732680827,0.029999971389770508,6735.565671662788,61.55979159095325,16.372789109719587,0.3147208121827411,0.15207136118419484,0.10035378867905721,141.41697281824975,802.7469330419801,104.54949996303634,0.176166319447885,44eda033-50cf-4664-89ef-2aa88372c53f,Non-Event,Non-Event,condition_like,0.6916666666666665,ML_Ensemble(RF),Dipelajari dari data (Confidence: 69%),True,1.0,0.31133819809272995,medium
224,1776330134.249625,-6.8930405,109.531108,98.89801,-64.09507358228524,10.084790422825328,-6.535878570386956,6.023662852062066,7.9686937,0.0,59.96449755786478,candidate,0,4,0.0,0.0,0.007925556895088223,178424.68755134515,3889.6846308526096,45.87124778451862,0.0,0.0,0.0,11992.910948904107,119.00086607500282,77.43505659429881,0.28463476070528965,-0.2605063389073967,0.30620214610544416,298.6841935716186,3341.580873589194,249.4195636917964,0.0893840983598334,44eda033-50cf-4664-89ef-2aa88372c53f,Pothole,Pothole,event,0.48666666666666664,ML_Ensemble(RF)_LOW_CONF,"ML ragu-ragu (Conf: 49%), pakai tebakan terbaik ML",True,1.0,0.718229071334826,high
225,1776330217.839,-6.8983373,109.5329715,93.75653,-53.34266753877747,9.560505371355152,-5.4394382932782825,4.25717750720034,6.3594713,0.0950021743774414,36.381586199193514,candidate,3,4,0.49350011348724365,0.20550000667572021,0.03011693962602249,39147.26834279718,1216.878180110109,32.1702442779315,0.9870002269744873,0.868197714434127,0.0950021743774414,7276.150701965581,71.56202860182444,41.58081509097943,0.33753148614609574,1.0996069906686277,0.09689527105245209,181.0976068370596,893.9091347638066,141.87143850924267,0.2025906208938334,44eda033-50cf-4664-89ef-2aa88372c53f,Pothole,Pothole,event,0.36420289855072463,ML_Ensemble(RF)_LOW_CONF,"ML ragu-ragu (Conf: 36%), pakai tebakan terbaik ML",True,1.0,0.5685805263800315,medium
226,1776330222.801,-6.8983373,109.5329715,86.97915,-31.755836115466064,8.869404944603918,-3.238194094361078,3.7759096012790416,6.3594713,0.030000686645507812,24.640542286251044,normal,1,4,0.0,0.0,0.04264157504019056,19644.844349092215,628.311659783308,31.26608270265308,0.1,0.0,0.030000686645507812,4927.995664380694,52.170195991559666,22.137118505970747,0.356234096692112,1.0428580737434752,-0.25748352246889955,85.37612358448746,486.5751864855488,56.36034971327187,0.17546337293868508,44eda033-50cf-4664-89ef-2aa88372c53f,Non-Event,Non-Event,condition_like,0.6905855448898928,ML_Ensemble(RF),Dipelajari dari data (Confidence: 69%),True,1.0,0.34955117336687813,medium
227,1776330235.16,-6.9002631,109.5333778,77.5573,40.01643121998312,7.908643624479308,4.080540370053293,0.852778558320535,12.331162,0.17499566078186035,38.29795647692027,normal,3,3,0.2734999656677246,0.09350013732910156,0.4718107240525012,31857.76687127485,1135.5044463314757,28.056047641330768,0.5469999313354492,0.6373733523895674,0.17499566078186035,7659.781223736235,70.64263243676885,21.619417938685007,0.42025316455696204,2.468859811279957,0.3563539648740246,141.18609334605796,882.6366642083842,111.68168877703314,0.15995947020026063,44eda033-50cf-4664-89ef-2aa88372c53f,Non-Event,Rough Road,condition_like,0.72,R7,struktur kontinu panjang + noisy/dense → Non-Event,True,1.0,0.33879925980745373,medium
228,1776330239.833,-6.9002631,109.5333778,71.78413,34.9059004668038,7.31994411955153,3.559411263459367,2.1761568807260314,12.331162,0.03500080108642578,28.469302319133128,normal,2,3,0.2590000629425049,0.0,0.31245064508345083,34608.21814780817,507.689564940088,68.16807054863179,0.2590000629425049,0.8330780336365948,0.03500080108642578,5993.101918037534,59.9222721276862,70.95992488818536,0.40554156171284633,-0.005292499526130978,0.17824930620687704,103.22936953183432,324.8040438761001,79.65615153215364,0.31782045562644473,44eda033-50cf-4664-89ef-2aa88372c53f,Non-Event,Non-Event,condition_like,0.8503246753246753,ML_Ensemble(RF),Dipelajari dari data (Confidence: 85%),False,1.0,0.3255106364836927,medium
229,1776330244.6513336,-6.9011798,109.5335516,81.98544,-37.11081835470552,8.360188239612915,-3.7842503153172107,3.207615257111777,6.940078,0.03499913215637207,34.05657853912904,normal,2,2,0.46700000762939453,0.0,0.1766107122580569,47585.367152815015,1279.0350000067215,37.204116474811734,0.46700000762939453,0.8732426621554157,0.03499913215637207,6811.484602211773,68.2123332244973,103.69845509248397,0.36523929471032746,0.2745596128837171,-0.40719359505137165,148.83114010820174,995.8302260648454,134.37363383367432,0.1494543307315277,44eda033-50cf-4664-89ef-2aa88372c53f,Non-Event,Non-Event,condition_like,0.5715942028985507,ML_Ensemble(RF)_LOW_CONF,"ML ragu-ragu (Conf: 57%), pakai tebakan terbaik ML",True,1.0,0.38012797186066943,medium
230,1776330247.849,-6.9011798,109.5335516,44.465256,31.038559468638667,4.53419424574141,3.165052231765044,1.86153054559615,6.940078,0.0,27.845031255321018,normal,0,6,0.0,0.0,0.08361137111686635,42282.06270525692,548.4337985521436,77.09601913628384,0.0,0.0,0.0,5877.341846505669,55.754713720787095,74.08091845792734,0.44776119402985076,-0.45934579520664887,0.29471025724414224,95.44803600376005,368.5040905759013,84.4816719724823,0.2590148608542668,44eda033-50cf-4664-89ef-2aa88372c53f,Non-Event,Normal,condition_like,0.92,R6,amplitudo rendah + tidak ada struktur event → Non-Event,False,1.0,0.2769057190453923,low
231,1776330258.309,-6.9020223,109.5336823,48.853092,-30.124404881238515,4.981628996650232,-3.071834406371036,2.0705260938874326,8.845973,0.024999380111694336,47.69434332552913,normal,1,2,0.0,0.0,0.12099061435949596,31543.109654557316,860.3325897189575,36.66385534482375,0.1,0.0,0.024999380111694336,9539.105192296034,54.785350287983164,47.035040510282414,0.40601503759398494,0.14016227169622963,-0.20699751139337375,195.24213175686901,417.4457047217798,247.64475324030883,0.4677066480281257,44eda033-50cf-4664-89ef-2aa88372c53f,Non-Event,Non-Event,condition_like,0.7219275362318841,ML_Ensemble(RF),Dipelajari dari data (Confidence: 72%),True,1.0,0.27735758654468473,low
232,1776330451.248,-6.9000137,109.5269511,32.847363,-30.7638001599707,3.3494988604671323,-3.137034579593511,1.1352800998388022,12.723315,0.05000114440917969,27.910873307211027,normal,2,6,0.24499988555908203,0.0,0.0726790049375173,39463.875344043474,671.8182670319883,58.74189080872749,0.24499988555908203,0.8458215151302952,0.05000114440917969,5582.046898527963,57.16490390140688,30.28540056250183,0.389873417721519,-0.332683730384586,-0.03027186887854806,123.87702630178927,455.5844742535562,92.35676647664283,0.2719079183566238,44eda033-50cf-4664-89ef-2aa88372c53f,Non-Event,Non-Event,condition_like,0.8132608695652174,ML_Ensemble(RF),Dipelajari dari data (Confidence: 81%),False,1.0,0.2539258679887312,low
233,1776330736.535,-6.9187536,109.5175551,45.448944,30.791727990813648,4.634502505952593,3.1398824257838966,3.6936766591062433,14.5803,0.160003662109375,35.62218491349897,normal,4,4,0.17366671562194824,0.034179148737285954,0.35427707669834635,14086.62935909571,457.249686465399,30.8073023235509,0.5210001468658447,0.8052634497819963,0.160003662109375,7124.273921010318,54.944241013026094,33.82779776601243,0.40954773869346733,3.460399289285153,0.7944026119048102,105.9196578839798,285.66041528549704,65.66961329592222,0.3707887122103775,44eda033-50cf-4664-89ef-2aa88372c53f,Non-Event,Non-Event,condition_like,0.8665151515151515,ML_Ensemble(RF),Dipelajari dari data (Confidence: 87%),False,1.0,0.34771224828229524,medium
234,1776412493.239,-6.8857338,109.4371825,47.013035,-29.82053530141861,4.79399540107988,-3.0408483326537206,0.439640935522956,9.76136,0.014999985694885254,26.84615640748661,normal,1,4,0.0,0.0,0.0934510647176991,35991.392676066585,721.2764105547407,49.8995837095042,0.1,0.0,0.014999985694885254,5369.236402000178,54.84922647494372,170.00277785813378,0.40759493670886077,-0.26566618716985024,-0.18528547758803887,76.02542112340012,560.3180076450639,84.93298178627668,0.13568263013220194,c72307ef-f384-4659-aded-5319b398f560,Non-Event,Non-Event,condition_like,0.8969999999999999,ML_Ensemble(RF),Dipelajari dari data (Confidence: 90%),False,1.0,0.21945604671671645,low
235,1776412517.65,-6.8839389,109.4376352,90.62109,-42.318230511461664,9.2407794710732,-4.31525857570747,1.7781373153352078,10.232009,0.03499913215637207,37.70631416769062,normal,2,3,0.7119998931884766,0.0,0.27538761964416586,59475.14888103044,2010.4938304023885,29.582358300271174,0.7119998931884766,0.8713913345023717,0.03499913215637207,8816.156941390362,83.09796340021946,24.62879309825758,0.3241206030150754,0.8066354114543914,-0.5902958525687977,134.67799414780626,1771.5329729925736,104.28286326200877,0.07602341933510678,c72307ef-f384-4659-aded-5319b398f560,Non-Event,Non-Event,condition_like,0.4369275362318841,ML_Ensemble(RF)_LOW_CONF,"ML ragu-ragu (Conf: 44%), pakai tebakan terbaik ML",True,1.0,0.38026945056990713,medium
236,1776412519.3143332,-6.8830409,109.4373532,91.75428,-49.643971372500985,9.356332692611646,-5.062276248515139,1.2253838769697847,11.661129,0.08499789237976074,38.97365551954141,candidate,2,4,0.9880001544952393,0.0,0.09576463653564883,70523.57508046489,2568.3724062377573,27.458469372170153,0.9880001544952393,0.8528474751058741,0.08499789237976074,8816.156941390362,89.24092116345315,63.561096499168734,0.3132832080200501,0.8571692544924185,-0.30903915243741115,174.08902789359985,2247.286130741457,146.99724760270112,0.077466338369069,c72307ef-f384-4659-aded-5319b398f560,Speed Bump,Speed Bump,event,0.5008695652173913,ML_Ensemble(RF)_LOW_CONF,"ML ragu-ragu (Conf: 50%), pakai tebakan terbaik ML",True,1.0,0.43282583352717074,medium
237,1776412530.803,-6.8820589,109.4370739,49.990707,30.378053062493652,5.0976334426129215,3.0976993226528586,1.49126788049842,10.772656,0.014999628067016602,40.87729295782665,normal,1,3,0.0,0.0,0.0702729623318679,45560.22510388052,654.7901503825293,69.57988755280495,0.1,0.0,0.014999628067016602,8175.66131143885,52.92834065256411,49.26504360819555,0.40404040404040403,-0.5672395402696009,0.27848429017136817,110.95752675688564,453.13454100095737,90.69808262468635,0.24486662673500448,c72307ef-f384-4659-aded-5319b398f560,Non-Event,Normal,condition_like,0.92,R6,amplitudo rendah + tidak ada struktur event → Non-Event,False,1.0,0.25962684049373086,low
238,1776412548.913,-6.8814003,109.435865,63.39209,-33.45669813301935,6.4641941947556,-3.4116337518948217,1.5427383780043558,7.1789694,0.060001373291015625,31.349523692681252,normal,3,4,0.3580000400543213,0.18799996376037598,0.20668781197083758,36023.386153103864,702.7945299660958,51.257351282435785,0.7160000801086426,0.9782452594899731,0.060001373291015625,6269.7612350900135,59.48209172678145,10.890936959158008,0.3693467336683417,-0.0959324854018564,-0.4245487258632814,126.75793203647594,472.5201241312422,103.51647379837762,0.2682593296979023,c72307ef-f384-4659-aded-5319b398f560,Non-Event,Non-Event,condition_like,0.8556418219461698,ML_Ensemble(RF),Dipelajari dari data (Confidence: 86%),False,1.0,0.29297175326750535,low
239,1776412641.554,-6.8772433,109.4365778,59.443058,-32.11478483653748,6.061504999158735,-3.2747966774114996,1.345916723049762,6.794964,0.13500308990478516,53.947903550062485,normal,3,4,0.2580000162124634,0.03100001811981201,0.04057022785145287,32030.215618732007,881.374985810769,36.341189729734054,0.5160000324249268,0.9874686412479612,0.13500308990478516,10789.333761760505,64.01289082060705,24.31510135375803,0.39348370927318294,2.2272760287327014,-0.07164508899995319,178.77614549128518,485.90265487890855,216.6961854405751,0.36792584549247215,c72307ef-f384-4659-aded-5319b398f560,Pothole,Pothole,event,0.56,ML_Ensemble(RF)_LOW_CONF,"ML ragu-ragu (Conf: 56%), pakai tebakan terbaik ML",True,1.0,0.2797208234782193,low
240,1776412655.903,-6.876786,109.4369846,75.15772,34.551887493247676,7.66395456144555,3.5233119865853966,2.3748058249837523,6.9692397,0.03999900817871094,43.00475903347315,normal,3,5,0.19099998474121094,0.05299997329711914,0.15047206072388195,32568.80196894357,824.5223935603399,39.50020300699077,0.3819999694824219,0.9744368235851473,0.03999900817871094,8601.165077160485,63.74021378272872,71.4607435101286,0.37626262626262624,0.7975517295961594,-0.20934648812061182,188.2310183416103,433.83563975398135,202.45573546474827,0.4338763362421668,c72307ef-f384-4659-aded-5319b398f560,Non-Event,Non-Event,condition_like,0.6973809523809522,ML_Ensemble(RF),Dipelajari dari data (Confidence: 70%),True,1.0,0.3292581985722141,medium
241,1776412658.3553333,-6.876786,109.4369846,75.138115,-47.575294142450566,7.661955407810007,-4.851329877425071,3.2752933722233206,6.9692397,0.04999876022338867,53.225215456442434,normal,1,3,0.0,0.0,0.1833813551242133,59258.64283786625,1578.8868323165384,37.531912729546434,0.1,0.0,0.04999876022338867,10645.307047342441,90.94044013232457,66.90419552251572,0.3493670886075949,0.8106969697292445,-0.0041473392899564355,255.95259020494527,1060.9764298471728,261.95781226442034,0.24124248452962446,c72307ef-f384-4659-aded-5319b398f560,Non-Event,Normal,condition_like,0.92,R6,amplitudo rendah + tidak ada struktur event → Non-Event,False,1.0,0.4795460417257879,medium
242,1776412666.922,-6.8762402,109.4372783,79.872574,47.412030449427974,8.144735868007935,4.834681613948492,3.959561164486855,6.1419387,0.07000160217285156,53.95016378726076,normal,1,3,0.0,0.0,0.06806852969101936,30204.66114474139,506.5228811913233,59.631385287214954,0.1,0.0,0.07000160217285156,10789.785798853853,73.40461421008962,18.232533779903285,0.3702770780856423,3.2382564699394694,1.0153699091072488,118.5475175309981,262.0496193839432,125.92574427638209,0.45238576326616187,c72307ef-f384-4659-aded-5319b398f560,Non-Event,Normal,condition_like,0.92,R6,amplitudo rendah + tidak ada struktur event → Non-Event,False,1.0,0.50235683756789,medium
243,1776412676.684,-6.8758444,109.4377816,50.11817,-37.95939935413266,5.110631051378402,-3.870781495631297,1.5281082342127306,7.5197673,0.09000205993652344,48.337349661968105,normal,3,4,0.20500004291534424,0.012999892234802246,0.1002348758358832,23727.91627142189,553.0594932400821,42.90300866098439,0.4100000858306885,0.6701064128386216,0.09000205993652344,9667.248666631293,59.96345282794155,17.312526116798477,0.3392405063291139,0.6005818640323914,-0.41183012842206235,90.52170414215777,368.0678327085053,94.46995638941908,0.24593755784116486,c72307ef-f384-4659-aded-5319b398f560,Non-Event,Non-Event,condition_like,0.6978236401279879,ML_Ensemble(RF),Dipelajari dari data (Confidence: 70%),True,1.0,0.3360574302424803,medium
244,1776412689.924,-6.8747548,109.4384443,49.43608,40.26398050918938,5.0410772282073895,4.105783372424772,1.690953840431119,8.720528,0.025000572204589844,54.41321839361609,normal,1,4,0.0,0.0,0.20143936439653332,36115.225123158016,857.9762513506209,42.09350203366602,0.1,0.0,0.025000572204589844,10882.394600477663,76.26123515517259,24.96737172280964,0.4379746835443038,0.788163924255719,0.40843778511173634,148.72953946297326,567.2641022897077,141.98260959794015,0.26218746894163253,c72307ef-f384-4659-aded-5319b398f560,Non-Event,Normal,condition_like,0.92,R6,amplitudo rendah + tidak ada struktur event → Non-Event,False,1.0,0.35776067444794435,medium
245,1776412693.2943335,-6.8747548,109.4384443,56.568535,-48.22222175999276,5.7683852283909385,-4.917298135448167,2.103919513595399,8.720528,0.059998512268066406,29.13249944869603,normal,2,2,0.2070000171661377,0.0,0.2757166873712387,36682.38698564888,653.883421117997,56.09927663685184,0.2070000171661377,0.9858352286484177,0.059998512268066406,6660.007541413334,63.80886759228966,24.691450986007105,0.3686868686868687,0.20466313019344717,-0.1875133762724634,87.98342789399572,470.4664852887463,95.43350793525508,0.18701316769245147,c72307ef-f384-4659-aded-5319b398f560,Non-Event,Non-Event,condition_like,0.5573084886128364,ML_Ensemble(RF)_LOW_CONF,"ML ragu-ragu (Conf: 56%), pakai tebakan terbaik ML",True,1.0,0.44718737106362,medium
246,1776412701.933,-6.8738975,109.4385554,59.952816,29.455335322726846,6.113485848888255,3.003608298728602,3.3603034266361274,10.212739,0.03500080108642578,27.840876890335696,normal,1,4,0.0,0.0,0.24439500317967203,34212.47508902445,775.8295184226031,44.09792903276799,0.1,0.0,0.03500080108642578,5568.047935563732,56.071387320493116,30.20772741329417,0.34595959595959597,-0.06223306231596348,-0.09322116691783966,102.54830761337638,573.7033039351918,99.5779068740349,0.17874798128443886,c72307ef-f384-4659-aded-5319b398f560,Non-Event,Non-Event,condition_like,0.8569999999999999,ML_Ensemble(RF),Dipelajari dari data (Confidence: 86%),False,1.0,0.3149599211882604,medium
247,1776412705.4085,-6.8738975,109.4385554,86.8185,-31.852672476419315,8.853023203642428,-3.2480686550880593,3.1045895821156875,10.212739,0.04999995231628418,33.37401722113281,normal,2,6,1.0789999961853027,0.0,0.20347767298012315,45944.87466156685,1798.3162319781302,25.548829409985977,1.0789999961853027,0.9118571375874465,0.04999995231628418,8068.100749689492,62.46584427481735,22.589606390817615,0.32323232323232326,-0.036861995146906246,0.06900936602744281,167.60658822739427,1513.4400951922398,117.26954855849615,0.11074543924737182,c72307ef-f384-4659-aded-5319b398f560,Non-Event,Non-Event,condition_like,0.624927536231884,ML_Ensemble(RF)_LOW_CONF,"ML ragu-ragu (Conf: 62%), pakai tebakan terbaik ML",True,1.0,0.3295624947855029,medium
248,1776412709.77,-6.8729556,109.4387181,86.61371,-33.55567448163511,8.832140435316852,-3.4217265306333062,4.592717529595233,10.441877,0.020000457763671875,35.78953216423429,candidate,2,4,0.8959999084472656,0.0,0.14194053835470435,39859.1737992352,1334.2026793744485,29.874901606440023,0.8959999084472656,0.9721639259749882,0.020000457763671875,7157.7426051199955,60.083254592636045,83.13783827553576,0.3768844221105528,0.03889709833519195,-0.05116397907275167,142.89498995228828,1047.8980494731122,143.40963994904806,0.13636344669958406,c72307ef-f384-4659-aded-5319b398f560,Non-Event,Non-Event,condition_like,0.7149275362318841,ML_Ensemble(RF),Dipelajari dari data (Confidence: 71%),True,1.0,0.3925460064091141,medium
249,1776412729.688,-6.871535,109.4391143,52.540768,-32.65713401940955,5.357667297191192,-3.330100902898497,2.319591289025935,7.858962,0.015000343322753906,23.72582062608901,normal,1,4,0.0,0.0,0.26240893909082336,34402.88579203253,759.3493275786909,45.30574334796081,0.1,0.0,0.015000343322753906,4745.0555195159095,57.209899553313775,49.89811328848948,0.35353535353535354,-0.04534431868883404,-0.2407628945505809,123.40330358958364,506.02560925575784,129.9204147333494,0.24386770370616728,c72307ef-f384-4659-aded-5319b398f560,Non-Event,Non-Event,condition_like,0.8519275362318841,ML_Ensemble(RF),Dipelajari dari data (Confidence: 85%),False,1.0,0.30815381664426916,medium
250,1776412735.714,-6.871535,109.4391143,74.657585,-32.89072194847992,7.612954984627779,-3.353920242741397,2.4067700006214263,7.858962,0.09000205993652344,28.595030383911887,normal,2,3,0.1940000057220459,0.0,0.3501914830378007,30981.72258885508,1134.2386504422948,27.314994555562713,0.1940000057220459,0.9015461703221636,0.09000205993652344,5718.87518211726,59.07527943443094,27.84660406903355,0.3560606060606061,0.5538874920959698,-0.1800606346824014,129.9387742303349,859.4483436734429,144.85153253851695,0.15118857932026922,c72307ef-f384-4659-aded-5319b398f560,Non-Event,Non-Event,condition_like,0.6782608695652175,ML_Ensemble(RF),Dipelajari dari data (Confidence: 68%),True,1.0,0.3188286430293459,medium
251,1776412742.3439999,-6.8716767,109.44008,86.33744,30.99486178324466,8.803968735500911,3.160596307938456,1.8970084934081082,11.831920000000002,0.04000091552734375,31.68424990955326,normal,1,5,0.0,0.0,0.16518599573065063,36300.15044523103,1022.4047475957177,35.50467708125341,0.1,0.0,0.04000091552734375,6336.704946244463,53.39741912460497,39.24931308057025,0.3384223918575064,-0.24671589455802945,-0.04467071477449817,105.23394329196981,803.1930144354742,113.9777898682737,0.1310194950274987,c72307ef-f384-4659-aded-5319b398f560,Non-Event,Non-Event,condition_like,0.8336666666666668,ML_Ensemble(RF),Dipelajari dari data (Confidence: 83%),False,1.0,0.28068735282594875,low
252,1776412746.61,-6.8716767,109.44008,81.45381,32.92623026318249,8.30597706658237,3.3575410831611703,5.664747616799115,11.83192,0.015000343322753906,31.171983024438383,candidate,1,3,0.0,0.0,0.4820259202393093,44322.45432378646,1421.5272661466988,31.17946123731474,0.1,0.0,0.015000343322753906,6234.25391413952,62.32154351527229,36.50004893281517,0.3383838383838384,0.17789256657437402,0.0952445298302466,140.55289438787966,1150.516533043672,130.45783871514695,0.12216503651093505,c72307ef-f384-4659-aded-5319b398f560,Non-Event,Normal,condition_like,0.92,R6,amplitudo rendah + tidak ada struktur event → Non-Event,False,1.0,0.42212864379368237,medium
253,1776412754.423,-6.8718517,109.4410333,88.03703,-40.42932124157278,8.977278683342426,-4.1226434349724705,3.7713466932820565,10.698502,0.0,29.653589022533957,normal,0,3,0.0,0.0,0.19279362558641985,43329.7370836916,1486.081196262998,29.15704549892327,0.0,0.0,0.0,6266.882082355786,69.47792551541727,32.967424022685144,0.3291139240506329,0.02043853005468499,-0.11428881351835722,104.85136468924097,1258.2459100766368,122.9839214971202,0.0833313772500348,c72307ef-f384-4659-aded-5319b398f560,Non-Event,Normal,condition_like,0.92,R6,amplitudo rendah + tidak ada struktur event → Non-Event,False,1.0,0.42674946559025756,medium
254,1776412770.697,-6.8725567,109.44295,70.169464,30.52470572288243,7.155294009677108,3.1126537322003367,1.442817172012622,8.278792,0.03999900817871094,29.631220170838176,normal,2,3,0.43200016021728516,0.0,0.3748444014992788,44634.54853758009,994.944548011602,44.86134285767076,0.43200016021728516,0.9991187362910443,0.03999900817871094,5926.390982186221,60.1486174202042,37.28279872167223,0.3248730964467005,-0.002860371099260739,0.00782681362852787,155.82942644200864,675.1689718843837,163.94614968520986,0.23080063317526434,c72307ef-f384-4659-aded-5319b398f560,Non-Event,Non-Event,condition_like,0.6266666666666666,ML_Ensemble(RF)_LOW_CONF,"ML ragu-ragu (Conf: 63%), pakai tebakan terbaik ML",True,1.0,0.26123266724518773,low
255,1776412774.5115,-6.8725567,109.44295,67.57149,52.06233020807982,6.890374388807595,5.308880219858955,2.59427776922716,8.278792,0.05499863624572754,26.004893437828166,candidate,2,5,1.5709998607635498,0.0,0.04636980332021042,52069.647042823024,1304.5339137159995,39.9143682317824,1.5709998607635498,0.7454600785847149,0.05499863624572754,8634.748490708704,89.20401904350675,56.014513840270055,0.37279596977329976,0.8864606978828484,0.43164121938407796,218.71606636208952,897.8991620947161,187.91868525919398,0.24358644639812185,c72307ef-f384-4659-aded-5319b398f560,Non-Event,Non-Event,condition_like,0.43,ML_Ensemble(RF)_LOW_CONF,"ML ragu-ragu (Conf: 43%), pakai tebakan terbaik ML",True,1.0,0.4984000431466409,medium
256,1776412778.1836665,-6.8725567,109.44295,98.38588,39.83022690823932,10.032567696410089,4.061552814492138,2.7868004242694253,8.278792,0.03999900817871094,41.94737715777394,normal,1,4,0.0,0.0,0.18744781460563847,68567.68773376463,2620.9405187547336,26.161481810423215,0.1,0.0,0.03999900817871094,9256.771910174364,78.3134718600497,32.96896475839074,0.35768261964735515,0.27995168954696625,0.25759380864848247,309.5383312946959,2102.2768730575644,209.12531440247318,0.14723956445245098,c72307ef-f384-4659-aded-5319b398f560,Non-Event,Normal,condition_like,0.92,R6,amplitudo rendah + tidak ada struktur event → Non-Event,False,1.0,0.39143302639334326,medium
257,1776412780.467,-6.8726867,109.4437067,85.15709,-43.91534462098842,8.683606532302061,-4.478118890853494,3.272846045516998,8.644245,0.10000228881835938,43.21037720230729,normal,3,3,0.3865000009536743,0.05750000476837158,0.16334476820595697,54407.68790744424,1855.2862017648895,29.325765386688985,0.7730000019073486,0.7507351231148698,0.10000228881835938,8641.877643579357,84.96683903163091,13.763998608375612,0.3291139240506329,1.292101719968815,-0.2469923427113675,207.3411190950639,1458.1891717528194,189.75591091700596,0.14219082336459693,c72307ef-f384-4659-aded-5319b398f560,Speed Bump,Speed Bump,event,0.3928695652173913,ML_Ensemble(RF)_LOW_CONF,"ML ragu-ragu (Conf: 39%), pakai tebakan terbaik ML",True,1.0,0.4496257400220914,medium
258,1776412784.056,-6.8726867,109.4437067,90.334816,43.56211915778156,9.211587647157797,4.442099917686627,5.98072454512161,8.644245,0.1450033187866211,42.61666830931027,candidate,3,5,0.23849999904632568,0.03450000286102295,0.15839526998109427,48842.77634049514,1671.310345931151,29.224240985631376,0.47699999809265137,0.9541383103316173,0.1450033187866211,8523.138582701378,78.25769140228778,101.62076252776767,0.3904282115869018,0.5626815996172176,-0.06617808801100017,183.60852359867334,1345.7165337609613,141.98528857151655,0.13643922687721718,c72307ef-f384-4659-aded-5319b398f560,Non-Event,Non-Event,condition_like,0.4666666666666666,ML_Ensemble(RF)_LOW_CONF,"ML ragu-ragu (Conf: 47%), pakai tebakan terbaik ML",True,1.0,0.54002172633818,medium
259,1776412787.402,-6.8726867,109.4437067,64.245544,-30.231714634809155,6.551222282838686,-3.0827769559237006,2.4467568906768715,8.644245,0.014999628067016602,30.23489465906965,normal,1,5,0.0,0.0,0.26244962692458546,35232.164942996606,1245.2885625894191,28.29237011656433,0.1,0.0,0.014999628067016602,6047.128873592793,58.788461820071326,35.37598732734942,0.34005037783375314,0.07774442765421119,-0.21065682671564206,150.0283640929536,981.4634860204496,113.79671247601571,0.15286189051047971,c72307ef-f384-4659-aded-5319b398f560,Non-Event,Non-Event,condition_like,0.7669275362318841,ML_Ensemble(RF),Dipelajari dari data (Confidence: 77%),True,1.0,0.2901334611607217,low
260,1776412791.14,-6.8728333,109.4445817,75.71957,-32.749619969356765,7.7212473168717155,-3.339531845161882,2.6117923617281007,10.803505,0.05499863624572754,38.85306683064168,normal,1,4,0.0,0.0,0.25666964529421543,41658.356372962844,1163.1475445565034,35.8151951849166,0.1,0.0,0.05499863624572754,7770.80604740011,58.97192463094725,57.664595040073245,0.3333333333333333,-0.08019580337208732,-0.19994684791064418,112.17031194207964,929.5459004549605,121.43133215946318,0.12067216020909394,c72307ef-f384-4659-aded-5319b398f560,Non-Event,Normal,condition_like,0.92,R6,amplitudo rendah + tidak ada struktur event → Non-Event,False,1.0,0.3217425091739356,medium
261,1776412794.19275,-6.8728333,109.4445817,100.80201,-67.07017520248166,10.278944389776326,-6.8392545061240755,5.493645624301248,10.803505,0.1300029754638672,57.84286532867405,candidate,4,4,0.4093333880106608,0.22281886848956356,0.052734359024597464,99436.84492130703,2240.297409202663,44.385555448332966,1.2280001640319824,0.7003682138180777,0.1300029754638672,11568.308288170841,125.81467581936714,41.61310416178152,0.2936708860759494,1.9438383277585523,-0.06672487652522942,287.957971695349,1706.969895717557,245.36954178975705,0.16869540127748123,c72307ef-f384-4659-aded-5319b398f560,Speed Bump,Speed Bump,event,0.9,R3,multi-peak terstruktur + durasi lebih panjang + shape relatif simetris,False,1.0,0.7384046495209985,high
262,1776412798.136,-6.8728333,109.4445817,68.26035,37.37897915742705,6.960618559854793,3.811595107139242,4.7301741923506375,10.803505,0.07500171661376953,37.25919923821514,candidate,2,2,0.31400012969970703,0.0,0.2267153945076369,45167.71078568029,1441.8106893534123,31.327074412667113,0.31400012969970703,0.9679086914893543,0.07500171661376953,7876.058586300462,69.02639765092815,45.70807645063633,0.3518987341772152,0.2976337541198566,-0.34389187658749043,184.3042557148882,1061.800247156204,195.70618648232005,0.1735771450750073,c72307ef-f384-4659-aded-5319b398f560,Non-Event,Non-Event,condition_like,0.6066666666666667,ML_Ensemble(RF)_LOW_CONF,"ML ragu-ragu (Conf: 61%), pakai tebakan terbaik ML",True,1.0,0.43634116146691915,medium
263,1776412801.4650002,-6.8729683,109.445525,81.0545,35.334163128340585,8.26525877848195,3.603081901397581,3.4934085297381854,8.971608,0.05000114440917969,29.049054082903087,normal,2,6,1.1349999904632568,0.0,0.0992353164620258,41038.12260754978,1247.2569888469175,32.902700038254835,1.1349999904632568,0.9741380967377439,0.05000114440917969,5809.677843607513,69.27502671292964,20.411865560621212,0.3207070707070707,0.6038512653103774,0.07492978420249258,178.68599939320632,929.9764830985632,138.5945063551479,0.19214034166294935,c72307ef-f384-4659-aded-5319b398f560,Non-Event,Non-Event,condition_like,0.6466666666666666,ML_Ensemble(RF)_LOW_CONF,"ML ragu-ragu (Conf: 65%), pakai tebakan terbaik ML",True,1.0,0.3744744079477436,medium
264,1776412806.40375,-6.8729683,109.445525,102.103485,-62.437864310490056,10.411657905604871,-6.366890254112267,6.469261382059683,8.971608,0.17999553680419922,29.53054867664788,candidate,2,4,1.6519999504089355,0.0,0.05186134540800246,61024.912077891226,2152.4897835280203,28.350848638880883,1.6519999504089355,0.7405726105868912,0.17999553680419922,10980.630969825763,101.17356245554726,62.71326830219814,0.3553299492385787,2.3329118868969188,-0.41743975028621694,198.1994445032828,1776.8722299323322,177.41810909240553,0.11154400471399495,c72307ef-f384-4659-aded-5319b398f560,Speed Bump,Speed Bump,event,0.9,R3,multi-peak terstruktur + durasi lebih panjang + shape relatif simetris,False,1.0,0.716519788130419,high
265,1776412812.405,-6.8731217,109.446285,100.45904,-58.49138754726374,10.243971182819822,-5.964461620152013,4.6163595054030395,8.331294,0.055001258850097656,28.020938380669016,candidate,1,4,0.0,0.0,0.10127944954550591,63411.59470450938,1583.5735326515899,40.04335343890692,0.1,0.0,0.055001258850097656,9239.945071785503,112.09150714438961,26.098874708703853,0.3249370277078086,2.2629933131866666,0.03232754947021391,287.6931222704661,1065.8833652957549,229.9970450853688,0.2699105093179949,c72307ef-f384-4659-aded-5319b398f560,Non-Event,Crack,condition_like,0.76,R4,spike kecil/rapat + durasi sangat singkat → Non-Event,True,1.0,0.6248052904075398,high
266,1776412816.91,-6.8731217,109.446285,54.990395,-30.22740764807284,5.60745973395604,-3.0823377655032904,4.766056483142803,8.331294,0.07500171661376953,29.612586944460624,candidate,1,3,0.0,0.0,0.10875175833593018,29401.017387597723,821.3465047757088,35.79611915415694,0.1,0.0,0.07500171661376953,5922.381836329343,60.38224663363801,12.084192972443667,0.3602015113350126,0.5980025896060854,0.033998885970282264,112.31769029914402,571.7106911700942,137.31812330647074,0.1964589640134411,c72307ef-f384-4659-aded-5319b398f560,Non-Event,Non-Event,condition_like,0.921927536231884,ML_Ensemble(RF),Dipelajari dari data (Confidence: 92%),False,1.0,0.3719040770794223,medium
267,1776412819.945,-6.8731217,109.446285,76.65765,40.54741865119041,7.816904855378749,4.134686019302251,0.6012280541732895,8.331294,0.015000343322753906,41.26565387318127,normal,1,4,0.0,0.0,0.22740500524782975,37702.93398183877,1278.887962062049,29.481029668593024,0.1,0.0,0.015000343322753906,8252.941879787322,72.48175625673218,141.2319983255541,0.38636363636363635,0.34991412036932745,0.24028583540840828,128.14965044495574,1011.6427381401966,139.09557347689665,0.1266748086917237,c72307ef-f384-4659-aded-5319b398f560,Non-Event,Normal,condition_like,0.92,R6,amplitudo rendah + tidak ada struktur event → Non-Event,False,1.0,0.32328770262551876,medium
268,1776412821.419,-6.8732283,109.4469633,90.9376,-41.649431724731784,9.273054508930166,-4.247060079102628,4.977317723699809,8.01371,0.025000572204589844,35.556591520833564,candidate,1,3,0.0,0.0,0.17504799306749635,41164.21776146041,1105.498329290233,37.235893201804586,0.1,0.0,0.025000572204589844,7111.155542733088,69.78000470428468,32.012797481846185,0.36683417085427134,0.5529333805091587,-0.22466647875072404,141.2184771983887,861.6738419304025,102.60601016144167,0.16388855058908286,c72307ef-f384-4659-aded-5319b398f560,Non-Event,Normal,condition_like,0.92,R6,amplitudo rendah + tidak ada struktur event → Non-Event,False,1.0,0.48002104082457436,medium
269,1776412825.9215002,-6.8732283,109.4469633,87.334145,-43.8747444341948,8.905604360306528,-4.473978823981156,4.414541280122574,8.01371,0.03499913215637207,30.441651139851206,candidate,2,3,0.192000150680542,0.0,0.642747128411051,51332.30860699102,1140.1915346272833,45.020776775675884,0.192000150680542,0.9559403393854776,0.03499913215637207,7686.972990648022,81.0863788991218,100.95606932230095,0.3775,0.5307340272252219,-0.18368297429231542,93.11068349789414,927.809450533714,119.27140059567525,0.1003553944659409,c72307ef-f384-4659-aded-5319b398f560,Non-Event,Maneuver,condition_like,0.88,R5,gyro dominan + asimetri tinggi → maneuver (Non-Event),False,1.0,0.4824344050741177,medium
270,1776412849.227,-6.873462,109.4486289,52.490913,31.243895618923773,5.352583502011391,3.1859906919206633,1.3988834074561933,7.9962893,0.060001373291015625,25.64837658746206,normal,1,3,0.0,0.0,0.021443452626109395,36347.2252730064,648.6533885425312,56.03489607699517,0.1,0.0,0.060001373291015625,5129.557911229185,54.09070930896998,3.799974954465795,0.31738035264483627,0.13181856679314485,0.4130236675900332,143.19358257178772,407.5799145040547,97.87989146668866,0.3513263954498346,c72307ef-f384-4659-aded-5319b398f560,Non-Event,Non-Event,condition_like,0.7583333333333333,ML_Ensemble(RF),Dipelajari dari data (Confidence: 76%),True,1.0,0.26786871218489233,low
271,1776412862.707,-6.8734981,109.4498329,113.24811,-41.06414058439525,11.548093385610786,-4.187376992591277,5.279789714534117,5.384808,0.060001373291015625,44.55582063554381,candidate,1,4,0.0,0.0,0.28902503168476634,27674.227567386668,1149.4314702702,24.07644845221156,0.1,0.0,0.060001373291015625,8910.960171416362,69.9126196007139,21.13679886724721,0.398989898989899,2.95855857238445,-0.8289244347476796,286.2081643594229,627.2559815364152,235.9673243743619,0.45628606554231965,c72307ef-f384-4659-aded-5319b398f560,Non-Event,Normal,condition_like,0.92,R6,amplitudo rendah + tidak ada struktur event → Non-Event,False,1.0,0.48735702281451176,medium
272,1776412878.4875002,-6.8735207,109.4502335,53.550594,33.44698273271467,5.460640891639857,3.4106430567741968,1.4550830473017717,5.2128153,0.015000343322753906,42.17483439832835,normal,1,5,0.0,0.0,0.0686707132476412,40581.26844710622,1045.403083831316,38.81877625571988,0.1,0.0,0.015000343322753906,8434.773823013838,66.30549333490607,20.31638445466861,0.35858585858585856,0.16090338137077875,0.2065168051047108,185.44312145979245,752.7196435490752,107.24031882244834,0.24636413145678449,c72307ef-f384-4659-aded-5319b398f560,Non-Event,Normal,condition_like,0.92,R6,amplitudo rendah + tidak ada struktur event → Non-Event,False,1.0,0.2865856691022766,low
273,1776412885.2315001,-6.8735509,109.4509692,82.28525,40.153782029638776,8.390760351394208,4.094546254800444,3.118140724178633,8.772349,0.0800018310546875,51.72761067810084,normal,2,5,0.22699999809265137,0.0,0.3377566650790177,41414.36990738618,1114.3857990461147,37.16340418701709,0.22699999809265137,0.9236430811939782,0.0800018310546875,10345.285350829728,67.83253624712069,63.93356833653202,0.39646464646464646,0.7205495564638289,0.4203955228569644,154.4982746083601,828.142893114029,131.74463132372577,0.18655992305971156,c72307ef-f384-4659-aded-5319b398f560,Pothole,Pothole,event,0.49666666666666665,ML_Ensemble(RF)_LOW_CONF,"ML ragu-ragu (Conf: 50%), pakai tebakan terbaik ML",True,1.0,0.4084473244004293,medium
274,1776412889.5015001,-6.8735509,109.4509692,103.504684,56.332189755991564,10.554540439395717,5.7442847206733765,3.7837099126016533,8.772349,0.2299942970275879,65.94291169096265,candidate,2,4,0.30099987983703613,0.0,0.1065372258490981,76906.04648513603,1298.8563555694473,59.210586371737875,0.30099987983703613,0.6975629379940402,0.2299942970275879,13188.909364219702,111.94472515570422,33.33171390284804,0.34673366834170855,2.01998180401939,-0.026148352766471105,309.4484963544595,728.5206074828691,260.8872517321186,0.42476285880076936,c72307ef-f384-4659-aded-5319b398f560,Pothole,Pothole,event,0.4,ML_Ensemble(RF)_LOW_CONF,"ML ragu-ragu (Conf: 40%), pakai tebakan terbaik ML",True,1.0,0.5903588608910615,medium
275,1776412890.599,-6.873632,109.4518159,67.42982,-31.063458133207885,6.875928069218338,-3.167591188959317,0.6282830758802118,8.766832,0.09499764442443848,33.391778966644566,normal,1,4,0.0,0.0,0.5637286287852433,48316.09071033775,912.0474660982978,52.97541241362866,0.1,0.0,0.09499764442443848,13188.909364219702,111.94472515570422,18.04970727771603,0.3526448362720403,4.706320249476138,-0.051987487012221716,238.06969860857959,437.31599244231165,236.66177504740656,0.544388273419011,c72307ef-f384-4659-aded-5319b398f560,Non-Event,Maneuver,condition_like,0.88,R5,gyro dominan + asimetri tinggi → maneuver (Non-Event),False,1.0,0.2431507995341785,low
276,1776412893.302333,-6.873632,109.4518159,86.98176,38.60287293558784,8.869671090535505,3.936397539994579,5.799904084193118,8.766832,0.030000686645507812,31.883421036101424,candidate,2,5,1.2409999370574951,0.0,0.07027381064186017,46072.20118916005,1558.528757400617,29.56134170821458,1.2409999370574951,0.8443673734173045,0.030000686645507812,8165.600291776132,76.99076280350837,26.514396599060017,0.3533834586466165,1.0197017520154894,-0.28423314544987704,192.14096343657664,1175.8150816102739,190.57271235376615,0.16341086815286424,c72307ef-f384-4659-aded-5319b398f560,Non-Event,Non-Event,condition_like,0.6066666666666667,ML_Ensemble(RF)_LOW_CONF,"ML ragu-ragu (Conf: 61%), pakai tebakan terbaik ML",True,1.0,0.47985596623769583,medium
277,1776412898.864,-6.873632,109.4518159,92.200264,-32.52271075629859,9.401810404164522,-3.3163935448189337,1.7562384921207455,8.766832,0.11500263214111328,37.12677611383781,normal,2,4,0.5920000076293945,0.0,0.10864201108992083,33369.355569350606,1015.8160228337157,32.8498023130348,0.5920000076293945,0.9202422080991648,0.11500263214111328,7586.4530213806875,63.37095020126284,83.68022477007621,0.3501259445843829,1.1069834947200903,-0.18969901197128436,132.78194229516868,735.4907955083141,147.54328503023288,0.18053515139215978,c72307ef-f384-4659-aded-5319b398f560,Non-Event,Non-Event,condition_like,0.8599275362318841,ML_Ensemble(RF),Dipelajari dari data (Confidence: 86%),False,1.0,0.29564189951497905,low
278,1776412901.4206667,-6.8735018,109.4521896,90.732346,35.12123956254345,9.252124425772308,3.58136974018074,5.196715645181579,5.722699600000001,0.04999876022338867,34.33860126055882,candidate,2,4,0.2259998321533203,0.0,0.1552522831717191,30385.451166168892,950.5089024072178,31.96756080584669,0.2259998321533203,0.9181077975741125,0.04999876022338867,6867.890545113103,68.59764074796014,53.26399657954904,0.3625,2.033039258704405,0.34669166774973886,188.57774161261702,604.544529272837,157.38663152176363,0.3119335833334064,c72307ef-f384-4659-aded-5319b398f560,Non-Event,Non-Event,condition_like,0.7496666666666667,ML_Ensemble(RF),Dipelajari dari data (Confidence: 75%),True,1.0,0.4292970384724067,medium
279,1776412905.07,-6.8735018,109.4521896,104.81793,43.69393305528221,10.688454263178558,4.45554119452435,6.614157213742353,5.7226996,0.16500377655029297,54.01971793857733,candidate,2,3,0.21700000762939453,0.0,0.2164047341819142,48454.733380405785,1309.0181302574742,37.016090322491564,0.21700000762939453,0.8110175797591179,0.16500377655029297,10803.696310730815,84.38640944989967,132.7790245280214,0.3680203045685279,1.536854927816142,-0.09381540556320252,209.76508995314498,858.9589998462641,240.29404045806518,0.24420850092551577,c72307ef-f384-4659-aded-5319b398f560,Pothole,Pothole,event,0.44,ML_Ensemble(RF)_LOW_CONF,"ML ragu-ragu (Conf: 44%), pakai tebakan terbaik ML",True,1.0,0.5433739907484636,medium
280,1776412922.663,-6.8722091,109.4524057,41.805096,-32.99533446735162,4.262933417629874,-3.36458775089879,1.891277447421451,3.877489,0.04500102996826172,32.19086474508678,normal,2,3,0.21399998664855957,0.0,0.48604482818456857,36822.98783064936,1390.5674535361936,26.48054771491197,0.21399998664855957,0.9632139662236101,0.04500102996826172,6438.025594305572,59.389138717725054,31.195657035238003,0.35353535353535354,0.0946562006514231,-0.17979406484934476,232.24032575187135,962.814715438527,195.51241234579527,0.24120977981198033,c72307ef-f384-4659-aded-5319b398f560,Non-Event,Non-Event,condition_like,0.39292753623188403,ML_Ensemble(RF)_LOW_CONF,"ML ragu-ragu (Conf: 39%), pakai tebakan terbaik ML",True,1.0,0.2992305564092258,low
281,1776412929.111,-6.8722091,109.4524057,81.04807,-43.40184832970586,8.264603100957004,-4.425756841501008,3.588411515407096,3.877489,0.025000572204589844,42.65942239292622,normal,1,3,0.0,0.0,0.21241056710001696,51233.961841062795,1296.506991490333,39.51691902768107,0.1,0.0,0.025000572204589844,8531.689203716385,86.13810948921946,80.18527785044274,0.327455919395466,0.4694105457453821,0.16040890805735566,169.37617523036175,944.6482021579509,182.48261410202014,0.17930079649136962,c72307ef-f384-4659-aded-5319b398f560,Non-Event,Normal,condition_like,0.92,R6,amplitudo rendah + tidak ada struktur event → Non-Event,False,1.0,0.4498068758306715,medium
282,1776412937.656,-6.872182,109.452411,46.756386,30.995794937018925,4.767824486445423,3.160691463141738,0.8542507727901099,0.9597185,0.015000343322753906,25.918194532878974,normal,1,3,0.0,0.0,0.1714199863425715,26693.722208586656,531.3864072639386,50.234107973886935,0.1,0.0,0.015000343322753906,5183.5202652123035,53.54093391418388,56.88442638016692,0.3825,0.04675840411762655,0.1906179947717392,92.19219718205395,335.4252188769221,103.76899120496263,0.27485171572931255,c72307ef-f384-4659-aded-5319b398f560,Non-Event,Non-Event,condition_like,0.6503246753246753,ML_Ensemble(RF),Dipelajari dari data (Confidence: 65%),True,1.0,0.2440622831916333,low
283,1776412952.8845,-6.870026,109.4526214,54.32787,-36.234388123667905,5.53990098555572,-3.694879303703906,1.3408617534229657,12.148663,0.19500446319580078,36.6504828360638,normal,3,4,0.4140000343322754,0.27900004386901855,0.33591222994394326,23386.099683527544,665.8633911361228,35.12146779612523,0.8280000686645508,0.8856852999561599,0.19500446319580078,7329.928798456693,56.29396024189404,168.92633052332445,0.43358395989974935,3.02114765878068,-0.8054144281230017,118.0360344778474,474.73489969694435,73.09245696133097,0.24863567920656804,c72307ef-f384-4659-aded-5319b398f560,Non-Event,Non-Event,condition_like,0.8315942028985508,ML_Ensemble(RF),Dipelajari dari data (Confidence: 83%),False,1.0,0.32185986385380216,medium
284,1776412955.615,-6.870026,109.4526214,52.16018,-31.84305831944081,5.318858121784707,-3.2470882839135498,1.4213033671269657,12.148663,0.32000732421875,40.04331951883124,normal,3,4,0.19749999046325684,0.050499916076660156,0.19989847613939352,22307.948242507635,640.2743511081003,34.84123355723811,0.39499998092651367,0.9718848081795256,0.32000732421875,8008.480604191873,57.69870073988338,265.8880799840398,0.47103274559193953,2.1373886046098862,0.051666582940346595,77.94418504156862,518.1258686620635,44.2042974044683,0.15043484528654408,c72307ef-f384-4659-aded-5319b398f560,Non-Event,Non-Event,condition_like,0.7349188782232261,ML_Ensemble(RF),Dipelajari dari data (Confidence: 73%),True,1.0,0.29361527377285795,low
285,1776413000.825,-6.8651228,109.453021,49.80157,-37.11489655080337,5.078346836075521,-3.784666175585279,1.2475936550515958,14.353835,0.0650014877319336,42.558382963036216,normal,2,5,0.33299994468688965,0.0,0.30741692271841076,40652.611639491224,1200.0166434806097,33.87670648275587,0.33299994468688965,0.9778044386447268,0.0650014877319336,8511.481780249602,72.41456832384051,6.087768643644946,0.33753148614609574,0.8560627577669138,0.12381160601907883,200.9759833174748,829.0320367770905,170.00862338604435,0.2424224567440819,c72307ef-f384-4659-aded-5319b398f560,Non-Event,Non-Event,condition_like,0.5615942028985508,ML_Ensemble(RF)_LOW_CONF,"ML ragu-ragu (Conf: 56%), pakai tebakan terbaik ML",True,1.0,0.3170815225509566,medium
286,1776413011.5,-6.8631877,109.4531627,45.026505,32.82800675389742,4.591425716223175,3.347525072669813,3.1611415729230634,11.163759,0.06499838829040527,34.60232645869043,normal,3,4,0.468999981880188,0.29300010204315186,0.3805778702393474,21573.258712449944,465.39265508279874,46.354961623227275,0.937999963760376,0.7700757548463578,0.06499838829040527,6920.6368926131845,55.895184012888755,27.597740412084846,0.4271356783919598,1.342199239633155,0.16723415137670794,79.50672629052616,330.21926226167926,55.66666653059326,0.24076949813652082,c72307ef-f384-4659-aded-5319b398f560,Non-Event,Non-Event,condition_like,0.8265151515151515,ML_Ensemble(RF),Dipelajari dari data (Confidence: 83%),False,1.0,0.3415235214261657,medium
287,1776413017.907,-6.8631877,109.4531627,56.339077,30.54238937569722,5.74498702411119,3.114456962948328,1.9539634682645681,11.163759,0.04000091552734375,31.274756735327117,normal,1,5,0.0,0.0,0.14662793221094053,30353.747096589464,379.8189561159253,79.91635627424762,0.1,0.0,0.04000091552734375,6254.808185867322,53.135537980007214,74.05856879825119,0.3879093198992443,-0.03215850975134149,0.43040860964041183,80.19465276359517,237.35973502158012,62.26456833074996,0.3378612316804401,c72307ef-f384-4659-aded-5319b398f560,Non-Event,Non-Event,condition_like,0.9523246753246752,ML_Ensemble(RF),Dipelajari dari data (Confidence: 95%),False,1.0,0.2784333109387192,low
288,1776413021.018,-6.8623057,109.4532228,61.038277,-33.32261300530962,6.224172066913779,-3.3979608740303386,1.576986121282857,6.7812223,0.0,28.020374824712178,normal,0,5,0.0,0.0,0.030886708913491313,24604.066562742864,747.8270921096172,32.900742416852204,0.0,0.0,0.0,5603.946700781499,55.857969297672916,41.4564353777695,0.3844221105527638,0.9402960713061548,-0.3064902104044871,119.34782611027269,499.846506789346,128.63275920999854,0.23876895056866201,c72307ef-f384-4659-aded-5319b398f560,Non-Event,Normal,condition_like,0.92,R6,amplitudo rendah + tidak ada struktur event → Non-Event,False,1.0,0.2883826827054924,low
289,1776413026.318,-6.8623057,109.4532228,38.782715,-31.305669807744742,3.9547363268802296,-3.1922899061090937,2.063484288050493,6.7812223,0.13499665260314941,49.90242450369382,normal,2,5,0.19000005722045898,0.0,0.0016228237012968281,21999.101256702914,539.7748608839142,40.75606852071987,0.19000005722045898,0.5801615327029233,0.13499665260314941,9980.732378310095,57.35243198728372,8.811426701853089,0.380352644836272,1.9272594485259278,-0.06222409597096986,104.33960535735345,316.7476427789653,118.68761274759541,0.32940925499090473,c72307ef-f384-4659-aded-5319b398f560,Pothole,Pothole,event,0.5330124223602484,ML_Ensemble(RF)_LOW_CONF,"ML ragu-ragu (Conf: 53%), pakai tebakan terbaik ML",True,1.0,0.2962136500967377,low
290,1776413063.634,-6.8603867,109.4533683,75.98849,-36.642405172272106,7.748669525271118,-3.7364854636672162,1.5310669207390155,8.2633505,0.030000686645507812,34.37255581531599,normal,1,3,0.0,0.0,0.017248920347196238,32422.427434806523,702.5260310320195,46.15121142347759,0.1,0.0,0.030000686645507812,6874.353821590842,58.982857930082844,20.316965092328484,0.3693467336683417,1.0447471919121165,-0.7285516330010081,130.86841609413008,425.5712600945976,146.08635484329182,0.3075123441313396,c72307ef-f384-4659-aded-5319b398f560,Non-Event,Non-Event,condition_like,0.9365942028985507,ML_Ensemble(RF),Dipelajari dari data (Confidence: 94%),False,1.0,0.3195693072530964,medium
291,1776413092.699,-6.8578714,109.4535036,101.80505,-41.379083238487354,10.381226004802864,-4.21949220564488,3.3908448106675806,7.912289,0.1099998950958252,44.83592183958053,normal,2,3,0.26800012588500977,0.0,0.5000286332072925,34050.528158932415,1009.0969852936337,33.74356342495722,0.26800012588500977,0.8805572473495347,0.1099998950958252,8967.192919697683,79.8716531321041,6.641647432632818,0.35516372795969775,3.011853233002433,0.30922959654873994,129.17456920551209,770.256252602892,109.66616348522952,0.16770336962704938,c72307ef-f384-4659-aded-5319b398f560,Non-Event,Non-Event,condition_like,0.4332608695652174,ML_Ensemble(RF)_LOW_CONF,"ML ragu-ragu (Conf: 43%), pakai tebakan terbaik ML",True,1.0,0.4310324509958121,medium
292,1776413099.01,-6.8578714,109.4535036,98.45706,-31.512158994004594,10.039826036414066,-3.213345943212473,3.833975244530148,7.912289,0.0800018310546875,21.63435959105837,normal,2,5,0.2950000762939453,0.0,0.04755101374334917,19507.224373385776,780.0171421279538,25.008712366448357,0.2950000762939453,0.6877567946708744,0.0800018310546875,4326.772886239485,62.07354649217618,4.65994902724058,0.3434343434343434,2.2741721908818473,0.6266424122367076,123.2844511124645,525.0747992582901,131.65789175719897,0.2347940732478868,c72307ef-f384-4659-aded-5319b398f560,Non-Event,Non-Event,condition_like,0.6139047619047618,ML_Ensemble(RF)_LOW_CONF,"ML ragu-ragu (Conf: 61%), pakai tebakan terbaik ML",True,1.0,0.3530004470358957,medium
293,1776413104.188,-6.8573752,109.4534641,55.301544,-32.10599681125388,5.639188101951227,-3.273900548225325,1.9467040417716297,6.420327,0.020000457763671875,35.16804392026623,normal,1,2,0.0,0.0,0.2981389345895499,33588.926361379396,831.5556285229311,40.39287952466822,0.1,0.0,0.020000457763671875,7033.447801208675,61.81553525607562,14.397451104008747,0.32151898734177214,0.20061294923380135,0.1107447661180781,117.54285304762496,596.1808356942136,117.8319397810925,0.19715973042574284,c72307ef-f384-4659-aded-5319b398f560,Non-Event,Non-Event,condition_like,0.8585942028985508,ML_Ensemble(RF),Dipelajari dari data (Confidence: 86%),False,1.0,0.2910412183982757,low
294,1776413108.2223332,-6.8573752,109.4534641,125.78913,-53.48247945367813,12.82692152773883,-5.4536951409174526,5.468056935810361,6.420327,0.0800018310546875,49.035667454363754,candidate,2,2,0.2649998664855957,0.0,0.2981122859583712,51952.39372372892,1676.1666167604744,30.994766971998576,0.2649998664855957,0.7835063766325616,0.0800018310546875,9806.909028538419,105.83328675176259,11.827226662408012,0.3350125944584383,2.772024276685218,0.3275117089024826,276.4887774050672,1213.235845387165,186.4419939682423,0.22789367642607117,c72307ef-f384-4659-aded-5319b398f560,Pothole,Pothole,event,0.4108695652173913,ML_Ensemble(RF)_LOW_CONF,"ML ragu-ragu (Conf: 41%), pakai tebakan terbaik ML",True,1.0,0.6091012645386843,high
295,1776413121.028,-6.8566992,109.4534263,72.141716,-40.708277942983116,7.3564077437249225,-4.151089102087167,3.9502865942909775,7.8176622,0.26499342918395996,56.831447219843966,normal,2,3,0.9950001239776611,0.0,0.7650781318552926,46187.08172111509,1456.2764824776505,31.715874179893618,0.9950001239776611,0.895261777717728,0.26499342918395996,11366.571284153375,90.03228415599567,70.04482322858756,0.34760705289672544,3.6229988091625636,-0.1481416555200741,155.4252331634344,1144.1956444256039,156.65560488861257,0.1358379869603692,c72307ef-f384-4659-aded-5319b398f560,Non-Event,Maneuver,condition_like,0.88,R5,gyro dominan + asimetri tinggi → maneuver (Non-Event),False,1.0,0.4551487461863413,medium
296,1776413121.982,-6.8561312,109.4534072,101.19695,45.870525519261996,10.319217061891676,4.677491856980926,5.351387317351688,5.442369,0.10500240325927734,46.634032193703575,candidate,1,4,0.0,0.0,0.2644577099037853,62936.040634563666,2087.2067402960656,30.153237525231017,0.1,0.0,0.10500240325927734,11366.029296203531,90.03228415599567,108.14713759657604,0.32151898734177214,1.2773256024344626,-0.23132992762389498,209.13625669521377,1658.113199333502,219.95728426734985,0.12612905840997435,c72307ef-f384-4659-aded-5319b398f560,Non-Event,Normal,condition_like,0.92,R6,amplitudo rendah + tidak ada struktur event → Non-Event,False,1.0,0.5372290246177854,medium
297,1776413319.276,-6.8462022,109.4530958,44.96538,-30.834066206018903,4.585192700871348,-3.1441997222312312,2.780922414050552,1.6511335,0.2100048065185547,23.82610372460246,normal,2,2,0.2200000286102295,0.0,0.49503603525442,17664.23691378066,442.40075325334726,39.92813471485398,0.2200000286102295,0.9449880387841189,0.2100048065185547,4765.1116801695125,60.06231195665097,4.2159931569783,0.2857142857142857,2.8163367232587966,0.047894625334464064,92.27971519017737,268.642720252666,81.47831781050391,0.3435035007086074,c72307ef-f384-4659-aded-5319b398f560,Non-Event,Non-Event,condition_like,0.4706331639375117,ML_Ensemble(RF)_LOW_CONF,"ML ragu-ragu (Conf: 47%), pakai tebakan terbaik ML",True,1.0,0.3214257492913875,medium
298,1776413332.373,-6.8460321,109.4530811,50.278778,33.361132086491615,5.127008509531798,3.4018887271893683,1.3845520358878751,2.2006307,0.055001258850097656,38.17977458703736,normal,2,4,0.685999870300293,0.0,0.1860778815913768,24764.95604681329,662.2288377457432,37.39637206636598,0.685999870300293,0.7463755554500204,0.055001258850097656,7635.780148269557,57.68404946687177,29.800186200815897,0.3558897243107769,0.924899883995054,0.5408357202797645,115.85537767699668,436.21124634866646,110.16221372007999,0.26559465942516775,c72307ef-f384-4659-aded-5319b398f560,Non-Event,Non-Event,condition_like,0.58408658008658,ML_Ensemble(RF)_LOW_CONF,"ML ragu-ragu (Conf: 58%), pakai tebakan terbaik ML",True,1.0,0.2864468143903963,low
299,1776413387.115,-6.8415711,109.4521877,32.1745,-30.476619186721024,3.2808859294458355,-3.107750270145363,1.1259019307454134,9.448044,0.025000572204589844,29.683310635638616,normal,2,5,0.5580000877380371,0.0,0.0751297763378222,33043.09174107974,549.3071962606526,60.15412123828484,0.5580000877380371,0.9806920503413763,0.025000572204589844,5936.526250824985,54.32715661502435,27.003012017404927,0.37279596977329976,0.017234258679185377,-0.23704839843351905,93.1645618592168,363.9325167784792,92.21011762295647,0.25599405743656245,c72307ef-f384-4659-aded-5319b398f560,Non-Event,Non-Event,condition_like,0.9314426877470354,ML_Ensemble(RF),Dipelajari dari data (Confidence: 93%),False,1.0,0.2491026315866074,low
300,1776413391.3815,-6.8415711,109.4521877,125.341644,-75.29685015837651,12.781290654810768,-7.678141889266622,7.694027818110292,9.448044,0.4000091552734375,82.84149527852767,candidate,3,3,0.19200003147125244,0.009999871253967285,0.17283024382789097,85073.4651528042,2402.5435184985636,35.40974990145442,0.3840000629425049,0.7303883224652985,0.4000091552734375,16567.91984611433,141.97988317269068,84.56711567029816,0.3433583959899749,5.534595118056394,-0.17669199247158693,251.9896848859927,2007.592722515786,142.96111109678452,0.12551832945713068,c72307ef-f384-4659-aded-5319b398f560,Speed Bump,Speed Bump,event,0.9,R3,multi-peak terstruktur + durasi lebih panjang + shape relatif simetris,False,1.0,0.8510334566795037,high
301,1776413418.1465,-6.8394294,109.4516,109.95153,40.13424069744225,11.211935778272908,4.0925535934740465,2.060731225310266,6.5210156,0.14000320434570312,34.57331330873399,normal,2,3,0.2909998893737793,0.0,0.3767169310596851,25892.502892257216,580.7169704219319,44.587129645715976,0.2909998893737793,0.8723755992909076,0.14000320434570312,6914.504401300601,77.922400481539,12.860836559423989,0.3375,3.497813808539938,0.47208246086871253,108.15245140117716,357.64561177732105,114.91890724343372,0.3024011690268253,c72307ef-f384-4659-aded-5319b398f560,Non-Event,Non-Event,condition_like,0.6717532467532468,ML_Ensemble(RF),Dipelajari dari data (Confidence: 67%),True,1.0,0.37752110458226745,medium
302,1776413425.585,-6.8388846,109.4514296,58.21292,29.620104856627343,5.93606583287871,3.0204101152409177,1.3364570376325235,7.422782,0.12500286102294922,35.975595925173764,normal,2,4,0.2049999237060547,0.0,0.16640647942646672,21083.0638789284,448.0970168367477,47.05022135766468,0.2049999237060547,0.5330215944618535,0.12500286102294922,7194.95450559508,56.70293047705343,12.361698193050396,0.37185929648241206,1.9092158780593227,0.3204016793409936,78.886871594717,299.1902342002488,70.01991104178181,0.26366793535864497,c72307ef-f384-4659-aded-5319b398f560,Non-Event,Non-Event,condition_like,0.7515151515151516,ML_Ensemble(RF),Dipelajari dari data (Confidence: 75%),True,1.0,0.25576069286948794,low
303,1776413431.549,-6.8388846,109.4514296,56.50635,37.06925218079269,5.7620441231205355,3.780011745172173,2.7067995011676156,7.422782,0.025000572204589844,26.3117224878557,normal,1,4,0.0,0.0,0.10948668884259656,28738.705440178197,577.9794888295148,49.72270806470171,0.1,0.0,0.025000572204589844,5262.224054820862,58.8385667023374,32.35471867956228,0.3475,-0.027717569417449628,0.3890513431246283,129.36737558725645,335.7094004423889,112.90271279986935,0.38535523590171833,c72307ef-f384-4659-aded-5319b398f560,Non-Event,Non-Event,condition_like,0.748991341991342,ML_Ensemble(RF),Dipelajari dari data (Confidence: 75%),True,1.0,0.3623027500197603,medium
304,1776413436.868,-6.8382885,109.4512137,94.63182,-49.16291704184499,9.649760111760898,-5.013222358485823,6.206934852509839,7.591617,0.059998512268066406,49.831824222912445,candidate,2,4,0.31399989128112793,0.0,0.2608754423957359,48428.350614589304,1172.9636335685973,41.28717138993034,0.31399989128112793,0.9139013362105738,0.059998512268066406,9966.61197203083,89.47860267557475,57.31196590655787,0.35443037974683544,1.8761185278876162,-0.33618504328564436,136.480219844891,863.0895285028529,173.3938852208536,0.15812985232656546,c72307ef-f384-4659-aded-5319b398f560,Pothole,Pothole,event,0.5708695652173913,ML_Ensemble(RF)_LOW_CONF,"ML ragu-ragu (Conf: 57%), pakai tebakan terbaik ML",True,1.0,0.5856899006838291,medium
305,1776413442.1545,-6.8382885,109.4512137,48.904953,31.02182748680184,4.9869173469023576,3.1633460444496175,1.470643647831197,7.591617,0.010000228881835938,29.141710976001654,normal,2,2,1.4529998302459717,0.0,0.08680111714600573,40797.29090571006,788.7974732293865,51.72086909325726,1.4529998302459717,0.9841424111457204,0.010000228881835938,7995.4953784750005,54.3777616492525,13.429143566679675,0.35516372795969775,-0.05250412890516465,0.4492267293342757,149.55785993657037,531.1021712034933,108.13744208932285,0.28159903642658585,c72307ef-f384-4659-aded-5319b398f560,Non-Event,Non-Event,condition_like,0.7773809523809524,ML_Ensemble(RF),Dipelajari dari data (Confidence: 78%),True,1.0,0.2644726160943099,low
306,1776413484.071,-6.8368948,109.4510861,58.080902,31.427568740811633,5.922603743378218,3.204720137948396,0.6829204763596198,2.4950926,0.17499566078186035,34.30346368354556,normal,2,6,0.16700005531311035,0.0,0.2844162440305746,26631.677082529415,694.1162940625505,38.36774510549344,0.16700005531311035,0.7110240658174656,0.17499566078186035,6860.862855455146,53.44959994940704,10.740887133742321,0.3787878787878788,1.0441790178815467,0.6042801070082042,122.82815079859463,464.79689987333836,106.49124339061754,0.26426198317545685,c72307ef-f384-4659-aded-5319b398f560,Non-Event,Non-Event,condition_like,0.7519047619047619,ML_Ensemble(RF),Dipelajari dari data (Confidence: 75%),True,1.0,0.25431350285264914,low
307,1776413488.1577501,-6.8368948,109.4510861,58.868103,-40.66142450998665,6.002875905635462,-4.1463113815611505,4.393649028800691,2.4950926,0.055001258850097656,22.109170465149916,candidate,1,5,0.0,0.0,0.326458655330741,47209.010368625706,1231.2979661679472,38.34084975971252,0.1,0.0,0.055001258850097656,7653.737467609064,68.59827980844355,34.66005916017108,0.29545454545454547,0.7145169751867408,0.3152953657665831,198.12479865192938,849.4471918086392,183.7259757073786,0.23323968850475948,c72307ef-f384-4659-aded-5319b398f560,Non-Event,Normal,condition_like,0.92,R6,amplitudo rendah + tidak ada struktur event → Non-Event,False,1.0,0.45374808638095054,medium
308,1776413494.622,-6.8367664,109.4513133,52.664764,-38.772919597014045,5.370311370345633,-3.9537374737564863,1.152910032469468,2.20134,0.09000205993652344,45.73267688994806,normal,3,5,0.5235000848770142,0.278499960899353,0.04818893939858222,40887.51685152891,1131.944571249921,36.12148320147728,1.0470001697540283,0.7654285341814748,0.09000205993652344,9146.32603520011,75.87744561929095,11.789645722383227,0.33164556962025316,1.3243621568923842,-0.09784308904863892,202.74803633990572,781.4856928316215,147.71084207839368,0.2594392167895395,c72307ef-f384-4659-aded-5319b398f560,Pothole,Pothole,event,0.4742028985507246,ML_Ensemble(RF)_LOW_CONF,"ML ragu-ragu (Conf: 47%), pakai tebakan terbaik ML",True,1.0,0.331016861548972,medium
309,1776413497.155,-6.8367664,109.4513133,77.360695,38.46647433201045,7.888595493874056,3.922488753245038,2.887859995118574,2.20134,0.11500263214111328,42.093098995541915,normal,2,3,0.40599989891052246,0.0,0.43287968645931957,28952.756681511008,922.9538064892229,31.369670341653674,0.40599989891052246,0.6724473445092048,0.11500263214111328,8418.427116602968,68.12754711218177,18.183850064549087,0.3501259445843829,2.188982910161405,0.38424858022369346,181.33588079140424,568.9715474128144,172.64637828500437,0.31870816967430665,c72307ef-f384-4659-aded-5319b398f560,Non-Event,Non-Event,condition_like,0.415047619047619,ML_Ensemble(RF)_LOW_CONF,"ML ragu-ragu (Conf: 42%), pakai tebakan terbaik ML",True,1.0,0.3879111850399227,medium
310,1776413508.9325,-6.8363089,109.4522048,62.85442,35.920887727492655,6.409367113132415,3.662911160028415,2.432595635131844,3.2867415,0.010000228881835938,41.905797648299064,normal,1,3,0.0,0.0,0.07256145312444869,53961.819120620814,1751.0699470914467,30.816484047045474,0.1,0.0,0.010000228881835938,9124.450772365471,60.3621550288996,93.09819788802176,0.3391959798994975,-0.04841096430354952,0.22785271901884613,324.52540894598883,1111.8783564724954,314.6661816729625,0.2918713245608044,c72307ef-f384-4659-aded-5319b398f560,Non-Event,Normal,condition_like,0.92,R6,amplitudo rendah + tidak ada struktur event → Non-Event,False,1.0,0.34149854273975655,medium
311,1776413519.6512728,-6.8362953,109.4522306,94.894295,-44.704873710146856,9.676525113061036,-4.55862845213675,6.202045332951263,2.3380625,0.0,45.01996898697779,candidate,0,5,0.0,0.0,0.3740425427102528,57046.71348190086,2054.237746827778,27.770258599436225,0.0,0.0,0.0,9004.217061749887,76.21054822534799,46.09813929363839,0.3611111111111111,0.2695523164322453,-0.07607482113951623,287.4563303789294,1512.9693353178077,253.81208113104157,0.1899948158093718,c72307ef-f384-4659-aded-5319b398f560,Non-Event,Normal,condition_like,0.92,R6,amplitudo rendah + tidak ada struktur event → Non-Event,False,1.0,0.5402765606923075,medium
312,1776413668.5035,-6.8348661,109.4553644,89.10858,30.508984565097418,9.086546374144076,3.1110506202523207,4.68010280849951,0.00244016,0.024999380111694336,35.46545081875517,candidate,0,4,0.0,0.0,0.42800591098159124,45696.401882061895,1212.8813418769782,37.675904696224556,0.0,0.0,0.024999380111694336,7965.003199910334,60.39149329033913,25.908443447542506,0.3249370277078086,-0.3036493970670153,-0.21022193265180283,188.55941995527644,820.4088635704395,203.9130583512623,0.22983591243130322,40a7a6c4-b8d9-447a-ba96-8503647f43bb,Non-Event,Normal,condition_like,0.92,R6,amplitudo rendah + tidak ada struktur event → Non-Event,False,1.0,0.36787293628106965,medium
313,1776413671.779,-6.8348661,109.4553644,76.75168,41.84414961052302,7.826493246929379,4.2669157776124385,2.070532316745503,0.00244016,0.16999578475952148,41.71331968367281,normal,3,5,0.4484999179840088,0.03250002861022949,0.45760449252574825,35115.246102372344,1342.949288243465,26.14785709604427,0.8969998359680176,0.6834975324521633,0.16999578475952148,8342.87080265641,77.47261625433197,76.29437589064864,0.4,2.4641503543079484,-0.06368662026266063,183.33453590255658,1007.5463555374457,152.06839680346275,0.18196139037473946,40a7a6c4-b8d9-447a-ba96-8503647f43bb,Non-Event,Rough Road,condition_like,0.72,R7,struktur kontinu panjang + noisy/dense → Non-Event,True,1.0,0.3957898477336004,medium
314,1776413675.894,-6.8325817,109.4598817,58.896336,-35.43658767326118,6.005754870419563,-3.6135262983038228,2.0696978805416864,5.123545,0.07000160217285156,29.877036651890247,normal,2,4,1.440000057220459,0.0,0.046123712816938396,40405.31858083057,1450.3545662101524,27.858924634238043,1.440000057220459,0.851496265987222,0.07000160217285156,8905.131961576815,68.99710763439748,10.669117894757857,0.36523929471032746,0.6728894145222752,0.14687311113698548,171.73181325766788,1124.3421023974506,154.2806505550338,0.15273982246038983,40a7a6c4-b8d9-447a-ba96-8503647f43bb,Non-Event,Non-Event,condition_like,0.504927536231884,ML_Ensemble(RF)_LOW_CONF,"ML ragu-ragu (Conf: 50%), pakai tebakan terbaik ML",True,1.0,0.3294574163616975,medium
315,1776413681.5972,-6.8325817,109.4598817,84.22434,-38.51751215731681,8.588492502536544,-3.927693163039041,3.5109879121213874,5.123545,0.03999900817871094,38.48242615592544,normal,1,4,0.0,0.0,0.029564143816794546,41322.99639448598,1342.471119473303,30.78129262096685,0.1,0.0,0.03999900817871094,7696.676074364726,61.28054033493366,47.348862646492286,0.3756345177664975,0.41158051290072883,0.2698008685541435,131.06211980822997,1057.304370828554,154.10462883651888,0.12395874196714489,40a7a6c4-b8d9-447a-ba96-8503647f43bb,Non-Event,Normal,condition_like,0.92,R6,amplitudo rendah + tidak ada struktur event → Non-Event,False,1.0,0.4035252406909633,medium
316,1776413685.8615,-6.8323617,109.460395,66.480545,-34.083579717946336,6.779128958410875,-3.475557883471556,1.7910065389764076,4.6551476,0.0,31.48694798596516,normal,0,2,0.0,0.0,0.23215930435651197,56341.090825779815,2129.140574621248,26.46189334367479,0.0,0.0,0.0,7916.593964221475,65.23067778000036,32.38780836644416,0.3182957393483709,-0.0006273598592270169,-0.055255356248244215,195.46869640625033,1766.139984977781,167.53189323721676,0.11067565309554653,40a7a6c4-b8d9-447a-ba96-8503647f43bb,Non-Event,Normal,condition_like,0.92,R6,amplitudo rendah + tidak ada struktur event → Non-Event,False,1.0,0.3025004274783203,medium
317,1776413689.344,-6.8323617,109.460395,65.872215,30.327653533643243,6.717096562026788,3.092560000983337,2.794238168675185,4.6551476,0.005000114440917969,32.99222433739578,normal,1,3,0.0,0.0,0.2350252214729675,41324.29792730556,1618.615054106644,25.530652144207856,0.1,0.0,0.005000114440917969,6598.293844518238,60.436124205931435,51.02656481747164,0.36180904522613067,-0.07845822385653234,0.02320822049142226,197.3515459992924,1243.9978906356278,177.2656174717236,0.15864299073675397,40a7a6c4-b8d9-447a-ba96-8503647f43bb,Non-Event,Non-Event,condition_like,0.6566666666666666,ML_Ensemble(RF),Dipelajari dari data (Confidence: 66%),True,1.0,0.301846680960742,medium
318,1776413693.21,-6.8323617,109.460395,83.997444,50.738906978989576,8.56535554955056,5.173928607525463,3.4600988000254413,4.6551476,0.0,51.45443964240579,candidate,0,3,0.0,0.0,0.011029970891318313,90316.84534923524,2313.5885398858063,39.037557350044416,0.0,0.0,0.0,10290.652394139861,97.6341270210747,22.68046462417773,0.33249370277078083,0.4811475024987555,0.1914468024969985,449.45893554414045,1518.0604378807884,346.0691664608774,0.29607446715066915,40a7a6c4-b8d9-447a-ba96-8503647f43bb,Non-Event,Normal,condition_like,0.92,R6,amplitudo rendah + tidak ada struktur event → Non-Event,False,1.0,0.5109902013448064,medium
319,1776413694.223,-6.8321683,109.4609,81.43904,-53.10027121072389,8.304470945735803,-5.414720746710028,1.993122635777839,5.9769545,0.010000228881835938,77.60580700974121,candidate,1,4,0.0,0.0,0.2260441940586475,78723.49159257168,2238.4406097716537,35.16889892621876,0.1,0.0,0.010000228881835938,15520.806158887355,100.00005520700057,18.438306350302387,0.32151898734177214,1.6906648746363704,-0.45992020544004547,393.2452910000537,1622.6768754722925,222.51844329930725,0.24234356001607102,40a7a6c4-b8d9-447a-ba96-8503647f43bb,Non-Event,Crack,condition_like,0.76,R4,spike kecil/rapat + durasi sangat singkat → Non-Event,True,1.0,0.48451230556263486,medium
320,1776413699.5015001,-6.8321683,109.4609,96.91995,44.599576105753044,9.883084437601017,4.547891084697939,4.330967319148374,5.9769545,0.015000343322753906,38.72039195671828,candidate,1,5,0.0,0.0,0.15141601962568124,54516.7957268796,2026.247139880576,26.90530420844292,0.1,0.0,0.015000343322753906,9368.364851570112,73.57075512351659,18.217978968559102,0.35353535353535354,0.3873062261122189,0.32530460329005356,228.93217534950412,1607.5681213125158,189.74684321855636,0.14240900411746224,40a7a6c4-b8d9-447a-ba96-8503647f43bb,Non-Event,Normal,condition_like,0.92,R6,amplitudo rendah + tidak ada struktur event → Non-Event,False,1.0,0.48480080067696685,medium
321,1776413704.256,-6.832005,109.461255,36.283295,-31.86073184467478,3.6998664171761004,-3.248890481935705,2.187480117216785,4.4667597,0.07500171661376953,40.664137741957376,normal,2,7,0.9210000038146973,0.0,0.4438507228633216,27815.511497803338,774.3960861540729,35.91897216323253,0.9210000038146973,0.8014352838377377,0.07500171661376953,8132.64140700185,57.74338566330563,29.707696523269938,0.3341772151898734,0.8518575494858522,-0.11010074470478101,112.19728142593466,568.6351195814509,93.56368514668726,0.19730979914010358,40a7a6c4-b8d9-447a-ba96-8503647f43bb,Non-Event,Non-Event,condition_like,0.5348322981366459,ML_Ensemble(RF)_LOW_CONF,"ML ragu-ragu (Conf: 53%), pakai tebakan terbaik ML",True,1.0,0.30094127602747234,medium
322,1776413706.622,-6.832005,109.461255,74.25673,-45.502401907071366,7.572079150372452,-4.639953695407848,2.252734832584053,4.4667597,0.07500171661376953,41.96698430959151,normal,2,4,0.3640000820159912,0.0,0.2691285325352598,27333.02267956747,760.4559061985133,35.94294214934978,0.3640000820159912,0.6016983214363827,0.07500171661376953,8393.204756706891,79.28034539842423,46.13323876903053,0.37721518987341773,2.7761833563275014,-0.5715782819409705,159.664373878503,453.7022588238711,147.08927349613924,0.3519144337973659,40a7a6c4-b8d9-447a-ba96-8503647f43bb,Non-Event,Non-Event,condition_like,0.5014989648033126,ML_Ensemble(RF)_LOW_CONF,"ML ragu-ragu (Conf: 50%), pakai tebakan terbaik ML",True,1.0,0.4283121224188742,medium
323,1776413708.663,-6.832005,109.461255,45.900173,31.81561351376666,4.680515058659176,3.2442896925827536,1.8012161704838485,4.4667597,0.015000343322753906,32.843305758925474,normal,1,5,0.0,0.0,0.2592296286355695,25401.456847092835,886.8792268771394,28.641393381029477,0.1,0.0,0.015000343322753906,6568.510810503727,53.972108071461776,32.92005946353593,0.3492462311557789,0.2785633008039885,0.41566837785563127,103.60799630556983,686.3278014925036,96.94342907906596,0.1509599289571276,40a7a6c4-b8d9-447a-ba96-8503647f43bb,Non-Event,Non-Event,condition_like,0.845,ML_Ensemble(RF),Dipelajari dari data (Confidence: 84%),False,1.0,0.2831516370977826,low
324,1776413711.443,-6.832005,109.461255,51.92167,32.2320049627807,5.294536870388971,3.2867498037332528,3.5592313472767545,4.4667597,0.10000228881835938,39.602473281538174,normal,3,5,0.4739999771118164,0.24000000953674316,0.1783144868884349,39838.91923229252,1364.2612172651097,29.20182637966832,0.9479999542236328,0.6391319987477271,0.10000228881835938,7920.313374720995,61.43275977598269,4.0989400863953485,0.34177215189873417,0.6265541914779118,0.34598572967384994,171.81300922015402,1055.7510551450164,136.69715289993954,0.16274007799482043,40a7a6c4-b8d9-447a-ba96-8503647f43bb,Non-Event,Non-Event,condition_like,0.6346666666666666,ML_Ensemble(RF)_LOW_CONF,"ML ragu-ragu (Conf: 63%), pakai tebakan terbaik ML",True,1.0,0.35194869890659486,medium
325,1776413715.9910002,-6.8317417,109.46172,94.68676,37.85764356717294,9.655362432634998,3.8604052930585824,4.071415539311849,5.8750396,0.09000205993652344,26.157765802774612,candidate,3,3,0.3624999523162842,0.00950002670288086,0.11616066550716382,42417.57842179874,1008.0561048302578,42.078588856780605,0.7249999046325684,0.809441911851477,0.09000205993652344,5231.433422546289,65.04730388266313,2.701117178972419,0.25757575757575757,0.644055573501221,0.593356604699981,120.70341298344891,788.9579541080575,98.39473773875147,0.15299093215546208,40a7a6c4-b8d9-447a-ba96-8503647f43bb,Non-Event,Non-Event,condition_like,0.5596666666666666,ML_Ensemble(RF)_LOW_CONF,"ML ragu-ragu (Conf: 56%), pakai tebakan terbaik ML",True,1.0,0.41990048218090664,medium
326,1776413724.693,-6.8315033,109.4621567,98.023575,32.27341586623325,9.995622868155792,3.2909725406977155,3.397649600781031,5.4251723,0.060001373291015625,35.91573815622117,normal,1,4,0.0,0.0,0.13178149030422517,45589.95323305049,1587.2690844800768,28.722258658028103,0.1,0.0,0.060001373291015625,7182.98322580541,62.87989595329627,9.151607583126031,0.32160804020100503,-0.006744611051095362,0.04761842497054376,166.21612688303924,1262.832507128027,158.22045046901084,0.1316216725600701,40a7a6c4-b8d9-447a-ba96-8503647f43bb,Non-Event,Normal,condition_like,0.92,R6,amplitudo rendah + tidak ada struktur event → Non-Event,False,1.0,0.34394261835232165,medium
327,1776413727.19,-6.8315033,109.4621567,42.845745,30.175330938706036,4.369050083361801,3.0770274190173033,1.9164628905306906,5.4251723,0.015000343322753906,24.76128805158538,normal,1,4,0.0,0.0,0.43488138204784016,23322.687234652592,680.8621217596351,34.254640484511434,0.1,0.0,0.015000343322753906,4952.144264729963,50.92936236532499,27.284560418473244,0.3139240506329114,0.2663208879923422,0.49351935931722835,107.90975955708026,466.0037040976758,106.94865810487902,0.2315641665004832,40a7a6c4-b8d9-447a-ba96-8503647f43bb,Non-Event,Normal,condition_like,0.92,R6,amplitudo rendah + tidak ada struktur event → Non-Event,False,1.0,0.27193958981178684,low
328,1776413730.792,-6.8315033,109.4621567,63.22155,36.22154261813323,6.446803954459474,3.693569426678145,0.4220624259380359,5.4251723,0.04000091552734375,31.15808308703938,normal,2,4,0.502000093460083,0.0,0.10709461931325136,38879.945089462744,1149.8640080658624,33.81264635028311,0.502000093460083,0.8453436193074504,0.04000091552734375,6231.473990287127,63.738962284265924,13.02547438691422,0.3316582914572864,0.33645148879805076,0.47029439266389883,175.06338620481063,829.0703356440051,145.7302862170469,0.21115625353748627,40a7a6c4-b8d9-447a-ba96-8503647f43bb,Non-Event,Non-Event,condition_like,0.5213333333333333,ML_Ensemble(RF)_LOW_CONF,"ML ragu-ragu (Conf: 52%), pakai tebakan terbaik ML",True,1.0,0.2794900645968517,low
329,1776413737.9720001,-6.8311626,109.4626186,73.34313,45.86037602801824,7.478917877154789,4.676456896903452,2.5029557861032026,5.300893,0.08999776840209961,26.437436462472576,normal,2,4,1.3339998722076416,0.0,0.15946072122442198,43312.476549095634,1061.883271444108,40.78835939227527,1.3339998722076416,0.9610926737606096,0.08999776840209961,6119.986409834593,74.48082649046161,4.489603204847472,0.3207070707070707,1.3688642848586978,1.0629012522711012,173.84118929032718,703.4867696521652,184.55531250161567,0.2471136580566657,40a7a6c4-b8d9-447a-ba96-8503647f43bb,Non-Event,Non-Event,condition_like,0.4346666666666666,ML_Ensemble(RF)_LOW_CONF,"ML ragu-ragu (Conf: 43%), pakai tebakan terbaik ML",True,1.0,0.44106281288824156,medium
330,1776413742.17175,-6.8311626,109.4626186,108.05836,-68.74926096275493,11.018886163980564,-7.010473603397178,6.055713750039919,5.300893,0.04999876022338867,43.67072813853,candidate,1,3,0.0,0.0,0.16122179663630617,87809.697316187,2854.1347801746238,30.765785097243647,0.1,0.0,0.04999876022338867,8734.36220086543,114.9619842665684,24.669731642567076,0.31155778894472363,1.2653710251771795,-0.2041029597603294,341.3177150268911,2314.1146885057183,198.70237664201386,0.14749386302015768,40a7a6c4-b8d9-447a-ba96-8503647f43bb,Non-Event,Crack,condition_like,0.76,R4,spike kecil/rapat + durasi sangat singkat → Non-Event,True,1.0,0.7646925313225001,high
331,1776413747.9703333,-6.8308549,109.4630619,106.183075,-65.92947230508167,10.827660312135134,-6.722935182257109,6.427665786948149,6.4864845,0.0650014877319336,36.02046888968472,candidate,2,5,0.4699997901916504,0.0,0.02735915463672841,37721.291104210846,1223.8334804177177,30.82224148706375,0.4699997901916504,0.8034491989532307,0.0650014877319336,7203.928893089844,60.47634277966561,18.18305077121805,0.35858585858585856,-0.19317480820224286,-0.1674174768359492,170.88990509444898,898.6930978680527,154.25047745521596,0.19015379700778057,40a7a6c4-b8d9-447a-ba96-8503647f43bb,Speed Bump,Speed Bump,event,0.9,R3,multi-peak terstruktur + durasi lebih panjang + shape relatif simetris,False,1.0,0.7399392779830349,high
332,1776413754.631,-6.8305467,109.4635633,48.590073,-33.32735629965593,4.954808522788108,-3.398444555445125,2.677701265661463,7.265819,0.0,28.718035582092394,normal,0,4,0.0,0.0,0.13597022679221565,37931.075077794536,827.7537343723197,45.82410620078122,0.0,0.0,0.0,5743.475658693137,57.07807262514876,19.662182452963922,0.33668341708542715,-0.19328838719315122,-0.3262492617160227,185.26685021863858,459.147297126512,183.33958702716916,0.40350199374927115,40a7a6c4-b8d9-447a-ba96-8503647f43bb,Non-Event,Normal,condition_like,0.92,R6,amplitudo rendah + tidak ada struktur event → Non-Event,False,1.0,0.32511671884544335,medium
333,1776413761.912,-6.8305467,109.4635633,34.147217,-31.547328236187923,3.482047080297553,-3.2169322078577216,1.4878877859023845,7.265819,0.0950021743774414,27.732173200136558,normal,2,2,0.21300005912780762,0.0,0.033915458192729155,26050.029448076348,741.5331659284502,35.12995859103614,0.21300005912780762,0.6757478146506409,0.0950021743774414,5546.3076951185185,58.442672406140176,1.906497514855209,0.29545454545454547,0.5995639628109743,0.17737576206863853,123.06511681512555,482.4006325613011,136.06741655202362,0.25510977443500193,40a7a6c4-b8d9-447a-ba96-8503647f43bb,Non-Event,Non-Event,condition_like,0.738832298136646,ML_Ensemble(RF),Dipelajari dari data (Confidence: 74%),True,1.0,0.27624532131558255,low
334,1776413767.724,-6.83023,109.464085,59.535835,29.505364088709925,6.07096562026788,3.0087098131074246,0.754511727253129,6.2790966,0.04999995231628418,40.01748318143294,normal,2,3,0.4779999256134033,0.0,0.019618888354290962,32445.42407893177,1279.1552432366802,25.364727405150237,0.4779999256134033,0.8001344133248314,0.04999995231628418,8003.50426902305,57.29099504950918,5.194986420965265,0.3240506329113924,0.18924240309204787,0.4391626417231574,180.06086940331193,964.5507362234995,134.5436376098689,0.18667848403871926,40a7a6c4-b8d9-447a-ba96-8503647f43bb,Non-Event,Non-Event,condition_like,0.508,ML_Ensemble(RF)_LOW_CONF,"ML ragu-ragu (Conf: 51%), pakai tebakan terbaik ML",True,1.0,0.22968427051182716,low
335,1776413770.6665,-6.83023,109.464085,90.19951,37.199628460256456,9.197790274966477,3.7933064257678675,3.6739889958274587,6.2790966,0.09999752044677734,42.04910588881074,normal,2,3,0.4909999370574951,0.0,0.18705104651538937,41526.65386544519,2005.4217311633752,20.707192506908637,0.4909999370574951,0.8070290348733611,0.09999752044677734,8410.029708924822,67.92071473064182,38.270903061080304,0.3501259445843829,1.0462622361718195,-0.1583685240790869,330.00986393445544,1476.634931168183,198.7769360607366,0.22348778072715172,40a7a6c4-b8d9-447a-ba96-8503647f43bb,Non-Event,Non-Event,condition_like,0.5513333333333332,ML_Ensemble(RF)_LOW_CONF,"ML ragu-ragu (Conf: 55%), pakai tebakan terbaik ML",True,1.0,0.4013636922135317,medium
336,1776413773.3235,-6.83023,109.464085,81.929565,36.22918243642426,8.354490575272902,3.694348471335702,1.322134887513846,6.2790966,0.030000686645507812,36.31886449425075,normal,2,3,0.31100010871887207,0.0,0.47904099701941427,42089.41052869354,1506.8485561315956,27.932077400541186,0.31100010871887207,0.9920838757851803,0.030000686645507812,7263.606648087635,69.19442436913945,26.91200280853486,0.35353535353535354,0.6257994567788696,0.052879712834510505,178.49075063780242,1213.836704245713,114.5211012480805,0.14704675667364261,40a7a6c4-b8d9-447a-ba96-8503647f43bb,Non-Event,Non-Event,condition_like,0.46333333333333326,ML_Ensemble(RF)_LOW_CONF,"ML ragu-ragu (Conf: 46%), pakai tebakan terbaik ML",True,1.0,0.30881257683575447,medium
337,1776413778.9285002,-6.829965,109.4645683,68.55167,-30.38488944316032,6.990324932571266,-3.0983964394732473,5.032756207435818,6.1591663,0.0,30.697370524908198,candidate,0,5,0.0,0.0,0.07235254147882718,45640.17598875151,1366.6854532986608,33.394791643679696,0.0,0.0,0.0,6139.333586787362,57.383564380316756,10.45683288249148,0.3333333333333333,-0.1107665659334649,-0.205079787092114,194.99917532562506,1001.7395464506318,169.94673152240415,0.19466055405507998,40a7a6c4-b8d9-447a-ba96-8503647f43bb,Non-Event,Normal,condition_like,0.92,R6,amplitudo rendah + tidak ada struktur event → Non-Event,False,1.0,0.37661421980045284,medium
338,1776413782.0655,-6.829965,109.4645683,52.33525,32.455765691987196,5.336710293525313,3.3095670480732156,3.296326329913537,6.1591663,0.05000114440917969,35.24302693853976,normal,2,8,0.7439999580383301,0.0,0.23773243627828913,31349.887229421453,924.3019496861014,33.91736564674639,0.7439999580383301,0.976217085589832,0.05000114440917969,7048.444061626219,63.369146608122165,11.071675047456273,0.34517766497461927,0.7539074835407815,-0.24985864738456084,147.5150170197089,586.7300028606019,190.05692980579045,0.25141890826969915,40a7a6c4-b8d9-447a-ba96-8503647f43bb,Non-Event,Non-Event,condition_like,0.7753809523809524,ML_Ensemble(RF),Dipelajari dari data (Confidence: 78%),True,1.0,0.34148866448772913,medium
339,1776413798.802,-6.8294935,109.4655221,52.62331,32.10415873472364,5.366084238756354,3.273713116581467,1.6182625778709399,5.461398,0.009999752044677734,22.96834800285327,normal,1,3,0.0,0.0,0.374506463471951,29228.413007585972,847.6363747542999,34.48225423499081,0.1,0.0,0.009999752044677734,4593.783505877615,57.87010282681757,31.993957904194918,0.3316582914572864,0.40106948384579155,0.14753900737079784,136.60069786309452,589.9544460153761,121.0812308758294,0.23154448373796946,40a7a6c4-b8d9-447a-ba96-8503647f43bb,Non-Event,Normal,condition_like,0.92,R6,amplitudo rendah + tidak ada struktur event → Non-Event,False,1.0,0.27932624782471416,low
340,1776413801.428,-6.8294935,109.4655221,29.899525,-32.6911708582677,3.0489030402838893,-3.333571694540715,0.8744400903220872,5.461398,0.004999876022338867,28.179802321267637,normal,1,6,0.0,0.0,0.13605366319332213,22803.12717834671,729.2367737113073,31.269853590932918,0.1,0.0,0.004999876022338867,5636.1002143580245,55.29818317587592,9.339125316328879,0.35516372795969775,0.7950987993574561,-0.4376126812746301,114.99107763799923,503.4301840365152,110.81551203679277,0.22841514286565595,40a7a6c4-b8d9-447a-ba96-8503647f43bb,Non-Event,Non-Event,condition_like,0.6525942028985509,ML_Ensemble(RF),Dipelajari dari data (Confidence: 65%),True,1.0,0.259544446221076,low
341,1776413830.047,-6.8290874,109.4663951,87.128784,-35.78808372815012,8.88466336618519,-3.649368920900626,3.193684359941899,2.6276822,0.17000389099121094,36.32883456825519,normal,2,3,0.42299985885620117,0.0,0.19179797381085967,34488.8844390223,1047.1240975335872,32.93676889618069,0.42299985885620117,0.9999294959176791,0.17000389099121094,7265.600617250192,63.76889560214716,48.99158013394563,0.375,0.6489624558616365,-0.07637654692846614,126.1798399991206,835.3739939668712,85.57026356759545,0.15104592764361138,40a7a6c4-b8d9-447a-ba96-8503647f43bb,Non-Event,Non-Event,condition_like,0.5479275362318841,ML_Ensemble(RF)_LOW_CONF,"ML ragu-ragu (Conf: 55%), pakai tebakan terbaik ML",True,1.0,0.3776496400367938,medium
342,1776413842.05,-6.8284314,109.4678833,75.64793,41.06383384002285,7.713942069921941,4.1873457133703,2.818434912142954,10.877279,0.12999677658081055,56.03564942924215,normal,2,3,0.2220001220703125,0.0,0.2575895529405434,47981.08753513411,912.4217866514994,52.58652104158274,0.2220001220703125,0.9758251274996691,0.12999677658081055,11207.407779489202,73.2185336125109,10.577637153439323,0.3611111111111111,0.6088963291282239,0.28057542173881383,185.61239654211286,581.1474238897248,145.66196621966165,0.3193895190662397,40a7a6c4-b8d9-447a-ba96-8503647f43bb,Pothole,Pothole,event,0.49666666666666665,ML_Ensemble(RF)_LOW_CONF,"ML ragu-ragu (Conf: 50%), pakai tebakan terbaik ML",True,1.0,0.41055870285165297,medium
343,1776413857.815,-6.8277433,109.4695017,42.933594,30.831431242528243,4.37800818832119,3.1439310307320283,0.9422471801165022,8.955652,0.0650014877319336,20.596647147983752,normal,1,6,0.0,0.0,0.09999561586514685,32164.300749409435,618.9197996766411,51.96844682339367,0.1,0.0,0.0650014877319336,5144.503263281816,53.516324388764886,5.677208373170557,0.37279596977329976,0.19361403965702317,0.5814899717754075,101.5085093445148,430.9680707157846,86.44321961634158,0.2355360315681524,40a7a6c4-b8d9-447a-ba96-8503647f43bb,Non-Event,Non-Event,condition_like,0.8523246753246753,ML_Ensemble(RF),Dipelajari dari data (Confidence: 85%),False,1.0,0.24923714368299432,low
344,1776413882.609,-6.8268109,109.4702084,45.195705,-33.41147784174175,4.6086793145467615,-3.4070225654776864,3.8562713920737295,5.7945676,0.020000457763671875,35.76345124163849,normal,1,3,0.0,0.0,0.05844086532451106,36083.80479424137,959.3664401293022,37.61211904782277,0.1,0.0,0.020000457763671875,7152.526539987092,58.906546584738074,12.833615383224629,0.37279596977329976,0.037140637237453866,-0.306318200134233,114.77635550621932,733.9845145583723,110.60557006471062,0.1563743554166183,40a7a6c4-b8d9-447a-ba96-8503647f43bb,Non-Event,Non-Event,condition_like,0.7299275362318842,ML_Ensemble(RF),Dipelajari dari data (Confidence: 73%),True,1.0,0.36667444496105817,medium
345,1776413884.587,-6.8264256,109.4709843,61.783485,30.1018468978387,6.300162134877864,3.069534132230548,3.6250537994499132,9.927378,0.039999961853027344,34.12755383076471,normal,2,3,0.5880000591278076,0.0,0.02008509773516968,37756.853967333285,835.8898107436513,45.169654465070174,0.5880000591278076,0.8464962818255474,0.039999961853027344,6825.517275473464,58.86571065386802,30.07986559715246,0.3778337531486146,-0.05514203098196102,0.03192530122969542,122.84408092049954,612.1500181561387,100.8957116670129,0.20067643073807725,40a7a6c4-b8d9-447a-ba96-8503647f43bb,Non-Event,Non-Event,condition_like,0.7483333333333333,ML_Ensemble(RF),Dipelajari dari data (Confidence: 75%),True,1.0,0.33009319568805684,medium
346,1776413887.335,-6.8264256,109.4709843,105.968094,-97.59343004838486,10.805738351016911,-9.951760290046536,5.738766542897937,9.927378,0.4350099563598633,147.0705621026879,high_conf,3,4,0.21349990367889404,0.0205000638961792,0.5189019910914319,128720.5304978014,3434.7104147445025,37.47638517289678,0.4269998073577881,0.7960102262336508,0.4350099563598633,29413.43920034104,162.37271884411751,92.0093827189702,0.36180904522613067,3.665312763078421,-0.3674572884835286,332.4015574480088,2949.566257490521,152.74259980597208,0.11269506372035856,40a7a6c4-b8d9-447a-ba96-8503647f43bb,Non-Event,Rough Road,condition_like,0.72,R7,struktur kontinu panjang + noisy/dense → Non-Event,True,1.0,0.8739179648235875,high
347,1776413899.5173333,-6.8260655,109.4716114,71.0801,-40.083233914184376,7.248153039009244,-4.0873523490880554,2.5426214990020637,8.2691765,0.0,30.954151795613406,normal,0,3,0.0,0.0,0.2822364026869498,36650.30956576422,1261.0833350615235,29.062559561072643,0.0,0.0,0.0,7331.278170269994,57.13587247480952,23.21515980461907,0.3518987341772152,-0.09671781588465045,-0.21891966028340654,183.4841850532796,899.7927412682272,177.8064087400167,0.20391827632521975,40a7a6c4-b8d9-447a-ba96-8503647f43bb,Non-Event,Normal,condition_like,0.92,R6,amplitudo rendah + tidak ada struktur event → Non-Event,False,1.0,0.38261576138466047,medium
348,1776413904.1,-6.8260655,109.4716114,73.43409,35.78975312970329,7.488193215828035,3.6495391524836,2.52479965754216,8.2691765,0.0,32.955711846844395,normal,0,6,0.0,0.0,0.1643935010346372,46687.954538729726,1864.254916431502,25.04376096969323,0.0,0.0,0.0,6590.991513545053,68.90065178562332,29.88556704091607,0.35768261964735515,0.04836660320634634,0.12242930819262551,335.069037449135,1268.1550712031587,261.0308077792081,0.26421771658179105,40a7a6c4-b8d9-447a-ba96-8503647f43bb,Non-Event,Normal,condition_like,0.92,R6,amplitudo rendah + tidak ada struktur event → Non-Event,False,1.0,0.3426185123082627,medium
349,1776413907.74775,-6.825711,109.4722645,102.12964,-54.17540701473829,10.414324973359914,-5.524354087760682,5.433117378028704,7.291923,0.25000572204589844,30.84852014154625,candidate,2,4,0.26600003242492676,0.0,0.24644434228455075,49749.838782353734,1500.8693812655267,33.14734737759626,0.26600003242492676,0.6563362216532954,0.25000572204589844,10264.926229785538,98.29041624205789,82.71629739235088,0.32653061224489793,4.26979521371794,-0.570493826667775,210.37150622187792,1136.7230851629183,153.77478988073017,0.1850683854165401,40a7a6c4-b8d9-447a-ba96-8503647f43bb,Non-Event,Non-Event,condition_like,0.414927536231884,ML_Ensemble(RF)_LOW_CONF,"ML ragu-ragu (Conf: 41%), pakai tebakan terbaik ML",True,1.0,0.6270462096528606,high
350,1776413916.402,-6.8254312,109.4727588,79.414764,30.4440775866167,8.098052240061591,3.104431950423101,1.911219438154931,5.7693415,0.07000160217285156,30.144188601941412,normal,1,4,0.0,0.0,0.3417905050476765,15637.91049201829,521.3275176332402,29.996326556894722,0.1,0.0,0.07000160217285156,6028.69973440193,54.879330559869985,9.14743078259492,0.38636363636363635,2.4305386165471914,0.8081727243778698,96.82959405661566,299.7017328874126,124.79619068921184,0.32308653273588045,40a7a6c4-b8d9-447a-ba96-8503647f43bb,Non-Event,Non-Event,condition_like,0.8536580086580087,ML_Ensemble(RF),Dipelajari dari data (Confidence: 85%),False,1.0,0.27835631030620733,low
351,1776413929.2055001,-6.8251415,109.4732711,76.7725,31.27613453424138,7.8286162960848,3.189278146384482,2.9285538160114135,8.02342,0.0,31.52906064404774,normal,0,3,0.0,0.0,0.022813469007005687,33490.60066166532,923.6504973843129,36.25895370624326,0.0,0.0,0.0,6305.968488654427,60.440528203991974,29.6899160599616,0.369620253164557,0.40667814114782397,0.008940894405528555,223.34308468735068,556.1126995941322,144.19471310282998,0.4016147886008329,40a7a6c4-b8d9-447a-ba96-8503647f43bb,Non-Event,Non-Event,condition_like,0.7583333333333333,ML_Ensemble(RF),Dipelajari dari data (Confidence: 76%),True,1.0,0.3146534937083172,medium
352,1776413932.227,-6.8251415,109.4732711,72.49211,49.49057860008617,7.39213798799794,5.046634538816637,0.17154413153034412,8.02342,0.11500263214111328,45.622782256059054,candidate,1,6,0.0,0.0,0.29686295123770406,20808.34649496781,329.17559766578887,63.21351454757881,0.1,0.0,0.11500263214111328,9124.347611468507,73.19394924056098,5.587625777785779,0.39185750636132316,7.82235398824889,2.1206204605948447,64.83373598647606,208.49265238481328,55.8492092944995,0.31096412719546973,40a7a6c4-b8d9-447a-ba96-8503647f43bb,Non-Event,Crack,condition_like,0.76,R4,spike kecil/rapat + durasi sangat singkat → Non-Event,True,1.0,0.39854044362175894,medium
353,1776413948.332,-6.8244497,109.4744404,77.13754,54.808246491561206,7.865840016723347,5.588885755233562,3.883899880456015,9.309556,0.14999985694885254,66.60562470959081,candidate,2,2,0.35000014305114746,0.0,0.4738808396457102,57668.137515002425,1674.174873646951,34.44570718884038,0.35000014305114746,0.9082248303626795,0.14999985694885254,13321.137645945,108.60530302452788,12.010040444825469,0.3583959899749373,3.3986322854601996,0.34895783261756375,255.2143993834963,1239.060664669023,179.89980959443193,0.2059740950986406,40a7a6c4-b8d9-447a-ba96-8503647f43bb,Pothole,Pothole,event,0.38,ML_Ensemble(RF)_LOW_CONF,"ML ragu-ragu (Conf: 38%), pakai tebakan terbaik ML",True,1.0,0.5737130365907184,medium
354,1776413951.311,-6.8244497,109.4744404,35.12274,-42.12296852237373,3.58152274222084,-4.295347394102342,3.0892788899929786,9.309556,0.22000503540039062,43.64944793273543,normal,2,4,0.45599985122680664,0.0,0.07238288376312092,21789.52509972453,731.0631047963726,29.80525884422582,0.45599985122680664,0.7630665025365229,0.22000503540039062,8729.689779804688,69.12978846085541,9.178225351122471,0.3883248730964467,7.3797905935716255,-1.3319112818874892,99.68233121627523,531.3403183344778,100.0404552456194,0.18760543401097587,40a7a6c4-b8d9-447a-ba96-8503647f43bb,Non-Event,Non-Event,condition_like,0.557784679089027,ML_Ensemble(RF)_LOW_CONF,"ML ragu-ragu (Conf: 56%), pakai tebakan terbaik ML",True,1.0,0.4360576061240061,medium
355,1776413972.2042499,-6.8241104,109.4750159,90.831154,-51.35778638105955,9.2622000377295,-5.237036743542347,7.322852422905725,2.8625748,0.004999876022338867,38.3174058428689,candidate,1,5,0.0,0.0,0.23275118810757883,70901.13332189551,2162.640067358198,32.7845277442405,0.1,0.0,0.004999876022338867,7663.671193379829,92.53535519893856,162.46762030683018,0.3282828282828283,0.34903079551899996,-0.23456463964136814,272.3155404898484,1636.7064573257458,253.61806954260376,0.16638019548625177,40a7a6c4-b8d9-447a-ba96-8503647f43bb,Non-Event,Crack,condition_like,0.76,R4,spike kecil/rapat + durasi sangat singkat → Non-Event,True,1.0,0.6017082976204866,high
356,1776413978.3350837,-6.8236299,109.4758239,96.90236,-47.16118296676647,9.881290756782388,-4.809102289443028,4.497349068843918,6.273261500000001,0.015000343322753906,44.93302596780967,candidate,1,4,0.0,0.0,0.1282517067337607,89762.90646659838,3420.029799901929,26.24623517693505,0.1,0.0,0.015000343322753906,10141.988037416457,78.36797857047046,68.09423366458658,0.345088161209068,-0.3253410095510523,0.09061659716475418,765.8737455012323,1973.6296592492872,680.526395151409,0.38805342305430063,40a7a6c4-b8d9-447a-ba96-8503647f43bb,Non-Event,Normal,condition_like,0.92,R6,amplitudo rendah + tidak ada struktur event → Non-Event,False,1.0,0.5138558674272098,medium
357,1776413982.124,-6.8236299,109.4758239,71.37441,29.79991671425477,7.278164306873397,3.0387458218917542,1.5153737483451963,6.2732615,0.015000343322753906,34.477994424828395,normal,1,5,0.0,0.0,0.19265983539271292,34513.08974558752,1273.8334672273356,27.09387891465583,0.1,0.0,0.015000343322753906,6895.441060844719,58.26704130335152,256.6023838085257,0.3638676844783715,0.26987117465104715,0.14403396971892782,179.46416302623402,944.6146277118014,149.75467648930035,0.18998664383482453,40a7a6c4-b8d9-447a-ba96-8503647f43bb,Non-Event,Non-Event,condition_like,0.7453333333333334,ML_Ensemble(RF),Dipelajari dari data (Confidence: 75%),True,1.0,0.25512460799763764,low
358,1776413989.0835383,-6.8233616,109.4762842,90.06703,50.540005469381086,9.184281074576946,5.153646298112107,4.999169008826121,6.1592207000000005,0.030000686645507812,48.24789577244593,candidate,2,5,0.497999906539917,0.0,0.46942019423973413,52080.06575505446,1958.996642799586,26.585071454763796,0.497999906539917,0.944850610649657,0.030000686645507812,9649.358298204896,77.9512871391092,136.83859972279961,0.3712121212121212,0.416117491701149,0.06451523052666872,207.03156002958667,1551.9317958821891,200.03328688781028,0.13340248614372768,40a7a6c4-b8d9-447a-ba96-8503647f43bb,Pothole,Pothole,event,0.4033333333333334,ML_Ensemble(RF)_LOW_CONF,"ML ragu-ragu (Conf: 40%), pakai tebakan terbaik ML",True,1.0,0.5627171852893734,medium
359,1776413997.8495,-6.8231183,109.4766921,109.36289,56.30987952954865,11.151911203112174,5.742009710711472,8.91015102932184,4.903831,0.010000228881835938,59.289418506570854,high_conf,1,6,0.0,0.0,0.11290905593493553,87911.95240506338,3183.737471531024,27.612814550056065,0.1,0.0,0.010000228881835938,11857.612302106818,107.26514928222696,82.65033708768279,0.3484848484848485,1.054975262714846,0.523237034258073,751.0835919531836,1988.5997530605316,444.0541265173092,0.37769470222428736,40a7a6c4-b8d9-447a-ba96-8503647f43bb,Non-Event,Crack,condition_like,0.76,R4,spike kecil/rapat + durasi sangat singkat → Non-Event,True,1.0,0.6475308911301703,high
360,1776414003.5957274,-6.8231183,109.4766921,98.55442,52.06413577180663,10.04975399346362,5.309064336119535,5.480135047525063,4.903830999999999,0.03499913215637207,44.52733393619302,candidate,2,3,0.4889998435974121,0.0,0.05688334740408079,74602.30043477757,2665.2776905393553,27.990441923404365,0.4889998435974121,0.9260420517342454,0.03499913215637207,8905.6876085027,89.40122685530436,125.72309553478013,0.3358395989974937,0.45420781153491996,0.1673289848452914,415.44900557546373,1922.5234890232045,327.3051959406874,0.21609567203282873,40a7a6c4-b8d9-447a-ba96-8503647f43bb,Pothole,Pothole,event,0.36333333333333334,ML_Ensemble(RF)_LOW_CONF,"ML ragu-ragu (Conf: 36%), pakai tebakan terbaik ML",True,1.0,0.5931118934133215,medium
361,1776414007.8214545,-6.8229028,109.4770648,99.69262,50.418028470074425,10.165818092824768,5.141208105731766,9.382769629244079,5.2230177,0.0,45.39366376857915,high_conf,0,3,0.0,0.0,0.022812825687852152,102176.26057200335,4489.806169130268,22.757387891655636,0.0,0.0,0.0,9078.957871308312,91.96314896665726,53.98653723591341,0.31738035264483627,0.08927204438251746,-0.19236046309840535,625.7203707178459,3486.145159427935,377.9406389844868,0.17948775565072475,40a7a6c4-b8d9-447a-ba96-8503647f43bb,Non-Event,Normal,condition_like,0.92,R6,amplitudo rendah + tidak ada struktur event → Non-Event,False,1.0,0.5927087295158591,medium
362,1776414013.663,-6.8229028,109.4770648,68.00215,-41.93353590985496,6.934289487235703,-4.276030643477126,3.620427745998221,5.2230177,0.06499838829040527,33.99387492741138,normal,2,5,1.2179999351501465,0.0,0.25987993757415156,47521.46336883868,1720.6452489592616,27.618396860110362,1.2179999351501465,0.8935037027882232,0.06499838829040527,8778.522040369799,69.87336151260908,9.770808275782114,0.3139240506329114,0.4470156944649646,0.4047757823394513,257.96693468856085,1279.8772305635216,182.80108370717937,0.2015559995339738,40a7a6c4-b8d9-447a-ba96-8503647f43bb,Non-Event,Non-Event,condition_like,0.42492753623188406,ML_Ensemble(RF)_LOW_CONF,"ML ragu-ragu (Conf: 42%), pakai tebakan terbaik ML",True,1.0,0.44039856190132914,medium
363,1776414016.1343334,-6.8226415,109.4774927,110.35769,-74.19660098974337,11.25335257197922,-7.565947697709552,7.458329966828349,4.49699,0.08500194549560547,75.4250767151492,candidate,3,6,0.36250007152557373,0.18749988079071045,0.33580261148476714,103883.38565778796,3399.7893484229016,30.555830076772754,0.7250001430511475,0.9769715750230091,0.08500194549560547,15084.670082331546,124.78907108966249,11.934739319844264,0.2972292191435768,2.457982644995827,-0.026488992461982726,497.91691611112515,2617.6940261953287,284.1784061164478,0.19021203812907325,40a7a6c4-b8d9-447a-ba96-8503647f43bb,Speed Bump,Speed Bump,event,0.9,R3,multi-peak terstruktur + durasi lebih panjang + shape relatif simetris,False,1.0,0.8173104387060302,high
364,1776414024.8863332,-6.8226226,109.4775229,87.73746,43.85379441278873,8.946731044750246,4.471842516332155,4.242557594110921,3.7738921,0.029999256134033203,21.07102560541137,candidate,1,4,0.0,0.0,0.010485105599772714,35970.08779713254,1353.914875227482,26.567466262988983,0.1,0.0,0.029999256134033203,6942.377796506416,58.44465814693649,18.930093691906563,0.33249370277078083,0.15243782719068077,0.15572245517480407,216.7455599052085,981.5356789067487,155.6336364155249,0.22082290470153926,40a7a6c4-b8d9-447a-ba96-8503647f43bb,Non-Event,Normal,condition_like,0.92,R6,amplitudo rendah + tidak ada struktur event → Non-Event,False,1.0,0.4761343571503105,medium
365,1776414034.83,-6.8226226,109.4775229,119.55114,-55.35228694545124,12.190823573799413,-5.644362442368315,5.714192664678231,2.3276963,0.044998884201049805,46.21183495025269,candidate,1,5,0.0,0.0,0.15843918695757037,41329.889173080366,1475.1989797405272,28.016484360864588,0.1,0.0,0.044998884201049805,9242.596165141607,98.40748461042902,27.45161793085581,0.3139240506329114,3.4627847781673493,-0.3143221441539553,158.06554247424867,1191.3587887653985,125.77464850087999,0.1326766913814224,40a7a6c4-b8d9-447a-ba96-8503647f43bb,Non-Event,Crack,condition_like,0.76,R4,spike kecil/rapat + durasi sangat singkat → Non-Event,True,1.0,0.6318406249508348,high
366,1776414036.698,-6.8225617,109.4777041,75.57207,38.13775576397412,7.70620650273029,3.8889687879116845,3.048836529890338,1.6107178,0.0650014877319336,27.393865696159395,normal,2,5,1.2750000953674316,0.0,0.01495809498991255,42874.25635635406,1380.2602791281183,31.06244305775023,1.2750000953674316,0.8368019928281883,0.0650014877319336,8106.039403280505,70.5641213466779,11.274081218207199,0.2975,0.5781714455585196,0.12615882674513487,209.62189859979785,977.5686484711371,193.0697320571834,0.2144318956149043,40a7a6c4-b8d9-447a-ba96-8503647f43bb,Non-Event,Non-Event,condition_like,0.52,ML_Ensemble(RF)_LOW_CONF,"ML ragu-ragu (Conf: 52%), pakai tebakan terbaik ML",True,1.0,0.3865101868216246,medium
367,1776414040.5046666,-6.8225617,109.4777041,64.18095,-50.23161704830161,6.544635527932576,-5.122199430825166,3.0115195915278803,1.6107178,0.12500286102294922,46.957574914769424,candidate,3,5,0.30250000953674316,0.01549983024597168,0.10559749522420349,54967.95608394475,1865.7333484250044,29.46185000170854,0.6050000190734863,0.8456462844756085,0.12500286102294922,9391.300033154543,92.10071079971196,10.805004589725634,0.30632911392405066,1.9997013140295552,0.2730981241835401,291.9976781804013,1375.0970597206529,198.63861052395043,0.21234695827752903,40a7a6c4-b8d9-447a-ba96-8503647f43bb,Pothole,Pothole,event,0.37420289855072464,ML_Ensemble(RF)_LOW_CONF,"ML ragu-ragu (Conf: 37%), pakai tebakan terbaik ML",True,1.0,0.5007571497352488,medium
368,1776414048.47,-6.8223926,109.4776971,88.48367,30.8204103809897,9.022823288278873,3.1428072156128444,2.9303089803220836,1.9771558,0.005000114440917969,25.556161733300854,normal,0,4,0.0,0.0,0.20328363165623906,30523.03161301516,993.8541215639718,30.711782463880127,0.0,0.0,0.005000114440917969,5795.778418086897,55.67827601393985,59.02284787751459,0.34760705289672544,0.3920360696116787,0.1718064423509163,130.2688605087767,728.9678255662948,134.61743548890018,0.17870316872884595,40a7a6c4-b8d9-447a-ba96-8503647f43bb,Non-Event,Normal,condition_like,0.92,R6,amplitudo rendah + tidak ada struktur event → Non-Event,False,1.0,0.31090462399896096,medium
369,1776414054.2738,-6.8223926,109.4776971,92.30071,-54.86598381382798,9.4120530456374,-5.594773323594498,4.8370173485481995,1.9771557999999998,0.010000228881835938,30.980454358881076,candidate,1,4,0.0,0.0,0.5856322394776884,85806.75975975508,2837.3485564496914,30.24188182113276,0.1,0.0,0.010000228881835938,8487.479188716981,93.41624274640765,81.34561374035053,0.3022670025188917,0.10367342331977225,-0.2176555950285994,555.8974484822368,1883.5714827597587,397.8796252076955,0.2951294672250087,40a7a6c4-b8d9-447a-ba96-8503647f43bb,Non-Event,Maneuver,condition_like,0.88,R5,gyro dominan + asimetri tinggi → maneuver (Non-Event),False,1.0,0.5955135279079158,medium
370,1776414055.803,-6.8222372,109.4777523,88.09082,-33.51531981908804,8.982763736852034,-3.417611500266456,2.6545463296778697,2.5548666,0.04500102996826172,36.62136502920017,normal,1,4,0.0,0.0,0.1277158748666191,69313.64771696534,2547.547029905367,27.207995328876077,0.1,0.0,0.04500102996826172,8487.479188716981,95.1805024819986,31.53023143749463,0.3333333333333333,1.4040029571292685,-0.24235110456283532,320.91339687937307,1956.7474321967434,269.8862008292507,0.16400348426935,40a7a6c4-b8d9-447a-ba96-8503647f43bb,Non-Event,Normal,condition_like,0.92,R6,amplitudo rendah + tidak ada struktur event → Non-Event,False,1.0,0.3294449899275297,medium
371,1776414058.897,-6.8222372,109.4777523,60.274338,38.38310877281464,6.146271968511163,3.913987832013444,2.620275608711803,2.5548666,0.055001258850097656,34.261348855009906,normal,2,5,0.8400001525878906,0.0,0.0753237715576477,33785.050284240235,1362.618148062687,24.79421715282464,0.8400001525878906,0.7908679114168754,0.055001258850097656,6852.112938583038,76.67613079495655,74.22434009248687,0.34595959595959597,1.315345555859822,-0.16340234429056072,159.3485345326863,1085.9940195602896,117.27559396971115,0.14673058185944216,40a7a6c4-b8d9-447a-ba96-8503647f43bb,Non-Event,Non-Event,condition_like,0.5946666666666666,ML_Ensemble(RF)_LOW_CONF,"ML ragu-ragu (Conf: 59%), pakai tebakan terbaik ML",True,1.0,0.37372651958536074,medium
372,1776414064.51,-6.8222372,109.4777523,102.50849,-66.13069624667322,10.452956922088584,-6.743454313825132,5.671849024940522,2.5548666,0.0650014877319336,43.905963848064616,candidate,1,3,0.0,0.0,0.0024408921598788793,45391.93675918195,1906.854780692167,23.80461123468488,0.1,0.0,0.0650014877319336,8780.991788660729,95.54540640808774,71.4085747480877,0.3367088607594937,4.178817828858019,-0.9443654005300945,176.60775845286372,1589.7319384704979,140.51508376880543,0.11109279122346097,40a7a6c4-b8d9-447a-ba96-8503647f43bb,Non-Event,Crack,condition_like,0.76,R4,spike kecil/rapat + durasi sangat singkat → Non-Event,True,1.0,0.730847633988841,high
373,1776414069.584,-6.8217733,109.4781458,90.363,-35.441028366542625,9.214461615332453,-3.6139791229974176,0.9307592958003428,2.6272352,0.0,32.481909692577204,normal,0,4,0.0,0.0,0.27566831389960134,47851.93611953022,2333.087679503966,20.510131924914976,0.0,0.0,0.0,6496.233251536112,66.379551970857,20.125509551013824,0.3065326633165829,0.19452144576492314,-0.1504754587208747,204.48594202106557,1948.9570988199503,179.64463866295003,0.10492069940377677,40a7a6c4-b8d9-447a-ba96-8503647f43bb,Non-Event,Normal,condition_like,0.92,R6,amplitudo rendah + tidak ada struktur event → Non-Event,False,1.0,0.28628343092977904,low
374,1776414073.535,-6.8217733,109.4781458,80.74916,-35.52324526139955,8.23412276363488,-3.6223629130640487,4.591098492741688,2.6272352,0.0,31.440975352387518,candidate,0,4,0.0,0.0,0.21966229858694394,46673.56700603636,1510.9467797359514,30.890278599556375,0.0,0.0,0.0,8749.034172684655,59.35074998979152,41.82494010911039,0.32323232323232326,-0.1697110616553399,-0.12294387749520833,203.45923785692915,1130.1903426859624,177.29719919305967,0.18002209892660598,40a7a6c4-b8d9-447a-ba96-8503647f43bb,Non-Event,Normal,condition_like,0.92,R6,amplitudo rendah + tidak ada struktur event → Non-Event,False,1.0,0.40904927860048734,medium
375,1776414082.7677498,-6.8217121,109.4783806,104.12138,-73.52673471705253,10.61742593036358,-7.497640347830558,6.929326292599231,1.918774,0.03500080108642578,27.988668912840573,candidate,2,4,0.315000057220459,0.0,0.32719549208850995,74234.06040774546,2947.358847222342,25.186638014071036,0.315000057220459,0.7176852797741217,0.03500080108642578,9882.242314447736,96.92191541010963,81.3415887503476,0.3256997455470738,0.9435007676405944,-0.33204143747710785,431.2356429613411,2256.79512606522,259.3280781957807,0.1910832036943151,40a7a6c4-b8d9-447a-ba96-8503647f43bb,Speed Bump,Speed Bump,event,0.9,R3,multi-peak terstruktur + durasi lebih panjang + shape relatif simetris,False,1.0,0.8074126913862321,high
376,1776414086.6955,-6.8214183,109.4792533,99.516464,-45.216133064305104,10.147855179903434,-4.610762397383929,5.8690242968113955,4.849198,0.04000091552734375,40.02100164573386,candidate,2,6,0.4049999713897705,0.0,0.3306375401779024,79520.55626495872,2746.836797359033,28.949865646355292,0.4049999713897705,0.9438767721783665,0.04000091552734375,8594.745369915332,87.94047112694403,57.175079873623496,0.3082706766917293,0.4709325752204605,-0.48633621362607815,391.90004004438305,2045.156305094028,309.7804522206219,0.19162351497370833,40a7a6c4-b8d9-447a-ba96-8503647f43bb,Pothole,Pothole,event,0.4342028985507247,ML_Ensemble(RF)_LOW_CONF,"ML ragu-ragu (Conf: 43%), pakai tebakan terbaik ML",True,1.0,0.5436028276561509,medium
377,1776414094.710875,-6.8214183,109.4792533,104.56154,-59.06526326382898,10.662309759194017,-6.022980657393604,4.017080856860335,4.849198,0.010000228881835938,49.04743791348181,candidate,1,4,0.0,0.0,0.4146408774093442,130194.47053712666,4311.464183703467,30.197275208510433,0.1,0.0,0.010000228881835938,10821.1832527657,108.00943602691069,159.00837647625627,0.3047858942065491,-0.035098774378400144,-0.19154995474625258,472.1836003631056,3470.3638131842517,368.91677015610964,0.13606170005380192,40a7a6c4-b8d9-447a-ba96-8503647f43bb,Non-Event,Crack,condition_like,0.76,R4,spike kecil/rapat + durasi sangat singkat → Non-Event,True,1.0,0.6067209715602399,high
378,1776414097.7415,-6.82129,109.4796033,42.439808,-31.785340538276763,4.327656029327039,-3.241202708190541,1.413782234712086,3.9082859,0.0,41.46416509093738,normal,0,5,0.0,0.0,0.008006488860093619,35358.78871445889,1364.0836893542307,25.921275186038457,0.0,0.0,0.0,8292.643214647102,59.24410384693124,5.442698454842544,0.327455919395466,0.43330244197852563,-0.023363173267937937,270.1616045415043,873.8873345698358,220.03475024289062,0.30914923874636535,40a7a6c4-b8d9-447a-ba96-8503647f43bb,Non-Event,Normal,condition_like,0.92,R6,amplitudo rendah + tidak ada struktur event → Non-Event,False,1.0,0.26883431822755155,low
379,1776414104.0538332,-6.8212958,109.4795995,97.192154,-36.231997519674685,9.91084152080476,-3.6946355299388363,4.114511956293845,3.5905124666666666,0.005000114440917969,25.15602685864916,candidate,1,4,0.0,0.0,0.218016186855375,45156.7242161912,1566.9788630164903,28.8176983449829,0.1,0.0,0.005000114440917969,5825.577048190674,68.49594640864106,16.611130231369717,0.2911392405063291,0.011351090836044353,-0.16991969359190828,234.95224267578837,1096.9235517850427,235.10306855565923,0.21419199367107625,40a7a6c4-b8d9-447a-ba96-8503647f43bb,Non-Event,Normal,condition_like,0.92,R6,amplitudo rendah + tidak ada struktur event → Non-Event,False,1.0,0.4000426048206923,medium
380,1776417341.475,-6.9517283,109.4972667,88.448395,48.90290724534886,9.019226239337593,4.986708737983803,3.2297242469607603,8.837266,0.11999702453613281,43.09506242705508,normal,2,4,0.16499996185302734,0.0,0.5389823446155285,53720.89422157391,1347.5664624371238,39.86511662256165,0.16499996185302734,0.9005865780917672,0.11999702453613281,8619.226203712118,85.06407940859913,91.52781571684923,0.3350125944584383,2.078194135348059,0.5740636838026391,436.7571189855601,606.9235558716741,303.8857875798895,0.719624595289694,2403297f-866d-495e-a41b-b29966866b69,Pothole,Pothole,event,0.48,ML_Ensemble(RF)_LOW_CONF,"ML ragu-ragu (Conf: 48%), pakai tebakan terbaik ML",True,1.0,0.4954610381574443,medium
381,1776417348.7365,-6.9520717,109.4968,56.54386,32.868860360202554,5.765869078635417,3.3516909811406093,1.8345136584306887,5.712387,0.020000457763671875,35.90462481242983,normal,1,4,0.0,0.0,0.2222906585347712,49998.57261181518,1270.2473349335119,39.361289094986326,0.1,0.0,0.020000457763671875,7292.469570028673,65.30703056214841,20.973399810589818,0.3468354430379747,-0.09819128243747288,0.00754617914624832,164.0465063716356,934.4400107012398,171.7608178606365,0.17555595256775533,2403297f-866d-495e-a41b-b29966866b69,Non-Event,Non-Event,condition_like,0.6766666666666665,ML_Ensemble(RF),Dipelajari dari data (Confidence: 68%),True,1.0,0.2943026779159532,low
382,1776417372.6215,-6.9523319,109.4963529,58.815235,36.40786346092055,5.99748486996069,3.7125688650987394,3.3319342850188027,2.097562,0.03999900817871094,32.70397909547947,normal,2,3,0.6959998607635498,0.0,0.2155079405941323,35444.00028075985,825.951289658484,42.91294254471394,0.6959998607635498,0.9732360368125331,0.03999900817871094,6540.958005630914,60.982572859895036,4.549472838158912,0.32914572864321606,0.21613669352368126,0.5418528476778136,144.0437723847957,551.1761243467272,130.73139292696123,0.2613389182889269,2403297f-866d-495e-a41b-b29966866b69,Non-Event,Non-Event,condition_like,0.6853809523809524,ML_Ensemble(RF),Dipelajari dari data (Confidence: 69%),True,1.0,0.3781955996395833,medium
383,1776417376.5843334,-6.9523319,109.4963529,70.17972,33.65738154598253,7.156339830625138,3.4320977648822515,2.810362785911723,2.097562,0.0,40.00903997346704,normal,0,3,0.0,0.0,0.30199886364670264,53930.76202557112,1777.3158723060483,30.343937639656925,0.0,0.0,0.0,8002.0064087011915,66.11396557688991,24.629335869662544,0.31909547738693467,-0.474350901237671,0.08509330635854312,330.4184473755709,1236.7697941462066,210.1276307842707,0.267162449044537,2403297f-866d-495e-a41b-b29966866b69,Non-Event,Normal,condition_like,0.92,R6,amplitudo rendah + tidak ada struktur event → Non-Event,False,1.0,0.3325675583697934,medium
384,1776417381.4706001,-6.9524284,109.4960915,96.4676,-54.612939655492816,9.83695757470696,-5.568970000509126,7.246588191230495,1.9180521,0.05000114440917969,28.2242975448108,candidate,1,7,0.0,0.0,0.9026810150760604,47988.92796894379,1652.0324064681322,29.0484180286091,0.1,0.0,0.05000114440917969,8891.801159583714,77.54488107394275,3.148049578265873,0.32151898734177214,0.7800679355437543,-0.417086222907299,228.79576516507478,1286.8948666062734,136.34177469678426,0.17778901052783982,2403297f-866d-495e-a41b-b29966866b69,Non-Event,Maneuver,condition_like,0.88,R5,gyro dominan + asimetri tinggi → maneuver (Non-Event),False,1.0,0.6349573858765098,high
385,1776417387.305,-6.9524284,109.4960915,39.512753,-33.62321529220089,4.0291794853492275,-3.4286137765904656,0.8173128153436724,1.9180521,0.055001258850097656,34.99905551106745,normal,2,2,0.17300009727478027,0.0,0.035835056933072734,25708.353057414526,911.1554357107484,28.21511239643274,0.17300009727478027,0.8005891235834487,0.055001258850097656,6999.650892918762,61.4671572863714,77.3121014149191,0.3622448979591837,0.5279596082077331,-0.1429706636145305,118.9983276218113,683.6135971309616,108.54351095797556,0.17407249935805766,2403297f-866d-495e-a41b-b29966866b69,Non-Event,Non-Event,condition_like,0.6139751552795031,ML_Ensemble(RF)_LOW_CONF,"ML ragu-ragu (Conf: 61%), pakai tebakan terbaik ML",True,1.0,0.26994409481835496,low
386,1776417392.5215,-6.9530958,109.494861,80.02403,-41.82720981352735,8.160180081883212,-4.265188399048334,2.2310483616522636,7.793902,0.0,37.64480193375361,normal,0,3,0.0,0.0,0.05664504023372138,40596.63381766819,1652.934622317545,24.56033847012543,0.0,0.0,0.0,7529.147075959682,76.89042777031382,16.61502323946362,0.3148614609571788,0.551485846495936,-0.01767482116313964,357.36245887166,1012.805493572986,282.76666987289883,0.35284411546595074,2403297f-866d-495e-a41b-b29966866b69,Non-Event,Normal,condition_like,0.92,R6,amplitudo rendah + tidak ada struktur event → Non-Event,False,1.0,0.3882352346360922,medium
387,1776417453.7437499,-6.9576179,109.4926011,110.85458,-58.484097530246665,11.30402125088588,-5.9637182452974935,4.259304235674091,9.831934,0.08999776840209961,54.05205396816442,candidate,2,5,0.5690000057220459,0.0,0.37612853098775956,73428.8723710104,1608.562379268606,45.64875647455392,0.5690000057220459,0.9210097481700144,0.08999776840209961,10810.678850168704,107.32708127044049,24.148747213944745,0.3249370277078086,1.6524313376731197,-0.5977066867912953,254.11474261371194,1183.2898479383434,171.15778871655095,0.2147527445128559,2403297f-866d-495e-a41b-b29966866b69,Pothole,Pothole,event,0.4066666666666666,ML_Ensemble(RF)_LOW_CONF,"ML ragu-ragu (Conf: 41%), pakai tebakan terbaik ML",True,1.0,0.6154612825627349,high
388,1776417458.891,-6.9581412,109.4919207,62.315742,37.8252938293571,6.354437244114963,3.8571065378449423,1.613894668621918,9.912414,0.03500080108642578,41.25693039774936,normal,1,5,0.0,0.0,0.18635154027615303,45232.90750766755,974.2625159873093,46.427843336866005,0.1,0.0,0.03500080108642578,8251.197224632926,72.21734414601286,67.81885340211932,0.39949748743718594,0.3886545178406893,0.3740143232322172,216.14984932320456,584.2902881458607,173.82237851824402,0.36993572088829546,2403297f-866d-495e-a41b-b29966866b69,Non-Event,Normal,condition_like,0.92,R6,amplitudo rendah + tidak ada struktur event → Non-Event,False,1.0,0.3335611374415907,medium
389,1776417465.606,-6.9581412,109.4919207,30.302608,-29.890153448508755,3.0900060673114673,-3.047947407984251,1.3953870201385923,9.912414,0.07499814033508301,27.599500138293493,normal,2,3,0.4739999771118164,0.0,0.23486664854677658,25588.196592962497,770.2255502721116,33.22169272455425,0.4739999771118164,0.7356100964084962,0.07499814033508301,5520.036899911542,56.66768701322242,43.70680371535397,0.389873417721519,0.3667021443102203,-0.08822473505044044,134.6296893269477,547.6648059816825,87.93105496348147,0.24582497836391118,2403297f-866d-495e-a41b-b29966866b69,Non-Event,Non-Event,condition_like,0.8228571428571427,ML_Ensemble(RF),Dipelajari dari data (Confidence: 82%),False,1.0,0.25645302791500024,low
390,1776417481.8965,-6.9592493,109.4904133,83.90988,50.10955577106715,8.556426506503241,5.109752644487888,4.082600437738029,10.228854,0.04999876022338867,31.73253076975559,candidate,2,5,1.126000165939331,0.0,0.09604892052776053,43482.35948742555,895.5103302178094,48.55595515943814,1.126000165939331,0.7306159451334817,0.04999876022338867,9590.227008558215,82.02633219516102,21.546085971266994,0.37185929648241206,0.827105429254468,0.3763410173133688,240.59338160517228,491.7448663272464,163.17208228539084,0.48926465244641215,2403297f-866d-495e-a41b-b29966866b69,Non-Event,Non-Event,condition_like,0.6146666666666667,ML_Ensemble(RF)_LOW_CONF,"ML ragu-ragu (Conf: 61%), pakai tebakan terbaik ML",True,1.0,0.5297143262785984,medium
391,1776417499.848,-6.959916,109.4893256,88.34307,-42.006064484301845,9.008486078324403,-4.283426499803893,3.587903679901399,10.686746,0.11000251770019531,35.72496176948896,normal,1,3,0.0,0.0,0.12684235638855423,32210.42711378883,953.7114686054252,33.77376506451695,0.1,0.0,0.11000251770019531,7144.828821743974,73.05789175524572,106.34983614473256,0.41959798994974873,1.794219161590486,-0.017685926954799154,159.9176610464461,691.6144040146173,102.17940354436169,0.23122372797175364,2403297f-866d-495e-a41b-b29966866b69,Non-Event,Non-Event,condition_like,0.7969275362318841,ML_Ensemble(RF),Dipelajari dari data (Confidence: 80%),True,1.0,0.4433553631399117,medium
392,1776417525.828,-6.9620088,109.4894888,97.92897,-55.2419579560523,9.985975842922915,-5.633112016443159,5.131807304403708,12.202927,0.3400077819824219,43.40349082607191,candidate,3,3,0.17500007152557373,0.001999974250793457,0.03705702321874822,36939.56711292063,997.5608286764117,37.02988932003582,0.35000014305114746,0.7386534260416195,0.3400077819824219,8680.499484348498,87.45822964326406,8.427843506763297,0.4010152284263959,4.425858312250144,-0.7456691075413846,111.42820610041014,823.4785314070449,62.654091168956796,0.1353140388185994,2403297f-866d-495e-a41b-b29966866b69,Non-Event,Non-Event,condition_like,0.5915942028985507,ML_Ensemble(RF)_LOW_CONF,"ML ragu-ragu (Conf: 59%), pakai tebakan terbaik ML",True,1.0,0.6335409086086896,high
393,1776417566.7129998,-6.9650522,109.4875557,105.05549,-45.13352820085615,10.712678641534062,-4.6023390455309565,2.13935456848263,9.9000635,0.19500446319580078,62.62431248987173,normal,2,5,0.23199987411499023,0.0,0.4902387548669621,41356.697100655656,989.5164833868932,41.79485410622579,0.23199987411499023,0.7132793806180265,0.19500446319580078,12524.575833183242,88.83735718766859,68.91814670156514,0.4105793450881612,2.6445138930979866,0.06357975023582822,214.33167961951688,603.5792018868805,171.60560188049578,0.3551011674928199,2403297f-866d-495e-a41b-b29966866b69,Pothole,Pothole,event,0.365,ML_Ensemble(RF)_LOW_CONF,"ML ragu-ragu (Conf: 36%), pakai tebakan terbaik ML",True,1.0,0.4301476677868922,medium
394,1776417576.0180001,-6.96507,109.486635,103.33794,-38.54274387425165,10.537537283374038,-3.9302660821230138,4.4830057335181115,8.725057,0.055001258850097656,38.442241149087366,candidate,2,4,0.625999927520752,0.0,0.07998152904018263,39871.493550689964,1212.9841569444297,32.87058061686292,0.625999927520752,0.9584363290552254,0.055001258850097656,7688.272259230485,70.33667632483613,33.60022139287139,0.3383838383838384,1.3552979129495055,-0.2262201289566557,224.4765737287486,804.1792151183603,184.32836809732078,0.2791374972512468,2403297f-866d-495e-a41b-b29966866b69,Non-Event,Non-Event,condition_like,0.5815942028985508,ML_Ensemble(RF)_LOW_CONF,"ML ragu-ragu (Conf: 58%), pakai tebakan terbaik ML",True,1.0,0.43728256625543227,medium
395,1776417581.523,-6.9653733,109.4861967,81.13704,37.10772900724013,8.273675516103868,3.7839352895474128,2.913141534282193,5.0056734,0.059998512268066406,49.37867513385309,normal,2,3,0.753000020980835,0.0,0.02758643469537644,40791.29817447232,1010.095614473919,40.383600868650205,0.753000020980835,0.7511225553374804,0.059998512268066406,9875.97990694867,67.97695226960606,93.19208814382633,0.37531486146095716,0.9442423286906996,0.06570871865216778,225.80896483847692,578.948801227789,205.33784840765304,0.3900327005938459,2403297f-866d-495e-a41b-b29966866b69,Pothole,Pothole,event,0.52,ML_Ensemble(RF)_LOW_CONF,"ML ragu-ragu (Conf: 52%), pakai tebakan terbaik ML",True,1.0,0.3721587822887786,medium
396,1776417588.616,-6.9653733,109.4861967,71.4535,31.91430368327015,7.2862292424018404,3.2543532891731783,3.8391333263918432,5.0056734,0.09499764442443848,30.42779770166022,normal,2,5,0.8399999141693115,0.0,0.18300106868592075,26841.512845639234,552.6792414167239,48.566167834109734,0.8399999141693115,0.9627306993829512,0.09499764442443848,6085.71043876135,57.98763480476063,80.48943170414677,0.3702770780856423,1.2382546754061021,0.24831580316996005,104.00559014333245,344.11897501156,104.55467626183145,0.3022372998687483,2403297f-866d-495e-a41b-b29966866b69,Non-Event,Non-Event,condition_like,0.8218961038961039,ML_Ensemble(RF),Dipelajari dari data (Confidence: 82%),False,1.0,0.3579877302371471,medium
397,1776417589.341,-6.9657733,109.4859017,60.951942,33.664727887598616,6.215368346989034,3.4328468832474512,1.6754786253672411,4.8316975,0.03999900817871094,28.792958306360937,normal,2,4,0.8399999141693115,0.0,0.16938947408179875,28769.073904056986,568.6100724128273,50.59543481420142,0.8399999141693115,0.9627306993829512,0.03999900817871094,6085.71043876135,60.674679032607656,76.8865569964181,0.3686868686868687,1.2501077485130292,0.26659441779066995,112.32846196172545,344.59478329870564,111.68682715239615,0.32597261212275225,2403297f-866d-495e-a41b-b29966866b69,Non-Event,Non-Event,condition_like,0.8168961038961039,ML_Ensemble(RF),Dipelajari dari data (Confidence: 82%),False,1.0,0.29780543261791537,low
398,1776417595.967,-6.9657733,109.4859017,67.36059,-37.6145529369017,6.868868573875891,-3.8356169473675217,2.9698484724077256,4.8316975,0.055001258850097656,35.3155194134129,normal,1,2,0.0,0.0,0.06874356825047874,26432.11222849754,503.69262058551504,52.47667147732874,0.1,0.0,0.055001258850097656,7062.942224764228,58.330419136013745,22.545492734775184,0.3350253807106599,0.5046863722615207,-0.35570301389922,119.57171194484566,272.64540470605255,111.47550393461682,0.4385612573782359,2403297f-866d-495e-a41b-b29966866b69,Non-Event,Non-Event,condition_like,0.761918878223226,ML_Ensemble(RF),Dipelajari dari data (Confidence: 76%),True,1.0,0.3783255687570918,medium
399,1776417608.1569998,-6.965757,109.4858782,87.67932,-35.18580148168757,8.940802414687994,-3.5879532237499627,2.07180416870267,2.1340613,0.025000572204589844,37.3427191822097,normal,1,5,0.0,0.0,0.30094260275971485,35243.73396927737,818.5712307505034,43.05518274067502,0.1,0.0,0.025000572204589844,7468.372898951882,69.52016854246293,148.1389274336422,0.3282828282828283,1.4982011072991996,0.19027755768552432,158.99834317100363,504.61912775116195,154.95375982833787,0.31508584219645974,2403297f-866d-495e-a41b-b29966866b69,Non-Event,Non-Event,condition_like,0.7299275362318842,ML_Ensemble(RF),Dipelajari dari data (Confidence: 73%),True,1.0,0.32385097200959656,medium
400,1776417628.38375,-6.9673139,109.4849616,102.820854,-42.03977861771671,10.484809185603646,-4.286864384648857,6.024900254425898,7.6021647,0.05000114440917969,60.92021691185778,candidate,1,3,0.0,0.0,0.09410858280326906,73645.90053020995,2340.2429585058726,31.469339638889384,0.1,0.0,0.05000114440917969,12183.764518132402,81.46416418204953,66.71720067369688,0.39097744360902253,0.37374382618631197,-0.0077716953954534655,250.74739662781556,1974.1973254990698,115.29823637898724,0.127012327117511,2403297f-866d-495e-a41b-b29966866b69,Non-Event,Normal,condition_like,0.92,R6,amplitudo rendah + tidak ada struktur event → Non-Event,False,1.0,0.5195678804490856,medium
401,1776417629.7745,-6.9681225,109.484541,82.58653,58.164546108338456,8.421482361458805,5.931133068717498,2.455487203883885,8.9760275,0.11000251770019531,76.56894435672706,candidate,2,4,0.6410000324249268,0.0,0.17723065071187413,74796.8738164712,1413.5596529668444,52.91384315233546,0.6410000324249268,0.9652087977543945,0.11000251770019531,15313.438374556445,111.05809758062189,17.059324825413782,0.379746835443038,2.401635766452813,0.9757750706875644,320.63519834152083,875.0086618152194,217.9157928101042,0.36643659882168644,2403297f-866d-495e-a41b-b29966866b69,Non-Event,Non-Event,condition_like,0.41,ML_Ensemble(RF)_LOW_CONF,"ML ragu-ragu (Conf: 41%), pakai tebakan terbaik ML",True,1.0,0.5539017384748857,medium
402,1776417632.907,-6.9681225,109.484541,65.17372,31.738354290578826,6.645869894408387,3.2364114443340823,2.2751724803091853,8.9760275,0.005000114440917969,30.191919807068004,normal,1,4,0.0,0.0,0.09917926157244991,35309.116089892195,958.2438461129624,36.847735778604786,0.1,0.0,0.005000114440917969,6038.245756936132,60.72974167988729,51.93513130107947,0.3583959899749373,0.030262558688678443,-0.033141951599137305,165.1319725852368,665.4543562538814,127.65751727384425,0.24814920931118997,2403297f-866d-495e-a41b-b29966866b69,Non-Event,Non-Event,condition_like,0.8536666666666668,ML_Ensemble(RF),Dipelajari dari data (Confidence: 85%),False,1.0,0.2974911212501091,low
403,1776417641.1145,-6.9686984,109.4842102,92.61151,-93.80020871497027,9.443745825536753,-9.564959360736875,4.592431864681692,9.043384,0.20000457763671875,100.67093207402321,high_conf,2,4,0.2109999656677246,0.0,0.2896602499039196,83077.71415611506,1826.150221560677,45.49336255569449,0.2109999656677246,0.9490411787050507,0.20000457763671875,20133.725590396905,153.38648013392555,8.452342633676556,0.3475,6.1486157425642975,-0.08475826996936522,314.28593429574613,1368.2517671044707,143.61252016045998,0.22969890602162138,2403297f-866d-495e-a41b-b29966866b69,Speed Bump,Speed Bump,event,0.9,R3,multi-peak terstruktur + durasi lebih panjang + shape relatif simetris,False,1.0,0.8180814054788104,high
404,1776417650.5175,-6.9691931,109.4839123,105.117935,-41.11844120573103,10.719046259426003,-4.1929141149863645,5.894652530577185,5.788573,0.12500286102294922,30.411834599506747,candidate,2,6,0.5280001163482666,0.0,0.08245510737630839,26686.843681947426,811.9014834838496,32.86955892057897,0.5280001163482666,0.886524870594812,0.12500286102294922,6082.227708756893,68.65997931194738,25.887911314987928,0.3224181360201511,2.692490560079852,-1.0329689114802212,179.18044776884625,492.6488991296774,140.07213658532606,0.3637082062330425,2403297f-866d-495e-a41b-b29966866b69,Non-Event,Non-Event,condition_like,0.5518322981366459,ML_Ensemble(RF)_LOW_CONF,"ML ragu-ragu (Conf: 55%), pakai tebakan terbaik ML",True,1.0,0.5132259026114001,medium
405,1776417654.076,-6.9691931,109.4839123,46.112015,-30.198684185567856,4.702116930858143,-3.079408787462371,2.5323269282235756,5.788573,0.10500240325927734,43.928195362070966,normal,2,3,0.18400001525878906,0.0,0.09660756899812557,27982.120498686018,690.1783850105986,40.54331614241005,0.18400001525878906,0.8578355469347637,0.10500240325927734,8785.437989696535,54.957106495939954,28.264340128527834,0.37373737373737376,0.3916685074690509,-0.3419883228007229,154.10668336256384,418.96489093248397,117.10681071555088,0.36782720063188035,2403297f-866d-495e-a41b-b29966866b69,Non-Event,Non-Event,condition_like,0.7044989648033126,ML_Ensemble(RF),Dipelajari dari data (Confidence: 70%),True,1.0,0.2994328687235117,low
406,1776417657.7645001,-6.9691931,109.4839123,63.528908,35.71084620043638,6.4781457480383215,3.6414928849746224,3.3241487470713835,5.788573,0.10000228881835938,37.328592559722225,normal,3,5,0.37199997901916504,0.08899998664855957,0.18951043458596326,33323.428491469465,957.0518500031516,34.818832915417175,0.7439999580383301,0.7969010352493513,0.10000228881835938,7465.547639119453,67.96422383491587,7.875510905472192,0.3602015113350126,1.1068299463087783,0.3432250005997485,181.96895120001403,650.9025031087857,124.18039569435177,0.2795640668938054,2403297f-866d-495e-a41b-b29966866b69,Non-Event,Non-Event,condition_like,0.7396666666666667,ML_Ensemble(RF),Dipelajari dari data (Confidence: 74%),True,1.0,0.37603948954480576,medium
407,1776417662.3109999,-6.9696626,109.4836737,59.678154,38.11606409528362,6.08547811943936,3.8867568532866597,1.819833470317408,5.5677423,0.06999826431274414,52.33251795474921,normal,4,4,0.334333340326945,0.10438495752655688,0.08326510437126286,48882.61951070141,1353.284875055177,36.121455560187854,1.003000020980835,0.9080773457175628,0.06999826431274414,10466.763119912088,71.37594813353147,28.315618377043997,0.3224181360201511,0.15277036389048826,0.0954474089239798,244.95191952247728,877.4927192667287,230.8402362659708,0.27914980245992244,2403297f-866d-495e-a41b-b29966866b69,Pothole,Pothole,event,0.48,ML_Ensemble(RF)_LOW_CONF,"ML ragu-ragu (Conf: 48%), pakai tebakan terbaik ML",True,1.0,0.34571910229650216,medium
408,1776417678.302,-6.9701879,109.4833828,41.84878,-33.42569808821066,4.267387945934646,-3.408472627065375,1.3302943086611512,7.6007867,0.03499913215637207,30.3205347438775,normal,2,2,0.3510000705718994,0.0,0.015471431098538114,31277.038488230082,409.435952152127,76.39055204467844,0.3510000705718994,0.8112093320267422,0.03499913215637207,6064.25731526319,57.31732093641273,43.87236032964038,0.42317380352644834,-0.019392206321389605,-0.24273215683666738,85.55005078264372,262.14786656173453,61.738034807748775,0.32634273007197784,2403297f-866d-495e-a41b-b29966866b69,Non-Event,Non-Event,condition_like,0.8547760210803689,ML_Ensemble(RF),Dipelajari dari data (Confidence: 85%),False,1.0,0.28373061496965,low
409,1776417724.718,-6.9719433,109.4828897,53.75992,33.7149435683707,5.4819862032396385,3.437967457630353,0.655676315556121,2.5360343,0.030000686645507812,32.08762381270713,normal,2,5,0.2929999828338623,0.0,0.4286816098677198,32708.645430441073,909.8780698861515,35.94838306036473,0.2929999828338623,0.9753902781043545,0.030000686645507812,6417.377880418308,60.267233822847004,46.53822551827598,0.33080808080808083,0.7265857038829204,0.10250732475427804,82.84661659878631,738.7938399591951,88.2376133281701,0.112137665483546,2403297f-866d-495e-a41b-b29966866b69,Non-Event,Non-Event,condition_like,0.6403809523809523,ML_Ensemble(RF)_LOW_CONF,"ML ragu-ragu (Conf: 64%), pakai tebakan terbaik ML",True,1.0,0.2635229998703489,low
410,1776417728.5456002,-6.9719433,109.4828897,96.7101,-52.95493244787468,9.861685692871674,-5.399900317424879,9.033481522551604,2.5360343,0.030000686645507812,37.00473895683905,high_conf,1,6,0.0,0.0,0.26769758307398317,62150.62872832756,1712.4611418988907,36.293161445472364,0.1,0.0,0.030000686645507812,7400.778400993032,90.066377209878,13.215541956805284,0.2972292191435768,0.966364998226362,-0.45020710480451825,284.3885027218205,1207.2772117265545,220.79542745051558,0.2355618906113105,2403297f-866d-495e-a41b-b29966866b69,Non-Event,Crack,condition_like,0.76,R4,spike kecil/rapat + durasi sangat singkat → Non-Event,True,1.0,0.6182410800666521,high
411,1776417730.6045,-6.9722923,109.4825775,88.874725,-41.61967202507543,9.06269980064548,-4.244025434279334,3.2388923429980268,2.7314875,0.05000114440917969,35.634576436046316,normal,2,4,0.7340002059936523,0.0,0.3580893554584691,47857.315809816515,1324.1950554235077,36.14068454467228,0.7340002059936523,0.8439691219653693,0.05000114440917969,8059.334417649283,72.11336492941945,25.90177666848988,0.3308270676691729,0.8126772058676037,-0.1846899144107354,320.7923394989502,749.4334205546401,253.96929536991743,0.4280464818789266,2403297f-866d-495e-a41b-b29966866b69,Pothole,Pothole,event,0.5042028985507246,ML_Ensemble(RF)_LOW_CONF,"ML ragu-ragu (Conf: 50%), pakai tebakan terbaik ML",True,1.0,0.42367545301576276,medium
412,1776417734.223,-6.9722923,109.4825775,90.61886,30.613425993673687,9.240552074357707,3.1217006820549003,3.1892790243985787,2.7314875,0.11500263214111328,37.458893502133904,normal,4,4,0.38499999046325684,0.1894747349513549,0.1400729042011636,26226.360752259774,774.6879233870162,33.85409779429799,1.1549999713897705,0.8408797469486476,0.11500263214111328,7491.6072311450625,59.89141700223459,11.71514379371092,0.34,1.85765929143923,0.2486257439206455,160.94598097487972,415.1010892428684,198.6408531692681,0.3877271940690713,2403297f-866d-495e-a41b-b29966866b69,Non-Event,Non-Event,condition_like,0.7070476190476189,ML_Ensemble(RF),Dipelajari dari data (Confidence: 71%),True,1.0,0.3258875596088105,medium
413,1776417737.9470003,-6.9722923,109.4825775,90.315865,49.013213112751124,9.209655182962582,4.997956806121471,4.937706078262207,2.7314875,0.0,35.29383530927261,candidate,0,4,0.0,0.0,0.3828282583558029,51566.81007649301,2046.7787576566666,25.19412997540444,0.0,0.0,0.0,7058.9420920806515,62.03727748534504,25.69018526881441,0.3308270676691729,-0.13066144800069557,-0.003987288506753673,330.79543024048706,1447.3312913763752,268.65203603980456,0.22855543301171466,2403297f-866d-495e-a41b-b29966866b69,Non-Event,Normal,condition_like,0.92,R6,amplitudo rendah + tidak ada struktur event → Non-Event,False,1.0,0.5444063151596727,medium
414,1776417741.048,-6.9725141,109.483431,61.32305,32.42971691512539,6.253210831425615,3.3069108120637924,1.8039198038576993,5.6653986,0.009999752044677734,29.089328069868465,normal,2,4,0.7039999961853027,0.0,0.17837649568257385,29211.714861143562,752.9722653784431,38.79520689605556,0.7039999961853027,0.9727381007495963,0.009999752044677734,5818.009874625033,59.15121320974691,4.595650722422455,0.3924050632911392,1.1055866636011498,0.5761781784480122,146.49654097316667,479.9915410755852,126.48418332969132,0.3052065049723263,2403297f-866d-495e-a41b-b29966866b69,Non-Event,Non-Event,condition_like,0.7915714285714286,ML_Ensemble(RF),Dipelajari dari data (Confidence: 79%),True,1.0,0.2885026146176821,low
415,1776417744.5945,-6.9725141,109.483431,61.74528,34.18897386090332,6.296266309086182,3.486305095104171,3.1093873292469127,5.6653986,0.20499491691589355,19.00598809814317,normal,3,5,0.778499960899353,0.5984998941421509,0.30561443882373446,26279.261968393086,648.0845387919067,40.549126471727114,1.556999921798706,0.6748919623599255,0.20499491691589355,9230.094568426213,68.09473085819971,17.003620812672995,0.35353535353535354,2.658605724845505,-0.057334985849932615,147.2720898537335,374.91265672339506,125.8997922147782,0.39281706504128927,2403297f-866d-495e-a41b-b29966866b69,Non-Event,Non-Event,condition_like,0.747047619047619,ML_Ensemble(RF),Dipelajari dari data (Confidence: 75%),True,1.0,0.3627883216362978,medium
416,1776417749.2616665,-6.9725141,109.483431,70.96453,-32.364445964295655,7.236368178735858,-3.300255027384036,4.6585701944342635,5.6653986,0.07500171661376953,18.30090777126321,candidate,2,3,0.19300007820129395,0.0,0.2639404082853761,27841.62590688969,962.649222877259,28.921880594005017,0.19300007820129395,0.924447478423772,0.07500171661376953,9071.192995751748,64.19372968552237,10.388980602240727,0.3265822784810127,1.5826272746495995,0.07337560445096815,234.23395185387147,515.6364353851238,212.7788356382635,0.45426183125454,2403297f-866d-495e-a41b-b29966866b69,Non-Event,Non-Event,condition_like,0.7196666666666667,ML_Ensemble(RF),Dipelajari dari data (Confidence: 72%),True,1.0,0.38793375435840477,medium
417,1776417753.474,-6.9726167,109.4839428,42.146477,-31.095321416001205,4.297744591680136,-3.170840339565622,2.2049019182054903,5.696789,0.030000686645507812,34.73863334945634,normal,1,1,0.0,0.0,0.0311275807552941,32482.61894265949,1187.831555074771,27.34614918802072,0.1,0.0,0.030000686645507812,6947.567652687304,60.81400042881599,8.883484255145735,0.3569620253164557,0.84361426952937,-0.19468583359881453,260.97358711232187,554.4241971375881,372.4337708248611,0.47071103315652474,2403297f-866d-495e-a41b-b29966866b69,Non-Event,Normal,condition_like,0.92,R6,amplitudo rendah + tidak ada struktur event → Non-Event,False,1.0,0.29112241266616873,low
418,1776417757.6039996,-6.9726167,109.4839428,116.55736,-60.80913759981283,11.885542973390507,-6.2008063507734885,4.678065184197819,5.696789,0.12500286102294922,49.09926290596202,candidate,4,5,0.5329999923706055,0.5098960345606324,0.12372372378121828,42839.84146132966,1217.2078718685796,35.19517283466916,1.5989999771118164,0.9700380664509287,0.12500286102294922,9819.627827747861,83.93513501670026,6.158715583755785,0.37844611528822053,2.2170911129172124,0.4899971793811313,332.69410507997804,604.6007000020845,279.91306678651694,0.5502707895120866,2403297f-866d-495e-a41b-b29966866b69,Speed Bump,Speed Bump,event,0.9,R3,multi-peak terstruktur + durasi lebih panjang + shape relatif simetris,False,1.0,0.6533832922862626,high
419,1776417776.8287501,-6.9728204,109.484913,112.98434,-36.60918531424888,11.521196331061066,-3.7330979808853058,9.036497363393572,6.203417,0.014999628067016602,30.643153662344815,high_conf,1,4,0.0,0.0,0.13632538037138434,47724.235570149205,1601.5156184963473,29.799419368234297,0.1,0.0,0.014999628067016602,7526.516006625055,70.74624953473806,4.995552209784483,0.33585858585858586,0.09733749950940718,0.2956486496983897,295.5471147840685,1135.5709084160726,170.39759529620633,0.2602630204185516,2403297f-866d-495e-a41b-b29966866b69,Non-Event,Normal,condition_like,0.92,R6,amplitudo rendah + tidak ada struktur event → Non-Event,False,1.0,0.4671037903847038,medium
420,1776417782.09,-6.972912,109.4854012,95.74356,-34.79422484026364,9.763126042022506,-3.54802351876162,6.665190371856888,4.6272063,0.025000572204589844,27.664544962307033,candidate,1,4,0.0,0.0,0.029777568563489207,35397.04898702502,960.0369313735558,36.870507574652166,0.1,0.0,0.025000572204589844,7181.169848450308,68.12130813273512,6.1447342900689925,0.3123425692695214,0.8900615399728382,-0.2993217312409552,142.63056171511445,693.357880081243,124.04848957719821,0.20570987307837632,2403297f-866d-495e-a41b-b29966866b69,Non-Event,Normal,condition_like,0.92,R6,amplitudo rendah + tidak ada struktur event → Non-Event,False,1.0,0.45119715960389006,medium
421,1776417788.057,-6.972912,109.4854012,43.377922,-29.439052499863777,4.423317034869196,-3.0019479128819504,1.6334961684761493,4.6272063,0.01999950408935547,28.40141650443394,normal,2,6,0.36700010299682617,0.0,0.16393712349093145,28501.13142631902,1157.2945041357757,24.62737989322365,0.36700010299682617,0.9559652016639218,0.01999950408935547,5680.42415002686,58.65232708629814,10.084840514066505,0.3743718592964824,0.9408797525868065,0.12212870860175992,191.81979185021734,866.639201911164,98.83551037439426,0.22133754301197944,2403297f-866d-495e-a41b-b29966866b69,Non-Event,Non-Event,condition_like,0.5513333333333333,ML_Ensemble(RF)_LOW_CONF,"ML ragu-ragu (Conf: 55%), pakai tebakan terbaik ML",True,1.0,0.2561251472486155,low
422,1776417791.2665,-6.9729236,109.4854372,95.07666,-35.70485526022666,9.695121167779009,-3.640881979088339,3.71475599764389,2.6045024,0.030000686645507812,29.36279788246737,normal,2,4,0.6999998092651367,0.0,0.08633066529763762,41072.982824949744,1436.9878413345423,28.582693335959082,0.6999998092651367,0.8685007912150867,0.030000686645507812,6179.660435832157,65.23869174790269,27.684051511554777,0.3316582914572864,0.42674847039039054,-0.23070827206585998,189.95709339935968,1010.0721437853668,236.95860414981547,0.18806289667529066,2403297f-866d-495e-a41b-b29966866b69,Non-Event,Non-Event,condition_like,0.46292753623188404,ML_Ensemble(RF)_LOW_CONF,"ML ragu-ragu (Conf: 46%), pakai tebakan terbaik ML",True,1.0,0.3837546295378266,medium
423,1776417797.166,-6.9729236,109.4854372,87.280815,-37.409905555849086,8.900166213742716,-3.814748722127239,1.5215412334722482,2.6045024,0.025000572204589844,36.96194095919788,normal,2,3,0.24099993705749512,0.0,0.457869595061817,37245.339753439745,820.869018149142,45.37306060356106,0.24099993705749512,0.9107845688401683,0.025000572204589844,7392.218997374,64.35516527128279,54.071035930067,0.33753148614609574,0.6425682517441151,-0.4231952949579458,189.75348457213957,479.3439260932504,151.77160748375195,0.3958608294524724,2403297f-866d-495e-a41b-b29966866b69,Pothole,Pothole,event,0.4432505175983437,ML_Ensemble(RF)_LOW_CONF,"ML ragu-ragu (Conf: 44%), pakai tebakan terbaik ML",True,1.0,0.32592046902253735,medium
424,1776417874.3070002,-6.9750922,109.4946936,120.33754,40.98907884912998,12.271014056787998,4.179722825748852,6.765840335510808,10.956158,0.03499913215637207,29.065264110319006,candidate,1,5,0.0,0.0,0.38929272940102355,44467.047392566725,1684.9914778564043,26.39007256152197,0.1,0.0,0.03499913215637207,6848.619323496158,78.71135976778896,26.31409199797285,0.34673366834170855,1.0657848186746852,0.08806446779091338,249.2648105756282,1285.0398484556572,150.68681882511896,0.19397438194715652,2403297f-866d-495e-a41b-b29966866b69,Non-Event,Normal,condition_like,0.92,R6,amplitudo rendah + tidak ada struktur event → Non-Event,False,1.0,0.5087999892291246,medium
425,1776417904.9185,-6.9758667,109.4969017,86.992455,-34.99006929983491,8.870761677025286,-3.5679940958262923,1.6538492912369616,7.1659627,0.04500102996826172,33.11987405563334,normal,2,2,0.3789999485015869,0.0,0.21887903152598454,37414.7193584912,761.8494266324085,49.11038586031958,0.3789999485015869,0.9075814956416146,0.04500102996826172,6623.823203845086,69.91612329092081,184.86089691406264,0.3609022556390977,0.04094175160302882,-0.31620912181871447,85.35617657289195,591.6605424066724,84.83270765284385,0.14426545343285324,2403297f-866d-495e-a41b-b29966866b69,Non-Event,Non-Event,condition_like,0.6756418219461696,ML_Ensemble(RF),Dipelajari dari data (Confidence: 68%),True,1.0,0.30962285557988467,medium
426,1776417908.2413332,-6.9758667,109.4969017,95.44014,44.17740004601645,9.732185812688328,4.504841107413485,3.6958052569137423,7.165962699999999,0.25000572204589844,40.78416742743714,normal,2,3,0.20200014114379883,0.0,0.07712346362068095,46112.555006440365,1699.4016348539722,27.134583157717266,0.20200014114379883,0.8483322986157106,0.25000572204589844,8156.646794658083,83.91498828743632,21.411030850103042,0.31909547738693467,2.7073337768340453,-0.15031758291238045,184.28959733550312,1421.1247656698317,93.9872718486374,0.12967868948435468,2403297f-866d-495e-a41b-b29966866b69,Non-Event,Non-Event,condition_like,0.41133333333333333,ML_Ensemble(RF)_LOW_CONF,"ML ragu-ragu (Conf: 41%), pakai tebakan terbaik ML",True,1.0,0.4773796373844475,medium
427,1776417966.641,-6.9823504,109.4954373,92.431114,-38.95585031817405,9.425350552941117,-3.9723912159783468,2.6846400629611877,13.107293,0.0800018310546875,45.52043413435388,normal,1,4,0.0,0.0,0.183497440754825,34441.70221283301,1513.0508843729315,22.763082554453508,0.1,0.0,0.0800018310546875,9103.878455629269,72.99748957326577,34.5882904427365,0.39141414141414144,1.66259575064272,-0.08688190331193768,252.5960589862793,1113.1050124832052,147.34981290344712,0.22692922583812486,2403297f-866d-495e-a41b-b29966866b69,Non-Event,Normal,condition_like,0.92,R6,amplitudo rendah + tidak ada struktur event → Non-Event,False,1.0,0.383003348865859,medium
428,1776417997.9086666,-6.9862248,109.4942418,102.04109,-56.42807713202571,10.405295386293995,-5.75406251186957,7.747629844744296,15.408623,0.16499590873718262,28.88956320936196,candidate,2,5,0.31100010871887207,0.0,0.43983033504824287,53134.08533363421,2537.162278131573,20.942328273862362,0.31100010871887207,0.8004640158185297,0.16499590873718262,8718.76008129594,100.32811711159022,21.66406835229421,0.3189873417721519,2.2308818931820085,-0.37518072157225346,242.15681468182942,2171.125141360988,123.88032208875572,0.11153517130684426,2403297f-866d-495e-a41b-b29966866b69,Non-Event,Non-Event,condition_like,0.39826086956521733,ML_Ensemble(RF)_LOW_CONF,"ML ragu-ragu (Conf: 40%), pakai tebakan terbaik ML",True,1.0,0.6602403192235501,high
429,1776418025.71,-6.989674,109.4935078,65.453964,31.190657534633104,6.674446829447365,3.1805619181507554,4.561041675805813,12.624327,0.03499913215637207,30.03298161827924,candidate,1,3,0.0,0.0,0.2451878570170596,19366.368669051713,743.8732422262044,26.034500965593402,0.1,0.0,0.03499913215637207,6006.745264101621,55.27778957811176,11.836449298008636,0.3994910941475827,1.209101256979893,0.017640825453017657,122.26847398131935,541.1843103015757,80.42045794330929,0.22592760253388994,2403297f-866d-495e-a41b-b29966866b69,Non-Event,Non-Event,condition_like,0.9036666666666667,ML_Ensemble(RF),Dipelajari dari data (Confidence: 90%),False,1.0,0.37091023007215634,medium
430,1776418233.318,-7.0123628,109.4939757,82.01978,-29.492688143356677,8.363689945088282,-3.007417226408272,6.680309635238194,12.930758,0.23999404907226562,24.974996432719173,candidate,2,2,0.19899988174438477,0.0,0.1420165491480866,13172.584474373205,455.135303227398,28.94212853194052,0.19899988174438477,0.6896670347604855,0.23999404907226562,4995.123143280709,46.87152881806131,6.726758710489365,0.35858585858585856,2.56739059297189,-0.7608093703465204,82.68194640833714,342.2582894700756,30.19506734898528,0.24157762926583132,2403297f-866d-495e-a41b-b29966866b69,Non-Event,Non-Event,condition_like,0.8219913419913419,ML_Ensemble(RF),Dipelajari dari data (Confidence: 82%),False,1.0,0.41866710405716445,medium
431,1776418280.2175002,-7.0134472,109.4981533,108.134514,-45.37198004191619,11.026651710828876,-4.626654366365292,4.873713118496641,2.950409,0.1450033187866211,38.73368611802957,candidate,2,4,0.22099995613098145,0.0,0.3948223197440608,47331.34704717697,1271.6561751886816,37.22023919156761,0.22099995613098145,0.9170582098251885,0.1450033187866211,7746.559918920269,83.96305698754898,36.939010284326095,0.32663316582914576,1.7289161960190018,-0.38511573406542676,169.8832051325915,967.3896407983098,134.38332925778042,0.17560990710712027,2403297f-866d-495e-a41b-b29966866b69,Pothole,Pothole,event,0.4242028985507246,ML_Ensemble(RF)_LOW_CONF,"ML ragu-ragu (Conf: 42%), pakai tebakan terbaik ML",True,1.0,0.519731245831761,medium
